Copyright 1986-2022 Xilinx, Inc. All Rights Reserved.
---------------------------------------------------------------------------------------------------------------------------------------------------------------------------------------------------------------------------
| Tool Version : Vivado v.2022.2 (win64) Build 3671981 Fri Oct 14 05:00:03 MDT 2022
| Date         : Fri Sep 29 11:22:16 2023
| Host         : LAPTOP-GBNTDCHP running 64-bit major release  (build 9200)
| Command      : report_timing_summary -max_paths 10 -report_unconstrained -file Top_Design_timing_summary_routed.rpt -pb Top_Design_timing_summary_routed.pb -rpx Top_Design_timing_summary_routed.rpx -warn_on_violation
| Design       : Top_Design
| Device       : 7a35t-ftg256
| Speed File   : -1  PRODUCTION 1.23 2018-06-13
---------------------------------------------------------------------------------------------------------------------------------------------------------------------------------------------------------------------------

Timing Summary Report

------------------------------------------------------------------------------------------------
| Timer Settings
| --------------
------------------------------------------------------------------------------------------------

  Enable Multi Corner Analysis               :  Yes
  Enable Pessimism Removal                   :  Yes
  Pessimism Removal Resolution               :  Nearest Common Node
  Enable Input Delay Default Clock           :  No
  Enable Preset / Clear Arcs                 :  No
  Disable Flight Delays                      :  No
  Ignore I/O Paths                           :  No
  Timing Early Launch at Borrowing Latches   :  No
  Borrow Time for Max Delay Exceptions       :  Yes
  Merge Timing Exceptions                    :  Yes

  Corner  Analyze    Analyze    
  Name    Max Paths  Min Paths  
  ------  ---------  ---------  
  Slow    Yes        Yes        
  Fast    Yes        Yes        


------------------------------------------------------------------------------------------------
| Report Methodology
| ------------------
------------------------------------------------------------------------------------------------

Rule       Severity  Description                    Violations  
---------  --------  -----------------------------  ----------  
TIMING-18  Warning   Missing input or output delay  11          

Note: This report is based on the most recent report_methodology run and may not be up-to-date. Run report_methodology on the current design for the latest report.



check_timing report

Table of Contents
-----------------
1. checking no_clock (0)
2. checking constant_clock (0)
3. checking pulse_width_clock (0)
4. checking unconstrained_internal_endpoints (0)
5. checking no_input_delay (0)
6. checking no_output_delay (11)
7. checking multiple_clock (0)
8. checking generated_clocks (0)
9. checking loops (0)
10. checking partial_input_delay (0)
11. checking partial_output_delay (0)
12. checking latch_loops (0)

1. checking no_clock (0)
------------------------
 There are 0 register/latch pins with no clock.


2. checking constant_clock (0)
------------------------------
 There are 0 register/latch pins with constant_clock.


3. checking pulse_width_clock (0)
---------------------------------
 There are 0 register/latch pins which need pulse_width check


4. checking unconstrained_internal_endpoints (0)
------------------------------------------------
 There are 0 pins that are not constrained for maximum delay.

 There are 0 pins that are not constrained for maximum delay due to constant clock.


5. checking no_input_delay (0)
------------------------------
 There are 0 input ports with no input delay specified.

 There are 0 input ports with no input delay but user has a false path constraint.


6. checking no_output_delay (11)
--------------------------------
 There are 11 ports with no output delay specified. (HIGH)

 There are 0 ports with no output delay but user has a false path constraint

 There are 0 ports with no output delay but with a timing clock defined on it or propagating through it


7. checking multiple_clock (0)
------------------------------
 There are 0 register/latch pins with multiple clocks.


8. checking generated_clocks (0)
--------------------------------
 There are 0 generated clocks that are not connected to a clock source.


9. checking loops (0)
---------------------
 There are 0 combinational loops in the design.


10. checking partial_input_delay (0)
------------------------------------
 There are 0 input ports with partial input delay specified.


11. checking partial_output_delay (0)
-------------------------------------
 There are 0 ports with partial output delay specified.


12. checking latch_loops (0)
----------------------------
 There are 0 combinational latch loops in the design through latch input



------------------------------------------------------------------------------------------------
| Design Timing Summary
| ---------------------
------------------------------------------------------------------------------------------------

    WNS(ns)      TNS(ns)  TNS Failing Endpoints  TNS Total Endpoints      WHS(ns)      THS(ns)  THS Failing Endpoints  THS Total Endpoints     WPWS(ns)     TPWS(ns)  TPWS Failing Endpoints  TPWS Total Endpoints  
    -------      -------  ---------------------  -------------------      -------      -------  ---------------------  -------------------     --------     --------  ----------------------  --------------------  
     17.648        0.000                      0                   16        0.308        0.000                      0                   16        9.500        0.000                       0                    17  


All user specified timing constraints are met.


------------------------------------------------------------------------------------------------
| Clock Summary
| -------------
------------------------------------------------------------------------------------------------

Clock    Waveform(ns)       Period(ns)      Frequency(MHz)
-----    ------------       ----------      --------------
sys_clk  {0.000 10.000}     20.000          50.000          


------------------------------------------------------------------------------------------------
| Intra Clock Table
| -----------------
------------------------------------------------------------------------------------------------

Clock             WNS(ns)      TNS(ns)  TNS Failing Endpoints  TNS Total Endpoints      WHS(ns)      THS(ns)  THS Failing Endpoints  THS Total Endpoints     WPWS(ns)     TPWS(ns)  TPWS Failing Endpoints  TPWS Total Endpoints  
-----             -------      -------  ---------------------  -------------------      -------      -------  ---------------------  -------------------     --------     --------  ----------------------  --------------------  
sys_clk            17.648        0.000                      0                   16        0.308        0.000                      0                   16        9.500        0.000                       0                    17  


------------------------------------------------------------------------------------------------
| Inter Clock Table
| -----------------
------------------------------------------------------------------------------------------------

From Clock    To Clock          WNS(ns)      TNS(ns)  TNS Failing Endpoints  TNS Total Endpoints      WHS(ns)      THS(ns)  THS Failing Endpoints  THS Total Endpoints  
----------    --------          -------      -------  ---------------------  -------------------      -------      -------  ---------------------  -------------------  


------------------------------------------------------------------------------------------------
| Other Path Groups Table
| -----------------------
------------------------------------------------------------------------------------------------

Path Group    From Clock    To Clock          WNS(ns)      TNS(ns)  TNS Failing Endpoints  TNS Total Endpoints      WHS(ns)      THS(ns)  THS Failing Endpoints  THS Total Endpoints  
----------    ----------    --------          -------      -------  ---------------------  -------------------      -------      -------  ---------------------  -------------------  


------------------------------------------------------------------------------------------------
| User Ignored Path Table
| -----------------------
------------------------------------------------------------------------------------------------

Path Group    From Clock    To Clock    
----------    ----------    --------    


------------------------------------------------------------------------------------------------
| Unconstrained Path Table
| ------------------------
------------------------------------------------------------------------------------------------

Path Group    From Clock    To Clock    
----------    ----------    --------    
(none)                                    
(none)        sys_clk                     


------------------------------------------------------------------------------------------------
| Timing Details
| --------------
------------------------------------------------------------------------------------------------


---------------------------------------------------------------------------------------------------
From Clock:  sys_clk
  To Clock:  sys_clk

Setup :            0  Failing Endpoints,  Worst Slack       17.648ns,  Total Violation        0.000ns
Hold  :            0  Failing Endpoints,  Worst Slack        0.308ns,  Total Violation        0.000ns
PW    :            0  Failing Endpoints,  Worst Slack        9.500ns,  Total Violation        0.000ns
---------------------------------------------------------------------------------------------------


Max Delay Paths
--------------------------------------------------------------------------------------
Slack (MET) :             17.648ns  (required time - arrival time)
  Source:                 MUX/COUNTER/cnt_reg[2]/C
                            (rising edge-triggered cell FDRE clocked by sys_clk  {rise@0.000ns fall@10.000ns period=20.000ns})
  Destination:            MUX/COUNTER/cnt_reg[13]/D
                            (rising edge-triggered cell FDRE clocked by sys_clk  {rise@0.000ns fall@10.000ns period=20.000ns})
  Path Group:             sys_clk
  Path Type:              Setup (Max at Slow Process Corner)
  Requirement:            20.000ns  (sys_clk rise@20.000ns - sys_clk rise@0.000ns)
  Data Path Delay:        2.398ns  (logic 1.579ns (65.834%)  route 0.819ns (34.166%))
  Logic Levels:           4  (CARRY4=4)
  Clock Path Skew:        -0.027ns (DCD - SCD + CPR)
    Destination Clock Delay (DCD):    4.914ns = ( 24.914 - 20.000 ) 
    Source Clock Delay      (SCD):    5.212ns
    Clock Pessimism Removal (CPR):    0.272ns
  Clock Uncertainty:      0.035ns  ((TSJ^2 + TIJ^2)^1/2 + DJ) / 2 + PE
    Total System Jitter     (TSJ):    0.071ns
    Total Input Jitter      (TIJ):    0.000ns
    Discrete Jitter          (DJ):    0.000ns
    Phase Error              (PE):    0.000ns

    Location             Delay type                Incr(ns)  Path(ns)    Netlist Resource(s)
  -------------------------------------------------------------------    -------------------
                         (clock sys_clk rise edge)    0.000     0.000 r  
    N11                                               0.000     0.000 r  i_clk (IN)
                         net (fo=0)                   0.000     0.000    i_clk
    N11                  IBUF (Prop_ibuf_I_O)         1.519     1.519 r  i_clk_IBUF_inst/O
                         net (fo=1, routed)           1.972     3.490    i_clk_IBUF
    BUFGCTRL_X0Y0        BUFG (Prop_bufg_I_O)         0.096     3.586 r  i_clk_IBUF_BUFG_inst/O
                         net (fo=16, routed)          1.626     5.212    MUX/COUNTER/i_clk
    SLICE_X64Y56         FDRE                                         r  MUX/COUNTER/cnt_reg[2]/C
  -------------------------------------------------------------------    -------------------
    SLICE_X64Y56         FDRE (Prop_fdre_C_Q)         0.518     5.730 r  MUX/COUNTER/cnt_reg[2]/Q
                         net (fo=1, routed)           0.819     6.550    MUX/COUNTER/cnt_reg_n_0_[2]
    SLICE_X64Y56         CARRY4 (Prop_carry4_S[2]_CO[3])
                                                      0.504     7.054 r  MUX/COUNTER/cnt_reg[0]_i_1/CO[3]
                         net (fo=1, routed)           0.000     7.054    MUX/COUNTER/cnt_reg[0]_i_1_n_0
    SLICE_X64Y57         CARRY4 (Prop_carry4_CI_CO[3])
                                                      0.117     7.171 r  MUX/COUNTER/cnt_reg[4]_i_1/CO[3]
                         net (fo=1, routed)           0.000     7.171    MUX/COUNTER/cnt_reg[4]_i_1_n_0
    SLICE_X64Y58         CARRY4 (Prop_carry4_CI_CO[3])
                                                      0.117     7.288 r  MUX/COUNTER/cnt_reg[8]_i_1/CO[3]
                         net (fo=1, routed)           0.000     7.288    MUX/COUNTER/cnt_reg[8]_i_1_n_0
    SLICE_X64Y59         CARRY4 (Prop_carry4_CI_O[1])
                                                      0.323     7.611 r  MUX/COUNTER/cnt_reg[12]_i_1/O[1]
                         net (fo=1, routed)           0.000     7.611    MUX/COUNTER/cnt_reg[12]_i_1_n_6
    SLICE_X64Y59         FDRE                                         r  MUX/COUNTER/cnt_reg[13]/D
  -------------------------------------------------------------------    -------------------

                         (clock sys_clk rise edge)   20.000    20.000 r  
    N11                                               0.000    20.000 r  i_clk (IN)
                         net (fo=0)                   0.000    20.000    i_clk
    N11                  IBUF (Prop_ibuf_I_O)         1.448    21.448 r  i_clk_IBUF_inst/O
                         net (fo=1, routed)           1.868    23.316    i_clk_IBUF
    BUFGCTRL_X0Y0        BUFG (Prop_bufg_I_O)         0.091    23.407 r  i_clk_IBUF_BUFG_inst/O
                         net (fo=16, routed)          1.507    24.914    MUX/COUNTER/i_clk
    SLICE_X64Y59         FDRE                                         r  MUX/COUNTER/cnt_reg[13]/C
                         clock pessimism              0.272    25.185    
                         clock uncertainty           -0.035    25.150    
    SLICE_X64Y59         FDRE (Setup_fdre_C_D)        0.109    25.259    MUX/COUNTER/cnt_reg[13]
  -------------------------------------------------------------------
                         required time                         25.259    
                         arrival time                          -7.611    
  -------------------------------------------------------------------
                         slack                                 17.648    

Slack (MET) :             17.656ns  (required time - arrival time)
  Source:                 MUX/COUNTER/cnt_reg[2]/C
                            (rising edge-triggered cell FDRE clocked by sys_clk  {rise@0.000ns fall@10.000ns period=20.000ns})
  Destination:            MUX/COUNTER/cnt_reg[15]/D
                            (rising edge-triggered cell FDRE clocked by sys_clk  {rise@0.000ns fall@10.000ns period=20.000ns})
  Path Group:             sys_clk
  Path Type:              Setup (Max at Slow Process Corner)
  Requirement:            20.000ns  (sys_clk rise@20.000ns - sys_clk rise@0.000ns)
  Data Path Delay:        2.390ns  (logic 1.571ns (65.720%)  route 0.819ns (34.280%))
  Logic Levels:           4  (CARRY4=4)
  Clock Path Skew:        -0.027ns (DCD - SCD + CPR)
    Destination Clock Delay (DCD):    4.914ns = ( 24.914 - 20.000 ) 
    Source Clock Delay      (SCD):    5.212ns
    Clock Pessimism Removal (CPR):    0.272ns
  Clock Uncertainty:      0.035ns  ((TSJ^2 + TIJ^2)^1/2 + DJ) / 2 + PE
    Total System Jitter     (TSJ):    0.071ns
    Total Input Jitter      (TIJ):    0.000ns
    Discrete Jitter          (DJ):    0.000ns
    Phase Error              (PE):    0.000ns

    Location             Delay type                Incr(ns)  Path(ns)    Netlist Resource(s)
  -------------------------------------------------------------------    -------------------
                         (clock sys_clk rise edge)    0.000     0.000 r  
    N11                                               0.000     0.000 r  i_clk (IN)
                         net (fo=0)                   0.000     0.000    i_clk
    N11                  IBUF (Prop_ibuf_I_O)         1.519     1.519 r  i_clk_IBUF_inst/O
                         net (fo=1, routed)           1.972     3.490    i_clk_IBUF
    BUFGCTRL_X0Y0        BUFG (Prop_bufg_I_O)         0.096     3.586 r  i_clk_IBUF_BUFG_inst/O
                         net (fo=16, routed)          1.626     5.212    MUX/COUNTER/i_clk
    SLICE_X64Y56         FDRE                                         r  MUX/COUNTER/cnt_reg[2]/C
  -------------------------------------------------------------------    -------------------
    SLICE_X64Y56         FDRE (Prop_fdre_C_Q)         0.518     5.730 r  MUX/COUNTER/cnt_reg[2]/Q
                         net (fo=1, routed)           0.819     6.550    MUX/COUNTER/cnt_reg_n_0_[2]
    SLICE_X64Y56         CARRY4 (Prop_carry4_S[2]_CO[3])
                                                      0.504     7.054 r  MUX/COUNTER/cnt_reg[0]_i_1/CO[3]
                         net (fo=1, routed)           0.000     7.054    MUX/COUNTER/cnt_reg[0]_i_1_n_0
    SLICE_X64Y57         CARRY4 (Prop_carry4_CI_CO[3])
                                                      0.117     7.171 r  MUX/COUNTER/cnt_reg[4]_i_1/CO[3]
                         net (fo=1, routed)           0.000     7.171    MUX/COUNTER/cnt_reg[4]_i_1_n_0
    SLICE_X64Y58         CARRY4 (Prop_carry4_CI_CO[3])
                                                      0.117     7.288 r  MUX/COUNTER/cnt_reg[8]_i_1/CO[3]
                         net (fo=1, routed)           0.000     7.288    MUX/COUNTER/cnt_reg[8]_i_1_n_0
    SLICE_X64Y59         CARRY4 (Prop_carry4_CI_O[3])
                                                      0.315     7.603 r  MUX/COUNTER/cnt_reg[12]_i_1/O[3]
                         net (fo=1, routed)           0.000     7.603    MUX/COUNTER/cnt_reg[12]_i_1_n_4
    SLICE_X64Y59         FDRE                                         r  MUX/COUNTER/cnt_reg[15]/D
  -------------------------------------------------------------------    -------------------

                         (clock sys_clk rise edge)   20.000    20.000 r  
    N11                                               0.000    20.000 r  i_clk (IN)
                         net (fo=0)                   0.000    20.000    i_clk
    N11                  IBUF (Prop_ibuf_I_O)         1.448    21.448 r  i_clk_IBUF_inst/O
                         net (fo=1, routed)           1.868    23.316    i_clk_IBUF
    BUFGCTRL_X0Y0        BUFG (Prop_bufg_I_O)         0.091    23.407 r  i_clk_IBUF_BUFG_inst/O
                         net (fo=16, routed)          1.507    24.914    MUX/COUNTER/i_clk
    SLICE_X64Y59         FDRE                                         r  MUX/COUNTER/cnt_reg[15]/C
                         clock pessimism              0.272    25.185    
                         clock uncertainty           -0.035    25.150    
    SLICE_X64Y59         FDRE (Setup_fdre_C_D)        0.109    25.259    MUX/COUNTER/cnt_reg[15]
  -------------------------------------------------------------------
                         required time                         25.259    
                         arrival time                          -7.603    
  -------------------------------------------------------------------
                         slack                                 17.656    

Slack (MET) :             17.732ns  (required time - arrival time)
  Source:                 MUX/COUNTER/cnt_reg[2]/C
                            (rising edge-triggered cell FDRE clocked by sys_clk  {rise@0.000ns fall@10.000ns period=20.000ns})
  Destination:            MUX/COUNTER/cnt_reg[14]/D
                            (rising edge-triggered cell FDRE clocked by sys_clk  {rise@0.000ns fall@10.000ns period=20.000ns})
  Path Group:             sys_clk
  Path Type:              Setup (Max at Slow Process Corner)
  Requirement:            20.000ns  (sys_clk rise@20.000ns - sys_clk rise@0.000ns)
  Data Path Delay:        2.314ns  (logic 1.495ns (64.594%)  route 0.819ns (35.406%))
  Logic Levels:           4  (CARRY4=4)
  Clock Path Skew:        -0.027ns (DCD - SCD + CPR)
    Destination Clock Delay (DCD):    4.914ns = ( 24.914 - 20.000 ) 
    Source Clock Delay      (SCD):    5.212ns
    Clock Pessimism Removal (CPR):    0.272ns
  Clock Uncertainty:      0.035ns  ((TSJ^2 + TIJ^2)^1/2 + DJ) / 2 + PE
    Total System Jitter     (TSJ):    0.071ns
    Total Input Jitter      (TIJ):    0.000ns
    Discrete Jitter          (DJ):    0.000ns
    Phase Error              (PE):    0.000ns

    Location             Delay type                Incr(ns)  Path(ns)    Netlist Resource(s)
  -------------------------------------------------------------------    -------------------
                         (clock sys_clk rise edge)    0.000     0.000 r  
    N11                                               0.000     0.000 r  i_clk (IN)
                         net (fo=0)                   0.000     0.000    i_clk
    N11                  IBUF (Prop_ibuf_I_O)         1.519     1.519 r  i_clk_IBUF_inst/O
                         net (fo=1, routed)           1.972     3.490    i_clk_IBUF
    BUFGCTRL_X0Y0        BUFG (Prop_bufg_I_O)         0.096     3.586 r  i_clk_IBUF_BUFG_inst/O
                         net (fo=16, routed)          1.626     5.212    MUX/COUNTER/i_clk
    SLICE_X64Y56         FDRE                                         r  MUX/COUNTER/cnt_reg[2]/C
  -------------------------------------------------------------------    -------------------
    SLICE_X64Y56         FDRE (Prop_fdre_C_Q)         0.518     5.730 r  MUX/COUNTER/cnt_reg[2]/Q
                         net (fo=1, routed)           0.819     6.550    MUX/COUNTER/cnt_reg_n_0_[2]
    SLICE_X64Y56         CARRY4 (Prop_carry4_S[2]_CO[3])
                                                      0.504     7.054 r  MUX/COUNTER/cnt_reg[0]_i_1/CO[3]
                         net (fo=1, routed)           0.000     7.054    MUX/COUNTER/cnt_reg[0]_i_1_n_0
    SLICE_X64Y57         CARRY4 (Prop_carry4_CI_CO[3])
                                                      0.117     7.171 r  MUX/COUNTER/cnt_reg[4]_i_1/CO[3]
                         net (fo=1, routed)           0.000     7.171    MUX/COUNTER/cnt_reg[4]_i_1_n_0
    SLICE_X64Y58         CARRY4 (Prop_carry4_CI_CO[3])
                                                      0.117     7.288 r  MUX/COUNTER/cnt_reg[8]_i_1/CO[3]
                         net (fo=1, routed)           0.000     7.288    MUX/COUNTER/cnt_reg[8]_i_1_n_0
    SLICE_X64Y59         CARRY4 (Prop_carry4_CI_O[2])
                                                      0.239     7.527 r  MUX/COUNTER/cnt_reg[12]_i_1/O[2]
                         net (fo=1, routed)           0.000     7.527    MUX/COUNTER/cnt_reg[12]_i_1_n_5
    SLICE_X64Y59         FDRE                                         r  MUX/COUNTER/cnt_reg[14]/D
  -------------------------------------------------------------------    -------------------

                         (clock sys_clk rise edge)   20.000    20.000 r  
    N11                                               0.000    20.000 r  i_clk (IN)
                         net (fo=0)                   0.000    20.000    i_clk
    N11                  IBUF (Prop_ibuf_I_O)         1.448    21.448 r  i_clk_IBUF_inst/O
                         net (fo=1, routed)           1.868    23.316    i_clk_IBUF
    BUFGCTRL_X0Y0        BUFG (Prop_bufg_I_O)         0.091    23.407 r  i_clk_IBUF_BUFG_inst/O
                         net (fo=16, routed)          1.507    24.914    MUX/COUNTER/i_clk
    SLICE_X64Y59         FDRE                                         r  MUX/COUNTER/cnt_reg[14]/C
                         clock pessimism              0.272    25.185    
                         clock uncertainty           -0.035    25.150    
    SLICE_X64Y59         FDRE (Setup_fdre_C_D)        0.109    25.259    MUX/COUNTER/cnt_reg[14]
  -------------------------------------------------------------------
                         required time                         25.259    
                         arrival time                          -7.527    
  -------------------------------------------------------------------
                         slack                                 17.732    

Slack (MET) :             17.752ns  (required time - arrival time)
  Source:                 MUX/COUNTER/cnt_reg[2]/C
                            (rising edge-triggered cell FDRE clocked by sys_clk  {rise@0.000ns fall@10.000ns period=20.000ns})
  Destination:            MUX/COUNTER/cnt_reg[12]/D
                            (rising edge-triggered cell FDRE clocked by sys_clk  {rise@0.000ns fall@10.000ns period=20.000ns})
  Path Group:             sys_clk
  Path Type:              Setup (Max at Slow Process Corner)
  Requirement:            20.000ns  (sys_clk rise@20.000ns - sys_clk rise@0.000ns)
  Data Path Delay:        2.294ns  (logic 1.475ns (64.285%)  route 0.819ns (35.715%))
  Logic Levels:           4  (CARRY4=4)
  Clock Path Skew:        -0.027ns (DCD - SCD + CPR)
    Destination Clock Delay (DCD):    4.914ns = ( 24.914 - 20.000 ) 
    Source Clock Delay      (SCD):    5.212ns
    Clock Pessimism Removal (CPR):    0.272ns
  Clock Uncertainty:      0.035ns  ((TSJ^2 + TIJ^2)^1/2 + DJ) / 2 + PE
    Total System Jitter     (TSJ):    0.071ns
    Total Input Jitter      (TIJ):    0.000ns
    Discrete Jitter          (DJ):    0.000ns
    Phase Error              (PE):    0.000ns

    Location             Delay type                Incr(ns)  Path(ns)    Netlist Resource(s)
  -------------------------------------------------------------------    -------------------
                         (clock sys_clk rise edge)    0.000     0.000 r  
    N11                                               0.000     0.000 r  i_clk (IN)
                         net (fo=0)                   0.000     0.000    i_clk
    N11                  IBUF (Prop_ibuf_I_O)         1.519     1.519 r  i_clk_IBUF_inst/O
                         net (fo=1, routed)           1.972     3.490    i_clk_IBUF
    BUFGCTRL_X0Y0        BUFG (Prop_bufg_I_O)         0.096     3.586 r  i_clk_IBUF_BUFG_inst/O
                         net (fo=16, routed)          1.626     5.212    MUX/COUNTER/i_clk
    SLICE_X64Y56         FDRE                                         r  MUX/COUNTER/cnt_reg[2]/C
  -------------------------------------------------------------------    -------------------
    SLICE_X64Y56         FDRE (Prop_fdre_C_Q)         0.518     5.730 r  MUX/COUNTER/cnt_reg[2]/Q
                         net (fo=1, routed)           0.819     6.550    MUX/COUNTER/cnt_reg_n_0_[2]
    SLICE_X64Y56         CARRY4 (Prop_carry4_S[2]_CO[3])
                                                      0.504     7.054 r  MUX/COUNTER/cnt_reg[0]_i_1/CO[3]
                         net (fo=1, routed)           0.000     7.054    MUX/COUNTER/cnt_reg[0]_i_1_n_0
    SLICE_X64Y57         CARRY4 (Prop_carry4_CI_CO[3])
                                                      0.117     7.171 r  MUX/COUNTER/cnt_reg[4]_i_1/CO[3]
                         net (fo=1, routed)           0.000     7.171    MUX/COUNTER/cnt_reg[4]_i_1_n_0
    SLICE_X64Y58         CARRY4 (Prop_carry4_CI_CO[3])
                                                      0.117     7.288 r  MUX/COUNTER/cnt_reg[8]_i_1/CO[3]
                         net (fo=1, routed)           0.000     7.288    MUX/COUNTER/cnt_reg[8]_i_1_n_0
    SLICE_X64Y59         CARRY4 (Prop_carry4_CI_O[0])
                                                      0.219     7.507 r  MUX/COUNTER/cnt_reg[12]_i_1/O[0]
                         net (fo=1, routed)           0.000     7.507    MUX/COUNTER/cnt_reg[12]_i_1_n_7
    SLICE_X64Y59         FDRE                                         r  MUX/COUNTER/cnt_reg[12]/D
  -------------------------------------------------------------------    -------------------

                         (clock sys_clk rise edge)   20.000    20.000 r  
    N11                                               0.000    20.000 r  i_clk (IN)
                         net (fo=0)                   0.000    20.000    i_clk
    N11                  IBUF (Prop_ibuf_I_O)         1.448    21.448 r  i_clk_IBUF_inst/O
                         net (fo=1, routed)           1.868    23.316    i_clk_IBUF
    BUFGCTRL_X0Y0        BUFG (Prop_bufg_I_O)         0.091    23.407 r  i_clk_IBUF_BUFG_inst/O
                         net (fo=16, routed)          1.507    24.914    MUX/COUNTER/i_clk
    SLICE_X64Y59         FDRE                                         r  MUX/COUNTER/cnt_reg[12]/C
                         clock pessimism              0.272    25.185    
                         clock uncertainty           -0.035    25.150    
    SLICE_X64Y59         FDRE (Setup_fdre_C_D)        0.109    25.259    MUX/COUNTER/cnt_reg[12]
  -------------------------------------------------------------------
                         required time                         25.259    
                         arrival time                          -7.507    
  -------------------------------------------------------------------
                         slack                                 17.752    

Slack (MET) :             17.766ns  (required time - arrival time)
  Source:                 MUX/COUNTER/cnt_reg[2]/C
                            (rising edge-triggered cell FDRE clocked by sys_clk  {rise@0.000ns fall@10.000ns period=20.000ns})
  Destination:            MUX/COUNTER/cnt_reg[9]/D
                            (rising edge-triggered cell FDRE clocked by sys_clk  {rise@0.000ns fall@10.000ns period=20.000ns})
  Path Group:             sys_clk
  Path Type:              Setup (Max at Slow Process Corner)
  Requirement:            20.000ns  (sys_clk rise@20.000ns - sys_clk rise@0.000ns)
  Data Path Delay:        2.281ns  (logic 1.462ns (64.082%)  route 0.819ns (35.918%))
  Logic Levels:           3  (CARRY4=3)
  Clock Path Skew:        -0.026ns (DCD - SCD + CPR)
    Destination Clock Delay (DCD):    4.915ns = ( 24.915 - 20.000 ) 
    Source Clock Delay      (SCD):    5.212ns
    Clock Pessimism Removal (CPR):    0.272ns
  Clock Uncertainty:      0.035ns  ((TSJ^2 + TIJ^2)^1/2 + DJ) / 2 + PE
    Total System Jitter     (TSJ):    0.071ns
    Total Input Jitter      (TIJ):    0.000ns
    Discrete Jitter          (DJ):    0.000ns
    Phase Error              (PE):    0.000ns

    Location             Delay type                Incr(ns)  Path(ns)    Netlist Resource(s)
  -------------------------------------------------------------------    -------------------
                         (clock sys_clk rise edge)    0.000     0.000 r  
    N11                                               0.000     0.000 r  i_clk (IN)
                         net (fo=0)                   0.000     0.000    i_clk
    N11                  IBUF (Prop_ibuf_I_O)         1.519     1.519 r  i_clk_IBUF_inst/O
                         net (fo=1, routed)           1.972     3.490    i_clk_IBUF
    BUFGCTRL_X0Y0        BUFG (Prop_bufg_I_O)         0.096     3.586 r  i_clk_IBUF_BUFG_inst/O
                         net (fo=16, routed)          1.626     5.212    MUX/COUNTER/i_clk
    SLICE_X64Y56         FDRE                                         r  MUX/COUNTER/cnt_reg[2]/C
  -------------------------------------------------------------------    -------------------
    SLICE_X64Y56         FDRE (Prop_fdre_C_Q)         0.518     5.730 r  MUX/COUNTER/cnt_reg[2]/Q
                         net (fo=1, routed)           0.819     6.550    MUX/COUNTER/cnt_reg_n_0_[2]
    SLICE_X64Y56         CARRY4 (Prop_carry4_S[2]_CO[3])
                                                      0.504     7.054 r  MUX/COUNTER/cnt_reg[0]_i_1/CO[3]
                         net (fo=1, routed)           0.000     7.054    MUX/COUNTER/cnt_reg[0]_i_1_n_0
    SLICE_X64Y57         CARRY4 (Prop_carry4_CI_CO[3])
                                                      0.117     7.171 r  MUX/COUNTER/cnt_reg[4]_i_1/CO[3]
                         net (fo=1, routed)           0.000     7.171    MUX/COUNTER/cnt_reg[4]_i_1_n_0
    SLICE_X64Y58         CARRY4 (Prop_carry4_CI_O[1])
                                                      0.323     7.494 r  MUX/COUNTER/cnt_reg[8]_i_1/O[1]
                         net (fo=1, routed)           0.000     7.494    MUX/COUNTER/cnt_reg[8]_i_1_n_6
    SLICE_X64Y58         FDRE                                         r  MUX/COUNTER/cnt_reg[9]/D
  -------------------------------------------------------------------    -------------------

                         (clock sys_clk rise edge)   20.000    20.000 r  
    N11                                               0.000    20.000 r  i_clk (IN)
                         net (fo=0)                   0.000    20.000    i_clk
    N11                  IBUF (Prop_ibuf_I_O)         1.448    21.448 r  i_clk_IBUF_inst/O
                         net (fo=1, routed)           1.868    23.316    i_clk_IBUF
    BUFGCTRL_X0Y0        BUFG (Prop_bufg_I_O)         0.091    23.407 r  i_clk_IBUF_BUFG_inst/O
                         net (fo=16, routed)          1.508    24.915    MUX/COUNTER/i_clk
    SLICE_X64Y58         FDRE                                         r  MUX/COUNTER/cnt_reg[9]/C
                         clock pessimism              0.272    25.186    
                         clock uncertainty           -0.035    25.151    
    SLICE_X64Y58         FDRE (Setup_fdre_C_D)        0.109    25.260    MUX/COUNTER/cnt_reg[9]
  -------------------------------------------------------------------
                         required time                         25.260    
                         arrival time                          -7.494    
  -------------------------------------------------------------------
                         slack                                 17.766    

Slack (MET) :             17.774ns  (required time - arrival time)
  Source:                 MUX/COUNTER/cnt_reg[2]/C
                            (rising edge-triggered cell FDRE clocked by sys_clk  {rise@0.000ns fall@10.000ns period=20.000ns})
  Destination:            MUX/COUNTER/cnt_reg[11]/D
                            (rising edge-triggered cell FDRE clocked by sys_clk  {rise@0.000ns fall@10.000ns period=20.000ns})
  Path Group:             sys_clk
  Path Type:              Setup (Max at Slow Process Corner)
  Requirement:            20.000ns  (sys_clk rise@20.000ns - sys_clk rise@0.000ns)
  Data Path Delay:        2.273ns  (logic 1.454ns (63.955%)  route 0.819ns (36.045%))
  Logic Levels:           3  (CARRY4=3)
  Clock Path Skew:        -0.026ns (DCD - SCD + CPR)
    Destination Clock Delay (DCD):    4.915ns = ( 24.915 - 20.000 ) 
    Source Clock Delay      (SCD):    5.212ns
    Clock Pessimism Removal (CPR):    0.272ns
  Clock Uncertainty:      0.035ns  ((TSJ^2 + TIJ^2)^1/2 + DJ) / 2 + PE
    Total System Jitter     (TSJ):    0.071ns
    Total Input Jitter      (TIJ):    0.000ns
    Discrete Jitter          (DJ):    0.000ns
    Phase Error              (PE):    0.000ns

    Location             Delay type                Incr(ns)  Path(ns)    Netlist Resource(s)
  -------------------------------------------------------------------    -------------------
                         (clock sys_clk rise edge)    0.000     0.000 r  
    N11                                               0.000     0.000 r  i_clk (IN)
                         net (fo=0)                   0.000     0.000    i_clk
    N11                  IBUF (Prop_ibuf_I_O)         1.519     1.519 r  i_clk_IBUF_inst/O
                         net (fo=1, routed)           1.972     3.490    i_clk_IBUF
    BUFGCTRL_X0Y0        BUFG (Prop_bufg_I_O)         0.096     3.586 r  i_clk_IBUF_BUFG_inst/O
                         net (fo=16, routed)          1.626     5.212    MUX/COUNTER/i_clk
    SLICE_X64Y56         FDRE                                         r  MUX/COUNTER/cnt_reg[2]/C
  -------------------------------------------------------------------    -------------------
    SLICE_X64Y56         FDRE (Prop_fdre_C_Q)         0.518     5.730 r  MUX/COUNTER/cnt_reg[2]/Q
                         net (fo=1, routed)           0.819     6.550    MUX/COUNTER/cnt_reg_n_0_[2]
    SLICE_X64Y56         CARRY4 (Prop_carry4_S[2]_CO[3])
                                                      0.504     7.054 r  MUX/COUNTER/cnt_reg[0]_i_1/CO[3]
                         net (fo=1, routed)           0.000     7.054    MUX/COUNTER/cnt_reg[0]_i_1_n_0
    SLICE_X64Y57         CARRY4 (Prop_carry4_CI_CO[3])
                                                      0.117     7.171 r  MUX/COUNTER/cnt_reg[4]_i_1/CO[3]
                         net (fo=1, routed)           0.000     7.171    MUX/COUNTER/cnt_reg[4]_i_1_n_0
    SLICE_X64Y58         CARRY4 (Prop_carry4_CI_O[3])
                                                      0.315     7.486 r  MUX/COUNTER/cnt_reg[8]_i_1/O[3]
                         net (fo=1, routed)           0.000     7.486    MUX/COUNTER/cnt_reg[8]_i_1_n_4
    SLICE_X64Y58         FDRE                                         r  MUX/COUNTER/cnt_reg[11]/D
  -------------------------------------------------------------------    -------------------

                         (clock sys_clk rise edge)   20.000    20.000 r  
    N11                                               0.000    20.000 r  i_clk (IN)
                         net (fo=0)                   0.000    20.000    i_clk
    N11                  IBUF (Prop_ibuf_I_O)         1.448    21.448 r  i_clk_IBUF_inst/O
                         net (fo=1, routed)           1.868    23.316    i_clk_IBUF
    BUFGCTRL_X0Y0        BUFG (Prop_bufg_I_O)         0.091    23.407 r  i_clk_IBUF_BUFG_inst/O
                         net (fo=16, routed)          1.508    24.915    MUX/COUNTER/i_clk
    SLICE_X64Y58         FDRE                                         r  MUX/COUNTER/cnt_reg[11]/C
                         clock pessimism              0.272    25.186    
                         clock uncertainty           -0.035    25.151    
    SLICE_X64Y58         FDRE (Setup_fdre_C_D)        0.109    25.260    MUX/COUNTER/cnt_reg[11]
  -------------------------------------------------------------------
                         required time                         25.260    
                         arrival time                          -7.486    
  -------------------------------------------------------------------
                         slack                                 17.774    

Slack (MET) :             17.850ns  (required time - arrival time)
  Source:                 MUX/COUNTER/cnt_reg[2]/C
                            (rising edge-triggered cell FDRE clocked by sys_clk  {rise@0.000ns fall@10.000ns period=20.000ns})
  Destination:            MUX/COUNTER/cnt_reg[10]/D
                            (rising edge-triggered cell FDRE clocked by sys_clk  {rise@0.000ns fall@10.000ns period=20.000ns})
  Path Group:             sys_clk
  Path Type:              Setup (Max at Slow Process Corner)
  Requirement:            20.000ns  (sys_clk rise@20.000ns - sys_clk rise@0.000ns)
  Data Path Delay:        2.197ns  (logic 1.378ns (62.709%)  route 0.819ns (37.291%))
  Logic Levels:           3  (CARRY4=3)
  Clock Path Skew:        -0.026ns (DCD - SCD + CPR)
    Destination Clock Delay (DCD):    4.915ns = ( 24.915 - 20.000 ) 
    Source Clock Delay      (SCD):    5.212ns
    Clock Pessimism Removal (CPR):    0.272ns
  Clock Uncertainty:      0.035ns  ((TSJ^2 + TIJ^2)^1/2 + DJ) / 2 + PE
    Total System Jitter     (TSJ):    0.071ns
    Total Input Jitter      (TIJ):    0.000ns
    Discrete Jitter          (DJ):    0.000ns
    Phase Error              (PE):    0.000ns

    Location             Delay type                Incr(ns)  Path(ns)    Netlist Resource(s)
  -------------------------------------------------------------------    -------------------
                         (clock sys_clk rise edge)    0.000     0.000 r  
    N11                                               0.000     0.000 r  i_clk (IN)
                         net (fo=0)                   0.000     0.000    i_clk
    N11                  IBUF (Prop_ibuf_I_O)         1.519     1.519 r  i_clk_IBUF_inst/O
                         net (fo=1, routed)           1.972     3.490    i_clk_IBUF
    BUFGCTRL_X0Y0        BUFG (Prop_bufg_I_O)         0.096     3.586 r  i_clk_IBUF_BUFG_inst/O
                         net (fo=16, routed)          1.626     5.212    MUX/COUNTER/i_clk
    SLICE_X64Y56         FDRE                                         r  MUX/COUNTER/cnt_reg[2]/C
  -------------------------------------------------------------------    -------------------
    SLICE_X64Y56         FDRE (Prop_fdre_C_Q)         0.518     5.730 r  MUX/COUNTER/cnt_reg[2]/Q
                         net (fo=1, routed)           0.819     6.550    MUX/COUNTER/cnt_reg_n_0_[2]
    SLICE_X64Y56         CARRY4 (Prop_carry4_S[2]_CO[3])
                                                      0.504     7.054 r  MUX/COUNTER/cnt_reg[0]_i_1/CO[3]
                         net (fo=1, routed)           0.000     7.054    MUX/COUNTER/cnt_reg[0]_i_1_n_0
    SLICE_X64Y57         CARRY4 (Prop_carry4_CI_CO[3])
                                                      0.117     7.171 r  MUX/COUNTER/cnt_reg[4]_i_1/CO[3]
                         net (fo=1, routed)           0.000     7.171    MUX/COUNTER/cnt_reg[4]_i_1_n_0
    SLICE_X64Y58         CARRY4 (Prop_carry4_CI_O[2])
                                                      0.239     7.410 r  MUX/COUNTER/cnt_reg[8]_i_1/O[2]
                         net (fo=1, routed)           0.000     7.410    MUX/COUNTER/cnt_reg[8]_i_1_n_5
    SLICE_X64Y58         FDRE                                         r  MUX/COUNTER/cnt_reg[10]/D
  -------------------------------------------------------------------    -------------------

                         (clock sys_clk rise edge)   20.000    20.000 r  
    N11                                               0.000    20.000 r  i_clk (IN)
                         net (fo=0)                   0.000    20.000    i_clk
    N11                  IBUF (Prop_ibuf_I_O)         1.448    21.448 r  i_clk_IBUF_inst/O
                         net (fo=1, routed)           1.868    23.316    i_clk_IBUF
    BUFGCTRL_X0Y0        BUFG (Prop_bufg_I_O)         0.091    23.407 r  i_clk_IBUF_BUFG_inst/O
                         net (fo=16, routed)          1.508    24.915    MUX/COUNTER/i_clk
    SLICE_X64Y58         FDRE                                         r  MUX/COUNTER/cnt_reg[10]/C
                         clock pessimism              0.272    25.186    
                         clock uncertainty           -0.035    25.151    
    SLICE_X64Y58         FDRE (Setup_fdre_C_D)        0.109    25.260    MUX/COUNTER/cnt_reg[10]
  -------------------------------------------------------------------
                         required time                         25.260    
                         arrival time                          -7.410    
  -------------------------------------------------------------------
                         slack                                 17.850    

Slack (MET) :             17.870ns  (required time - arrival time)
  Source:                 MUX/COUNTER/cnt_reg[2]/C
                            (rising edge-triggered cell FDRE clocked by sys_clk  {rise@0.000ns fall@10.000ns period=20.000ns})
  Destination:            MUX/COUNTER/cnt_reg[8]/D
                            (rising edge-triggered cell FDRE clocked by sys_clk  {rise@0.000ns fall@10.000ns period=20.000ns})
  Path Group:             sys_clk
  Path Type:              Setup (Max at Slow Process Corner)
  Requirement:            20.000ns  (sys_clk rise@20.000ns - sys_clk rise@0.000ns)
  Data Path Delay:        2.177ns  (logic 1.358ns (62.366%)  route 0.819ns (37.634%))
  Logic Levels:           3  (CARRY4=3)
  Clock Path Skew:        -0.026ns (DCD - SCD + CPR)
    Destination Clock Delay (DCD):    4.915ns = ( 24.915 - 20.000 ) 
    Source Clock Delay      (SCD):    5.212ns
    Clock Pessimism Removal (CPR):    0.272ns
  Clock Uncertainty:      0.035ns  ((TSJ^2 + TIJ^2)^1/2 + DJ) / 2 + PE
    Total System Jitter     (TSJ):    0.071ns
    Total Input Jitter      (TIJ):    0.000ns
    Discrete Jitter          (DJ):    0.000ns
    Phase Error              (PE):    0.000ns

    Location             Delay type                Incr(ns)  Path(ns)    Netlist Resource(s)
  -------------------------------------------------------------------    -------------------
                         (clock sys_clk rise edge)    0.000     0.000 r  
    N11                                               0.000     0.000 r  i_clk (IN)
                         net (fo=0)                   0.000     0.000    i_clk
    N11                  IBUF (Prop_ibuf_I_O)         1.519     1.519 r  i_clk_IBUF_inst/O
                         net (fo=1, routed)           1.972     3.490    i_clk_IBUF
    BUFGCTRL_X0Y0        BUFG (Prop_bufg_I_O)         0.096     3.586 r  i_clk_IBUF_BUFG_inst/O
                         net (fo=16, routed)          1.626     5.212    MUX/COUNTER/i_clk
    SLICE_X64Y56         FDRE                                         r  MUX/COUNTER/cnt_reg[2]/C
  -------------------------------------------------------------------    -------------------
    SLICE_X64Y56         FDRE (Prop_fdre_C_Q)         0.518     5.730 r  MUX/COUNTER/cnt_reg[2]/Q
                         net (fo=1, routed)           0.819     6.550    MUX/COUNTER/cnt_reg_n_0_[2]
    SLICE_X64Y56         CARRY4 (Prop_carry4_S[2]_CO[3])
                                                      0.504     7.054 r  MUX/COUNTER/cnt_reg[0]_i_1/CO[3]
                         net (fo=1, routed)           0.000     7.054    MUX/COUNTER/cnt_reg[0]_i_1_n_0
    SLICE_X64Y57         CARRY4 (Prop_carry4_CI_CO[3])
                                                      0.117     7.171 r  MUX/COUNTER/cnt_reg[4]_i_1/CO[3]
                         net (fo=1, routed)           0.000     7.171    MUX/COUNTER/cnt_reg[4]_i_1_n_0
    SLICE_X64Y58         CARRY4 (Prop_carry4_CI_O[0])
                                                      0.219     7.390 r  MUX/COUNTER/cnt_reg[8]_i_1/O[0]
                         net (fo=1, routed)           0.000     7.390    MUX/COUNTER/cnt_reg[8]_i_1_n_7
    SLICE_X64Y58         FDRE                                         r  MUX/COUNTER/cnt_reg[8]/D
  -------------------------------------------------------------------    -------------------

                         (clock sys_clk rise edge)   20.000    20.000 r  
    N11                                               0.000    20.000 r  i_clk (IN)
                         net (fo=0)                   0.000    20.000    i_clk
    N11                  IBUF (Prop_ibuf_I_O)         1.448    21.448 r  i_clk_IBUF_inst/O
                         net (fo=1, routed)           1.868    23.316    i_clk_IBUF
    BUFGCTRL_X0Y0        BUFG (Prop_bufg_I_O)         0.091    23.407 r  i_clk_IBUF_BUFG_inst/O
                         net (fo=16, routed)          1.508    24.915    MUX/COUNTER/i_clk
    SLICE_X64Y58         FDRE                                         r  MUX/COUNTER/cnt_reg[8]/C
                         clock pessimism              0.272    25.186    
                         clock uncertainty           -0.035    25.151    
    SLICE_X64Y58         FDRE (Setup_fdre_C_D)        0.109    25.260    MUX/COUNTER/cnt_reg[8]
  -------------------------------------------------------------------
                         required time                         25.260    
                         arrival time                          -7.390    
  -------------------------------------------------------------------
                         slack                                 17.870    

Slack (MET) :             17.883ns  (required time - arrival time)
  Source:                 MUX/COUNTER/cnt_reg[2]/C
                            (rising edge-triggered cell FDRE clocked by sys_clk  {rise@0.000ns fall@10.000ns period=20.000ns})
  Destination:            MUX/COUNTER/cnt_reg[5]/D
                            (rising edge-triggered cell FDRE clocked by sys_clk  {rise@0.000ns fall@10.000ns period=20.000ns})
  Path Group:             sys_clk
  Path Type:              Setup (Max at Slow Process Corner)
  Requirement:            20.000ns  (sys_clk rise@20.000ns - sys_clk rise@0.000ns)
  Data Path Delay:        2.164ns  (logic 1.345ns (62.140%)  route 0.819ns (37.860%))
  Logic Levels:           2  (CARRY4=2)
  Clock Path Skew:        -0.026ns (DCD - SCD + CPR)
    Destination Clock Delay (DCD):    4.915ns = ( 24.915 - 20.000 ) 
    Source Clock Delay      (SCD):    5.212ns
    Clock Pessimism Removal (CPR):    0.272ns
  Clock Uncertainty:      0.035ns  ((TSJ^2 + TIJ^2)^1/2 + DJ) / 2 + PE
    Total System Jitter     (TSJ):    0.071ns
    Total Input Jitter      (TIJ):    0.000ns
    Discrete Jitter          (DJ):    0.000ns
    Phase Error              (PE):    0.000ns

    Location             Delay type                Incr(ns)  Path(ns)    Netlist Resource(s)
  -------------------------------------------------------------------    -------------------
                         (clock sys_clk rise edge)    0.000     0.000 r  
    N11                                               0.000     0.000 r  i_clk (IN)
                         net (fo=0)                   0.000     0.000    i_clk
    N11                  IBUF (Prop_ibuf_I_O)         1.519     1.519 r  i_clk_IBUF_inst/O
                         net (fo=1, routed)           1.972     3.490    i_clk_IBUF
    BUFGCTRL_X0Y0        BUFG (Prop_bufg_I_O)         0.096     3.586 r  i_clk_IBUF_BUFG_inst/O
                         net (fo=16, routed)          1.626     5.212    MUX/COUNTER/i_clk
    SLICE_X64Y56         FDRE                                         r  MUX/COUNTER/cnt_reg[2]/C
  -------------------------------------------------------------------    -------------------
    SLICE_X64Y56         FDRE (Prop_fdre_C_Q)         0.518     5.730 r  MUX/COUNTER/cnt_reg[2]/Q
                         net (fo=1, routed)           0.819     6.550    MUX/COUNTER/cnt_reg_n_0_[2]
    SLICE_X64Y56         CARRY4 (Prop_carry4_S[2]_CO[3])
                                                      0.504     7.054 r  MUX/COUNTER/cnt_reg[0]_i_1/CO[3]
                         net (fo=1, routed)           0.000     7.054    MUX/COUNTER/cnt_reg[0]_i_1_n_0
    SLICE_X64Y57         CARRY4 (Prop_carry4_CI_O[1])
                                                      0.323     7.377 r  MUX/COUNTER/cnt_reg[4]_i_1/O[1]
                         net (fo=1, routed)           0.000     7.377    MUX/COUNTER/cnt_reg[4]_i_1_n_6
    SLICE_X64Y57         FDRE                                         r  MUX/COUNTER/cnt_reg[5]/D
  -------------------------------------------------------------------    -------------------

                         (clock sys_clk rise edge)   20.000    20.000 r  
    N11                                               0.000    20.000 r  i_clk (IN)
                         net (fo=0)                   0.000    20.000    i_clk
    N11                  IBUF (Prop_ibuf_I_O)         1.448    21.448 r  i_clk_IBUF_inst/O
                         net (fo=1, routed)           1.868    23.316    i_clk_IBUF
    BUFGCTRL_X0Y0        BUFG (Prop_bufg_I_O)         0.091    23.407 r  i_clk_IBUF_BUFG_inst/O
                         net (fo=16, routed)          1.508    24.915    MUX/COUNTER/i_clk
    SLICE_X64Y57         FDRE                                         r  MUX/COUNTER/cnt_reg[5]/C
                         clock pessimism              0.272    25.186    
                         clock uncertainty           -0.035    25.151    
    SLICE_X64Y57         FDRE (Setup_fdre_C_D)        0.109    25.260    MUX/COUNTER/cnt_reg[5]
  -------------------------------------------------------------------
                         required time                         25.260    
                         arrival time                          -7.377    
  -------------------------------------------------------------------
                         slack                                 17.883    

Slack (MET) :             17.891ns  (required time - arrival time)
  Source:                 MUX/COUNTER/cnt_reg[2]/C
                            (rising edge-triggered cell FDRE clocked by sys_clk  {rise@0.000ns fall@10.000ns period=20.000ns})
  Destination:            MUX/COUNTER/cnt_reg[7]/D
                            (rising edge-triggered cell FDRE clocked by sys_clk  {rise@0.000ns fall@10.000ns period=20.000ns})
  Path Group:             sys_clk
  Path Type:              Setup (Max at Slow Process Corner)
  Requirement:            20.000ns  (sys_clk rise@20.000ns - sys_clk rise@0.000ns)
  Data Path Delay:        2.156ns  (logic 1.337ns (62.000%)  route 0.819ns (38.000%))
  Logic Levels:           2  (CARRY4=2)
  Clock Path Skew:        -0.026ns (DCD - SCD + CPR)
    Destination Clock Delay (DCD):    4.915ns = ( 24.915 - 20.000 ) 
    Source Clock Delay      (SCD):    5.212ns
    Clock Pessimism Removal (CPR):    0.272ns
  Clock Uncertainty:      0.035ns  ((TSJ^2 + TIJ^2)^1/2 + DJ) / 2 + PE
    Total System Jitter     (TSJ):    0.071ns
    Total Input Jitter      (TIJ):    0.000ns
    Discrete Jitter          (DJ):    0.000ns
    Phase Error              (PE):    0.000ns

    Location             Delay type                Incr(ns)  Path(ns)    Netlist Resource(s)
  -------------------------------------------------------------------    -------------------
                         (clock sys_clk rise edge)    0.000     0.000 r  
    N11                                               0.000     0.000 r  i_clk (IN)
                         net (fo=0)                   0.000     0.000    i_clk
    N11                  IBUF (Prop_ibuf_I_O)         1.519     1.519 r  i_clk_IBUF_inst/O
                         net (fo=1, routed)           1.972     3.490    i_clk_IBUF
    BUFGCTRL_X0Y0        BUFG (Prop_bufg_I_O)         0.096     3.586 r  i_clk_IBUF_BUFG_inst/O
                         net (fo=16, routed)          1.626     5.212    MUX/COUNTER/i_clk
    SLICE_X64Y56         FDRE                                         r  MUX/COUNTER/cnt_reg[2]/C
  -------------------------------------------------------------------    -------------------
    SLICE_X64Y56         FDRE (Prop_fdre_C_Q)         0.518     5.730 r  MUX/COUNTER/cnt_reg[2]/Q
                         net (fo=1, routed)           0.819     6.550    MUX/COUNTER/cnt_reg_n_0_[2]
    SLICE_X64Y56         CARRY4 (Prop_carry4_S[2]_CO[3])
                                                      0.504     7.054 r  MUX/COUNTER/cnt_reg[0]_i_1/CO[3]
                         net (fo=1, routed)           0.000     7.054    MUX/COUNTER/cnt_reg[0]_i_1_n_0
    SLICE_X64Y57         CARRY4 (Prop_carry4_CI_O[3])
                                                      0.315     7.369 r  MUX/COUNTER/cnt_reg[4]_i_1/O[3]
                         net (fo=1, routed)           0.000     7.369    MUX/COUNTER/cnt_reg[4]_i_1_n_4
    SLICE_X64Y57         FDRE                                         r  MUX/COUNTER/cnt_reg[7]/D
  -------------------------------------------------------------------    -------------------

                         (clock sys_clk rise edge)   20.000    20.000 r  
    N11                                               0.000    20.000 r  i_clk (IN)
                         net (fo=0)                   0.000    20.000    i_clk
    N11                  IBUF (Prop_ibuf_I_O)         1.448    21.448 r  i_clk_IBUF_inst/O
                         net (fo=1, routed)           1.868    23.316    i_clk_IBUF
    BUFGCTRL_X0Y0        BUFG (Prop_bufg_I_O)         0.091    23.407 r  i_clk_IBUF_BUFG_inst/O
                         net (fo=16, routed)          1.508    24.915    MUX/COUNTER/i_clk
    SLICE_X64Y57         FDRE                                         r  MUX/COUNTER/cnt_reg[7]/C
                         clock pessimism              0.272    25.186    
                         clock uncertainty           -0.035    25.151    
    SLICE_X64Y57         FDRE (Setup_fdre_C_D)        0.109    25.260    MUX/COUNTER/cnt_reg[7]
  -------------------------------------------------------------------
                         required time                         25.260    
                         arrival time                          -7.369    
  -------------------------------------------------------------------
                         slack                                 17.891    





Min Delay Paths
--------------------------------------------------------------------------------------
Slack (MET) :             0.308ns  (arrival time - required time)
  Source:                 MUX/COUNTER/cnt_reg[0]/C
                            (rising edge-triggered cell FDRE clocked by sys_clk  {rise@0.000ns fall@10.000ns period=20.000ns})
  Destination:            MUX/COUNTER/cnt_reg[0]/D
                            (rising edge-triggered cell FDRE clocked by sys_clk  {rise@0.000ns fall@10.000ns period=20.000ns})
  Path Group:             sys_clk
  Path Type:              Hold (Min at Fast Process Corner)
  Requirement:            0.000ns  (sys_clk rise@0.000ns - sys_clk rise@0.000ns)
  Data Path Delay:        0.442ns  (logic 0.279ns (63.107%)  route 0.163ns (36.893%))
  Logic Levels:           2  (CARRY4=1 LUT1=1)
  Clock Path Skew:        0.000ns (DCD - SCD - CPR)
    Destination Clock Delay (DCD):    2.056ns
    Source Clock Delay      (SCD):    1.539ns
    Clock Pessimism Removal (CPR):    0.517ns

    Location             Delay type                Incr(ns)  Path(ns)    Netlist Resource(s)
  -------------------------------------------------------------------    -------------------
                         (clock sys_clk rise edge)    0.000     0.000 r  
    N11                                               0.000     0.000 r  i_clk (IN)
                         net (fo=0)                   0.000     0.000    i_clk
    N11                  IBUF (Prop_ibuf_I_O)         0.286     0.286 r  i_clk_IBUF_inst/O
                         net (fo=1, routed)           0.634     0.920    i_clk_IBUF
    BUFGCTRL_X0Y0        BUFG (Prop_bufg_I_O)         0.026     0.946 r  i_clk_IBUF_BUFG_inst/O
                         net (fo=16, routed)          0.593     1.539    MUX/COUNTER/i_clk
    SLICE_X64Y56         FDRE                                         r  MUX/COUNTER/cnt_reg[0]/C
  -------------------------------------------------------------------    -------------------
    SLICE_X64Y56         FDRE (Prop_fdre_C_Q)         0.164     1.703 f  MUX/COUNTER/cnt_reg[0]/Q
                         net (fo=1, routed)           0.163     1.866    MUX/COUNTER/cnt_reg_n_0_[0]
    SLICE_X64Y56         LUT1 (Prop_lut1_I0_O)        0.045     1.911 r  MUX/COUNTER/cnt[0]_i_2/O
                         net (fo=1, routed)           0.000     1.911    MUX/COUNTER/cnt[0]_i_2_n_0
    SLICE_X64Y56         CARRY4 (Prop_carry4_S[0]_O[0])
                                                      0.070     1.981 r  MUX/COUNTER/cnt_reg[0]_i_1/O[0]
                         net (fo=1, routed)           0.000     1.981    MUX/COUNTER/cnt_reg[0]_i_1_n_7
    SLICE_X64Y56         FDRE                                         r  MUX/COUNTER/cnt_reg[0]/D
  -------------------------------------------------------------------    -------------------

                         (clock sys_clk rise edge)    0.000     0.000 r  
    N11                                               0.000     0.000 r  i_clk (IN)
                         net (fo=0)                   0.000     0.000    i_clk
    N11                  IBUF (Prop_ibuf_I_O)         0.475     0.475 r  i_clk_IBUF_inst/O
                         net (fo=1, routed)           0.689     1.163    i_clk_IBUF
    BUFGCTRL_X0Y0        BUFG (Prop_bufg_I_O)         0.029     1.192 r  i_clk_IBUF_BUFG_inst/O
                         net (fo=16, routed)          0.863     2.056    MUX/COUNTER/i_clk
    SLICE_X64Y56         FDRE                                         r  MUX/COUNTER/cnt_reg[0]/C
                         clock pessimism             -0.517     1.539    
    SLICE_X64Y56         FDRE (Hold_fdre_C_D)         0.134     1.673    MUX/COUNTER/cnt_reg[0]
  -------------------------------------------------------------------
                         required time                         -1.673    
                         arrival time                           1.981    
  -------------------------------------------------------------------
                         slack                                  0.308    

Slack (MET) :             0.315ns  (arrival time - required time)
  Source:                 MUX/COUNTER/cnt_reg[12]/C
                            (rising edge-triggered cell FDRE clocked by sys_clk  {rise@0.000ns fall@10.000ns period=20.000ns})
  Destination:            MUX/COUNTER/cnt_reg[12]/D
                            (rising edge-triggered cell FDRE clocked by sys_clk  {rise@0.000ns fall@10.000ns period=20.000ns})
  Path Group:             sys_clk
  Path Type:              Hold (Min at Fast Process Corner)
  Requirement:            0.000ns  (sys_clk rise@0.000ns - sys_clk rise@0.000ns)
  Data Path Delay:        0.449ns  (logic 0.279ns (62.071%)  route 0.170ns (37.929%))
  Logic Levels:           1  (CARRY4=1)
  Clock Path Skew:        0.000ns (DCD - SCD - CPR)
    Destination Clock Delay (DCD):    2.055ns
    Source Clock Delay      (SCD):    1.538ns
    Clock Pessimism Removal (CPR):    0.517ns

    Location             Delay type                Incr(ns)  Path(ns)    Netlist Resource(s)
  -------------------------------------------------------------------    -------------------
                         (clock sys_clk rise edge)    0.000     0.000 r  
    N11                                               0.000     0.000 r  i_clk (IN)
                         net (fo=0)                   0.000     0.000    i_clk
    N11                  IBUF (Prop_ibuf_I_O)         0.286     0.286 r  i_clk_IBUF_inst/O
                         net (fo=1, routed)           0.634     0.920    i_clk_IBUF
    BUFGCTRL_X0Y0        BUFG (Prop_bufg_I_O)         0.026     0.946 r  i_clk_IBUF_BUFG_inst/O
                         net (fo=16, routed)          0.592     1.538    MUX/COUNTER/i_clk
    SLICE_X64Y59         FDRE                                         r  MUX/COUNTER/cnt_reg[12]/C
  -------------------------------------------------------------------    -------------------
    SLICE_X64Y59         FDRE (Prop_fdre_C_Q)         0.164     1.702 r  MUX/COUNTER/cnt_reg[12]/Q
                         net (fo=1, routed)           0.170     1.873    MUX/COUNTER/cnt_reg_n_0_[12]
    SLICE_X64Y59         CARRY4 (Prop_carry4_S[0]_O[0])
                                                      0.115     1.988 r  MUX/COUNTER/cnt_reg[12]_i_1/O[0]
                         net (fo=1, routed)           0.000     1.988    MUX/COUNTER/cnt_reg[12]_i_1_n_7
    SLICE_X64Y59         FDRE                                         r  MUX/COUNTER/cnt_reg[12]/D
  -------------------------------------------------------------------    -------------------

                         (clock sys_clk rise edge)    0.000     0.000 r  
    N11                                               0.000     0.000 r  i_clk (IN)
                         net (fo=0)                   0.000     0.000    i_clk
    N11                  IBUF (Prop_ibuf_I_O)         0.475     0.475 r  i_clk_IBUF_inst/O
                         net (fo=1, routed)           0.689     1.163    i_clk_IBUF
    BUFGCTRL_X0Y0        BUFG (Prop_bufg_I_O)         0.029     1.192 r  i_clk_IBUF_BUFG_inst/O
                         net (fo=16, routed)          0.862     2.055    MUX/COUNTER/i_clk
    SLICE_X64Y59         FDRE                                         r  MUX/COUNTER/cnt_reg[12]/C
                         clock pessimism             -0.517     1.538    
    SLICE_X64Y59         FDRE (Hold_fdre_C_D)         0.134     1.672    MUX/COUNTER/cnt_reg[12]
  -------------------------------------------------------------------
                         required time                         -1.672    
                         arrival time                           1.988    
  -------------------------------------------------------------------
                         slack                                  0.315    

Slack (MET) :             0.315ns  (arrival time - required time)
  Source:                 MUX/COUNTER/cnt_reg[4]/C
                            (rising edge-triggered cell FDRE clocked by sys_clk  {rise@0.000ns fall@10.000ns period=20.000ns})
  Destination:            MUX/COUNTER/cnt_reg[4]/D
                            (rising edge-triggered cell FDRE clocked by sys_clk  {rise@0.000ns fall@10.000ns period=20.000ns})
  Path Group:             sys_clk
  Path Type:              Hold (Min at Fast Process Corner)
  Requirement:            0.000ns  (sys_clk rise@0.000ns - sys_clk rise@0.000ns)
  Data Path Delay:        0.449ns  (logic 0.279ns (62.071%)  route 0.170ns (37.929%))
  Logic Levels:           1  (CARRY4=1)
  Clock Path Skew:        0.000ns (DCD - SCD - CPR)
    Destination Clock Delay (DCD):    2.055ns
    Source Clock Delay      (SCD):    1.538ns
    Clock Pessimism Removal (CPR):    0.517ns

    Location             Delay type                Incr(ns)  Path(ns)    Netlist Resource(s)
  -------------------------------------------------------------------    -------------------
                         (clock sys_clk rise edge)    0.000     0.000 r  
    N11                                               0.000     0.000 r  i_clk (IN)
                         net (fo=0)                   0.000     0.000    i_clk
    N11                  IBUF (Prop_ibuf_I_O)         0.286     0.286 r  i_clk_IBUF_inst/O
                         net (fo=1, routed)           0.634     0.920    i_clk_IBUF
    BUFGCTRL_X0Y0        BUFG (Prop_bufg_I_O)         0.026     0.946 r  i_clk_IBUF_BUFG_inst/O
                         net (fo=16, routed)          0.592     1.538    MUX/COUNTER/i_clk
    SLICE_X64Y57         FDRE                                         r  MUX/COUNTER/cnt_reg[4]/C
  -------------------------------------------------------------------    -------------------
    SLICE_X64Y57         FDRE (Prop_fdre_C_Q)         0.164     1.702 r  MUX/COUNTER/cnt_reg[4]/Q
                         net (fo=1, routed)           0.170     1.873    MUX/COUNTER/cnt_reg_n_0_[4]
    SLICE_X64Y57         CARRY4 (Prop_carry4_S[0]_O[0])
                                                      0.115     1.988 r  MUX/COUNTER/cnt_reg[4]_i_1/O[0]
                         net (fo=1, routed)           0.000     1.988    MUX/COUNTER/cnt_reg[4]_i_1_n_7
    SLICE_X64Y57         FDRE                                         r  MUX/COUNTER/cnt_reg[4]/D
  -------------------------------------------------------------------    -------------------

                         (clock sys_clk rise edge)    0.000     0.000 r  
    N11                                               0.000     0.000 r  i_clk (IN)
                         net (fo=0)                   0.000     0.000    i_clk
    N11                  IBUF (Prop_ibuf_I_O)         0.475     0.475 r  i_clk_IBUF_inst/O
                         net (fo=1, routed)           0.689     1.163    i_clk_IBUF
    BUFGCTRL_X0Y0        BUFG (Prop_bufg_I_O)         0.029     1.192 r  i_clk_IBUF_BUFG_inst/O
                         net (fo=16, routed)          0.862     2.055    MUX/COUNTER/i_clk
    SLICE_X64Y57         FDRE                                         r  MUX/COUNTER/cnt_reg[4]/C
                         clock pessimism             -0.517     1.538    
    SLICE_X64Y57         FDRE (Hold_fdre_C_D)         0.134     1.672    MUX/COUNTER/cnt_reg[4]
  -------------------------------------------------------------------
                         required time                         -1.672    
                         arrival time                           1.988    
  -------------------------------------------------------------------
                         slack                                  0.315    

Slack (MET) :             0.315ns  (arrival time - required time)
  Source:                 MUX/COUNTER/cnt_reg[8]/C
                            (rising edge-triggered cell FDRE clocked by sys_clk  {rise@0.000ns fall@10.000ns period=20.000ns})
  Destination:            MUX/COUNTER/cnt_reg[8]/D
                            (rising edge-triggered cell FDRE clocked by sys_clk  {rise@0.000ns fall@10.000ns period=20.000ns})
  Path Group:             sys_clk
  Path Type:              Hold (Min at Fast Process Corner)
  Requirement:            0.000ns  (sys_clk rise@0.000ns - sys_clk rise@0.000ns)
  Data Path Delay:        0.449ns  (logic 0.279ns (62.071%)  route 0.170ns (37.929%))
  Logic Levels:           1  (CARRY4=1)
  Clock Path Skew:        0.000ns (DCD - SCD - CPR)
    Destination Clock Delay (DCD):    2.055ns
    Source Clock Delay      (SCD):    1.538ns
    Clock Pessimism Removal (CPR):    0.517ns

    Location             Delay type                Incr(ns)  Path(ns)    Netlist Resource(s)
  -------------------------------------------------------------------    -------------------
                         (clock sys_clk rise edge)    0.000     0.000 r  
    N11                                               0.000     0.000 r  i_clk (IN)
                         net (fo=0)                   0.000     0.000    i_clk
    N11                  IBUF (Prop_ibuf_I_O)         0.286     0.286 r  i_clk_IBUF_inst/O
                         net (fo=1, routed)           0.634     0.920    i_clk_IBUF
    BUFGCTRL_X0Y0        BUFG (Prop_bufg_I_O)         0.026     0.946 r  i_clk_IBUF_BUFG_inst/O
                         net (fo=16, routed)          0.592     1.538    MUX/COUNTER/i_clk
    SLICE_X64Y58         FDRE                                         r  MUX/COUNTER/cnt_reg[8]/C
  -------------------------------------------------------------------    -------------------
    SLICE_X64Y58         FDRE (Prop_fdre_C_Q)         0.164     1.702 r  MUX/COUNTER/cnt_reg[8]/Q
                         net (fo=1, routed)           0.170     1.873    MUX/COUNTER/cnt_reg_n_0_[8]
    SLICE_X64Y58         CARRY4 (Prop_carry4_S[0]_O[0])
                                                      0.115     1.988 r  MUX/COUNTER/cnt_reg[8]_i_1/O[0]
                         net (fo=1, routed)           0.000     1.988    MUX/COUNTER/cnt_reg[8]_i_1_n_7
    SLICE_X64Y58         FDRE                                         r  MUX/COUNTER/cnt_reg[8]/D
  -------------------------------------------------------------------    -------------------

                         (clock sys_clk rise edge)    0.000     0.000 r  
    N11                                               0.000     0.000 r  i_clk (IN)
                         net (fo=0)                   0.000     0.000    i_clk
    N11                  IBUF (Prop_ibuf_I_O)         0.475     0.475 r  i_clk_IBUF_inst/O
                         net (fo=1, routed)           0.689     1.163    i_clk_IBUF
    BUFGCTRL_X0Y0        BUFG (Prop_bufg_I_O)         0.029     1.192 r  i_clk_IBUF_BUFG_inst/O
                         net (fo=16, routed)          0.862     2.055    MUX/COUNTER/i_clk
    SLICE_X64Y58         FDRE                                         r  MUX/COUNTER/cnt_reg[8]/C
                         clock pessimism             -0.517     1.538    
    SLICE_X64Y58         FDRE (Hold_fdre_C_D)         0.134     1.672    MUX/COUNTER/cnt_reg[8]
  -------------------------------------------------------------------
                         required time                         -1.672    
                         arrival time                           1.988    
  -------------------------------------------------------------------
                         slack                                  0.315    

Slack (MET) :             0.343ns  (arrival time - required time)
  Source:                 MUX/COUNTER/cnt_reg[0]/C
                            (rising edge-triggered cell FDRE clocked by sys_clk  {rise@0.000ns fall@10.000ns period=20.000ns})
  Destination:            MUX/COUNTER/cnt_reg[1]/D
                            (rising edge-triggered cell FDRE clocked by sys_clk  {rise@0.000ns fall@10.000ns period=20.000ns})
  Path Group:             sys_clk
  Path Type:              Hold (Min at Fast Process Corner)
  Requirement:            0.000ns  (sys_clk rise@0.000ns - sys_clk rise@0.000ns)
  Data Path Delay:        0.477ns  (logic 0.314ns (65.814%)  route 0.163ns (34.186%))
  Logic Levels:           2  (CARRY4=1 LUT1=1)
  Clock Path Skew:        0.000ns (DCD - SCD - CPR)
    Destination Clock Delay (DCD):    2.056ns
    Source Clock Delay      (SCD):    1.539ns
    Clock Pessimism Removal (CPR):    0.517ns

    Location             Delay type                Incr(ns)  Path(ns)    Netlist Resource(s)
  -------------------------------------------------------------------    -------------------
                         (clock sys_clk rise edge)    0.000     0.000 r  
    N11                                               0.000     0.000 r  i_clk (IN)
                         net (fo=0)                   0.000     0.000    i_clk
    N11                  IBUF (Prop_ibuf_I_O)         0.286     0.286 r  i_clk_IBUF_inst/O
                         net (fo=1, routed)           0.634     0.920    i_clk_IBUF
    BUFGCTRL_X0Y0        BUFG (Prop_bufg_I_O)         0.026     0.946 r  i_clk_IBUF_BUFG_inst/O
                         net (fo=16, routed)          0.593     1.539    MUX/COUNTER/i_clk
    SLICE_X64Y56         FDRE                                         r  MUX/COUNTER/cnt_reg[0]/C
  -------------------------------------------------------------------    -------------------
    SLICE_X64Y56         FDRE (Prop_fdre_C_Q)         0.164     1.703 f  MUX/COUNTER/cnt_reg[0]/Q
                         net (fo=1, routed)           0.163     1.866    MUX/COUNTER/cnt_reg_n_0_[0]
    SLICE_X64Y56         LUT1 (Prop_lut1_I0_O)        0.045     1.911 r  MUX/COUNTER/cnt[0]_i_2/O
                         net (fo=1, routed)           0.000     1.911    MUX/COUNTER/cnt[0]_i_2_n_0
    SLICE_X64Y56         CARRY4 (Prop_carry4_S[0]_O[1])
                                                      0.105     2.016 r  MUX/COUNTER/cnt_reg[0]_i_1/O[1]
                         net (fo=1, routed)           0.000     2.016    MUX/COUNTER/cnt_reg[0]_i_1_n_6
    SLICE_X64Y56         FDRE                                         r  MUX/COUNTER/cnt_reg[1]/D
  -------------------------------------------------------------------    -------------------

                         (clock sys_clk rise edge)    0.000     0.000 r  
    N11                                               0.000     0.000 r  i_clk (IN)
                         net (fo=0)                   0.000     0.000    i_clk
    N11                  IBUF (Prop_ibuf_I_O)         0.475     0.475 r  i_clk_IBUF_inst/O
                         net (fo=1, routed)           0.689     1.163    i_clk_IBUF
    BUFGCTRL_X0Y0        BUFG (Prop_bufg_I_O)         0.029     1.192 r  i_clk_IBUF_BUFG_inst/O
                         net (fo=16, routed)          0.863     2.056    MUX/COUNTER/i_clk
    SLICE_X64Y56         FDRE                                         r  MUX/COUNTER/cnt_reg[1]/C
                         clock pessimism             -0.517     1.539    
    SLICE_X64Y56         FDRE (Hold_fdre_C_D)         0.134     1.673    MUX/COUNTER/cnt_reg[1]
  -------------------------------------------------------------------
                         required time                         -1.673    
                         arrival time                           2.016    
  -------------------------------------------------------------------
                         slack                                  0.343    

Slack (MET) :             0.350ns  (arrival time - required time)
  Source:                 MUX/COUNTER/cnt_reg[12]/C
                            (rising edge-triggered cell FDRE clocked by sys_clk  {rise@0.000ns fall@10.000ns period=20.000ns})
  Destination:            MUX/COUNTER/cnt_reg[13]/D
                            (rising edge-triggered cell FDRE clocked by sys_clk  {rise@0.000ns fall@10.000ns period=20.000ns})
  Path Group:             sys_clk
  Path Type:              Hold (Min at Fast Process Corner)
  Requirement:            0.000ns  (sys_clk rise@0.000ns - sys_clk rise@0.000ns)
  Data Path Delay:        0.484ns  (logic 0.314ns (64.811%)  route 0.170ns (35.189%))
  Logic Levels:           1  (CARRY4=1)
  Clock Path Skew:        0.000ns (DCD - SCD - CPR)
    Destination Clock Delay (DCD):    2.055ns
    Source Clock Delay      (SCD):    1.538ns
    Clock Pessimism Removal (CPR):    0.517ns

    Location             Delay type                Incr(ns)  Path(ns)    Netlist Resource(s)
  -------------------------------------------------------------------    -------------------
                         (clock sys_clk rise edge)    0.000     0.000 r  
    N11                                               0.000     0.000 r  i_clk (IN)
                         net (fo=0)                   0.000     0.000    i_clk
    N11                  IBUF (Prop_ibuf_I_O)         0.286     0.286 r  i_clk_IBUF_inst/O
                         net (fo=1, routed)           0.634     0.920    i_clk_IBUF
    BUFGCTRL_X0Y0        BUFG (Prop_bufg_I_O)         0.026     0.946 r  i_clk_IBUF_BUFG_inst/O
                         net (fo=16, routed)          0.592     1.538    MUX/COUNTER/i_clk
    SLICE_X64Y59         FDRE                                         r  MUX/COUNTER/cnt_reg[12]/C
  -------------------------------------------------------------------    -------------------
    SLICE_X64Y59         FDRE (Prop_fdre_C_Q)         0.164     1.702 r  MUX/COUNTER/cnt_reg[12]/Q
                         net (fo=1, routed)           0.170     1.873    MUX/COUNTER/cnt_reg_n_0_[12]
    SLICE_X64Y59         CARRY4 (Prop_carry4_S[0]_O[1])
                                                      0.150     2.023 r  MUX/COUNTER/cnt_reg[12]_i_1/O[1]
                         net (fo=1, routed)           0.000     2.023    MUX/COUNTER/cnt_reg[12]_i_1_n_6
    SLICE_X64Y59         FDRE                                         r  MUX/COUNTER/cnt_reg[13]/D
  -------------------------------------------------------------------    -------------------

                         (clock sys_clk rise edge)    0.000     0.000 r  
    N11                                               0.000     0.000 r  i_clk (IN)
                         net (fo=0)                   0.000     0.000    i_clk
    N11                  IBUF (Prop_ibuf_I_O)         0.475     0.475 r  i_clk_IBUF_inst/O
                         net (fo=1, routed)           0.689     1.163    i_clk_IBUF
    BUFGCTRL_X0Y0        BUFG (Prop_bufg_I_O)         0.029     1.192 r  i_clk_IBUF_BUFG_inst/O
                         net (fo=16, routed)          0.862     2.055    MUX/COUNTER/i_clk
    SLICE_X64Y59         FDRE                                         r  MUX/COUNTER/cnt_reg[13]/C
                         clock pessimism             -0.517     1.538    
    SLICE_X64Y59         FDRE (Hold_fdre_C_D)         0.134     1.672    MUX/COUNTER/cnt_reg[13]
  -------------------------------------------------------------------
                         required time                         -1.672    
                         arrival time                           2.023    
  -------------------------------------------------------------------
                         slack                                  0.350    

Slack (MET) :             0.350ns  (arrival time - required time)
  Source:                 MUX/COUNTER/cnt_reg[4]/C
                            (rising edge-triggered cell FDRE clocked by sys_clk  {rise@0.000ns fall@10.000ns period=20.000ns})
  Destination:            MUX/COUNTER/cnt_reg[5]/D
                            (rising edge-triggered cell FDRE clocked by sys_clk  {rise@0.000ns fall@10.000ns period=20.000ns})
  Path Group:             sys_clk
  Path Type:              Hold (Min at Fast Process Corner)
  Requirement:            0.000ns  (sys_clk rise@0.000ns - sys_clk rise@0.000ns)
  Data Path Delay:        0.484ns  (logic 0.314ns (64.811%)  route 0.170ns (35.189%))
  Logic Levels:           1  (CARRY4=1)
  Clock Path Skew:        0.000ns (DCD - SCD - CPR)
    Destination Clock Delay (DCD):    2.055ns
    Source Clock Delay      (SCD):    1.538ns
    Clock Pessimism Removal (CPR):    0.517ns

    Location             Delay type                Incr(ns)  Path(ns)    Netlist Resource(s)
  -------------------------------------------------------------------    -------------------
                         (clock sys_clk rise edge)    0.000     0.000 r  
    N11                                               0.000     0.000 r  i_clk (IN)
                         net (fo=0)                   0.000     0.000    i_clk
    N11                  IBUF (Prop_ibuf_I_O)         0.286     0.286 r  i_clk_IBUF_inst/O
                         net (fo=1, routed)           0.634     0.920    i_clk_IBUF
    BUFGCTRL_X0Y0        BUFG (Prop_bufg_I_O)         0.026     0.946 r  i_clk_IBUF_BUFG_inst/O
                         net (fo=16, routed)          0.592     1.538    MUX/COUNTER/i_clk
    SLICE_X64Y57         FDRE                                         r  MUX/COUNTER/cnt_reg[4]/C
  -------------------------------------------------------------------    -------------------
    SLICE_X64Y57         FDRE (Prop_fdre_C_Q)         0.164     1.702 r  MUX/COUNTER/cnt_reg[4]/Q
                         net (fo=1, routed)           0.170     1.873    MUX/COUNTER/cnt_reg_n_0_[4]
    SLICE_X64Y57         CARRY4 (Prop_carry4_S[0]_O[1])
                                                      0.150     2.023 r  MUX/COUNTER/cnt_reg[4]_i_1/O[1]
                         net (fo=1, routed)           0.000     2.023    MUX/COUNTER/cnt_reg[4]_i_1_n_6
    SLICE_X64Y57         FDRE                                         r  MUX/COUNTER/cnt_reg[5]/D
  -------------------------------------------------------------------    -------------------

                         (clock sys_clk rise edge)    0.000     0.000 r  
    N11                                               0.000     0.000 r  i_clk (IN)
                         net (fo=0)                   0.000     0.000    i_clk
    N11                  IBUF (Prop_ibuf_I_O)         0.475     0.475 r  i_clk_IBUF_inst/O
                         net (fo=1, routed)           0.689     1.163    i_clk_IBUF
    BUFGCTRL_X0Y0        BUFG (Prop_bufg_I_O)         0.029     1.192 r  i_clk_IBUF_BUFG_inst/O
                         net (fo=16, routed)          0.862     2.055    MUX/COUNTER/i_clk
    SLICE_X64Y57         FDRE                                         r  MUX/COUNTER/cnt_reg[5]/C
                         clock pessimism             -0.517     1.538    
    SLICE_X64Y57         FDRE (Hold_fdre_C_D)         0.134     1.672    MUX/COUNTER/cnt_reg[5]
  -------------------------------------------------------------------
                         required time                         -1.672    
                         arrival time                           2.023    
  -------------------------------------------------------------------
                         slack                                  0.350    

Slack (MET) :             0.350ns  (arrival time - required time)
  Source:                 MUX/COUNTER/cnt_reg[8]/C
                            (rising edge-triggered cell FDRE clocked by sys_clk  {rise@0.000ns fall@10.000ns period=20.000ns})
  Destination:            MUX/COUNTER/cnt_reg[9]/D
                            (rising edge-triggered cell FDRE clocked by sys_clk  {rise@0.000ns fall@10.000ns period=20.000ns})
  Path Group:             sys_clk
  Path Type:              Hold (Min at Fast Process Corner)
  Requirement:            0.000ns  (sys_clk rise@0.000ns - sys_clk rise@0.000ns)
  Data Path Delay:        0.484ns  (logic 0.314ns (64.811%)  route 0.170ns (35.189%))
  Logic Levels:           1  (CARRY4=1)
  Clock Path Skew:        0.000ns (DCD - SCD - CPR)
    Destination Clock Delay (DCD):    2.055ns
    Source Clock Delay      (SCD):    1.538ns
    Clock Pessimism Removal (CPR):    0.517ns

    Location             Delay type                Incr(ns)  Path(ns)    Netlist Resource(s)
  -------------------------------------------------------------------    -------------------
                         (clock sys_clk rise edge)    0.000     0.000 r  
    N11                                               0.000     0.000 r  i_clk (IN)
                         net (fo=0)                   0.000     0.000    i_clk
    N11                  IBUF (Prop_ibuf_I_O)         0.286     0.286 r  i_clk_IBUF_inst/O
                         net (fo=1, routed)           0.634     0.920    i_clk_IBUF
    BUFGCTRL_X0Y0        BUFG (Prop_bufg_I_O)         0.026     0.946 r  i_clk_IBUF_BUFG_inst/O
                         net (fo=16, routed)          0.592     1.538    MUX/COUNTER/i_clk
    SLICE_X64Y58         FDRE                                         r  MUX/COUNTER/cnt_reg[8]/C
  -------------------------------------------------------------------    -------------------
    SLICE_X64Y58         FDRE (Prop_fdre_C_Q)         0.164     1.702 r  MUX/COUNTER/cnt_reg[8]/Q
                         net (fo=1, routed)           0.170     1.873    MUX/COUNTER/cnt_reg_n_0_[8]
    SLICE_X64Y58         CARRY4 (Prop_carry4_S[0]_O[1])
                                                      0.150     2.023 r  MUX/COUNTER/cnt_reg[8]_i_1/O[1]
                         net (fo=1, routed)           0.000     2.023    MUX/COUNTER/cnt_reg[8]_i_1_n_6
    SLICE_X64Y58         FDRE                                         r  MUX/COUNTER/cnt_reg[9]/D
  -------------------------------------------------------------------    -------------------

                         (clock sys_clk rise edge)    0.000     0.000 r  
    N11                                               0.000     0.000 r  i_clk (IN)
                         net (fo=0)                   0.000     0.000    i_clk
    N11                  IBUF (Prop_ibuf_I_O)         0.475     0.475 r  i_clk_IBUF_inst/O
                         net (fo=1, routed)           0.689     1.163    i_clk_IBUF
    BUFGCTRL_X0Y0        BUFG (Prop_bufg_I_O)         0.029     1.192 r  i_clk_IBUF_BUFG_inst/O
                         net (fo=16, routed)          0.862     2.055    MUX/COUNTER/i_clk
    SLICE_X64Y58         FDRE                                         r  MUX/COUNTER/cnt_reg[9]/C
                         clock pessimism             -0.517     1.538    
    SLICE_X64Y58         FDRE (Hold_fdre_C_D)         0.134     1.672    MUX/COUNTER/cnt_reg[9]
  -------------------------------------------------------------------
                         required time                         -1.672    
                         arrival time                           2.023    
  -------------------------------------------------------------------
                         slack                                  0.350    

Slack (MET) :             0.383ns  (arrival time - required time)
  Source:                 MUX/COUNTER/cnt_reg[0]/C
                            (rising edge-triggered cell FDRE clocked by sys_clk  {rise@0.000ns fall@10.000ns period=20.000ns})
  Destination:            MUX/COUNTER/cnt_reg[2]/D
                            (rising edge-triggered cell FDRE clocked by sys_clk  {rise@0.000ns fall@10.000ns period=20.000ns})
  Path Group:             sys_clk
  Path Type:              Hold (Min at Fast Process Corner)
  Requirement:            0.000ns  (sys_clk rise@0.000ns - sys_clk rise@0.000ns)
  Data Path Delay:        0.517ns  (logic 0.354ns (68.458%)  route 0.163ns (31.542%))
  Logic Levels:           2  (CARRY4=1 LUT1=1)
  Clock Path Skew:        0.000ns (DCD - SCD - CPR)
    Destination Clock Delay (DCD):    2.056ns
    Source Clock Delay      (SCD):    1.539ns
    Clock Pessimism Removal (CPR):    0.517ns

    Location             Delay type                Incr(ns)  Path(ns)    Netlist Resource(s)
  -------------------------------------------------------------------    -------------------
                         (clock sys_clk rise edge)    0.000     0.000 r  
    N11                                               0.000     0.000 r  i_clk (IN)
                         net (fo=0)                   0.000     0.000    i_clk
    N11                  IBUF (Prop_ibuf_I_O)         0.286     0.286 r  i_clk_IBUF_inst/O
                         net (fo=1, routed)           0.634     0.920    i_clk_IBUF
    BUFGCTRL_X0Y0        BUFG (Prop_bufg_I_O)         0.026     0.946 r  i_clk_IBUF_BUFG_inst/O
                         net (fo=16, routed)          0.593     1.539    MUX/COUNTER/i_clk
    SLICE_X64Y56         FDRE                                         r  MUX/COUNTER/cnt_reg[0]/C
  -------------------------------------------------------------------    -------------------
    SLICE_X64Y56         FDRE (Prop_fdre_C_Q)         0.164     1.703 f  MUX/COUNTER/cnt_reg[0]/Q
                         net (fo=1, routed)           0.163     1.866    MUX/COUNTER/cnt_reg_n_0_[0]
    SLICE_X64Y56         LUT1 (Prop_lut1_I0_O)        0.045     1.911 r  MUX/COUNTER/cnt[0]_i_2/O
                         net (fo=1, routed)           0.000     1.911    MUX/COUNTER/cnt[0]_i_2_n_0
    SLICE_X64Y56         CARRY4 (Prop_carry4_S[0]_O[2])
                                                      0.145     2.056 r  MUX/COUNTER/cnt_reg[0]_i_1/O[2]
                         net (fo=1, routed)           0.000     2.056    MUX/COUNTER/cnt_reg[0]_i_1_n_5
    SLICE_X64Y56         FDRE                                         r  MUX/COUNTER/cnt_reg[2]/D
  -------------------------------------------------------------------    -------------------

                         (clock sys_clk rise edge)    0.000     0.000 r  
    N11                                               0.000     0.000 r  i_clk (IN)
                         net (fo=0)                   0.000     0.000    i_clk
    N11                  IBUF (Prop_ibuf_I_O)         0.475     0.475 r  i_clk_IBUF_inst/O
                         net (fo=1, routed)           0.689     1.163    i_clk_IBUF
    BUFGCTRL_X0Y0        BUFG (Prop_bufg_I_O)         0.029     1.192 r  i_clk_IBUF_BUFG_inst/O
                         net (fo=16, routed)          0.863     2.056    MUX/COUNTER/i_clk
    SLICE_X64Y56         FDRE                                         r  MUX/COUNTER/cnt_reg[2]/C
                         clock pessimism             -0.517     1.539    
    SLICE_X64Y56         FDRE (Hold_fdre_C_D)         0.134     1.673    MUX/COUNTER/cnt_reg[2]
  -------------------------------------------------------------------
                         required time                         -1.673    
                         arrival time                           2.056    
  -------------------------------------------------------------------
                         slack                                  0.383    

Slack (MET) :             0.390ns  (arrival time - required time)
  Source:                 MUX/COUNTER/cnt_reg[8]/C
                            (rising edge-triggered cell FDRE clocked by sys_clk  {rise@0.000ns fall@10.000ns period=20.000ns})
  Destination:            MUX/COUNTER/cnt_reg[10]/D
                            (rising edge-triggered cell FDRE clocked by sys_clk  {rise@0.000ns fall@10.000ns period=20.000ns})
  Path Group:             sys_clk
  Path Type:              Hold (Min at Fast Process Corner)
  Requirement:            0.000ns  (sys_clk rise@0.000ns - sys_clk rise@0.000ns)
  Data Path Delay:        0.524ns  (logic 0.354ns (67.495%)  route 0.170ns (32.505%))
  Logic Levels:           1  (CARRY4=1)
  Clock Path Skew:        0.000ns (DCD - SCD - CPR)
    Destination Clock Delay (DCD):    2.055ns
    Source Clock Delay      (SCD):    1.538ns
    Clock Pessimism Removal (CPR):    0.517ns

    Location             Delay type                Incr(ns)  Path(ns)    Netlist Resource(s)
  -------------------------------------------------------------------    -------------------
                         (clock sys_clk rise edge)    0.000     0.000 r  
    N11                                               0.000     0.000 r  i_clk (IN)
                         net (fo=0)                   0.000     0.000    i_clk
    N11                  IBUF (Prop_ibuf_I_O)         0.286     0.286 r  i_clk_IBUF_inst/O
                         net (fo=1, routed)           0.634     0.920    i_clk_IBUF
    BUFGCTRL_X0Y0        BUFG (Prop_bufg_I_O)         0.026     0.946 r  i_clk_IBUF_BUFG_inst/O
                         net (fo=16, routed)          0.592     1.538    MUX/COUNTER/i_clk
    SLICE_X64Y58         FDRE                                         r  MUX/COUNTER/cnt_reg[8]/C
  -------------------------------------------------------------------    -------------------
    SLICE_X64Y58         FDRE (Prop_fdre_C_Q)         0.164     1.702 r  MUX/COUNTER/cnt_reg[8]/Q
                         net (fo=1, routed)           0.170     1.873    MUX/COUNTER/cnt_reg_n_0_[8]
    SLICE_X64Y58         CARRY4 (Prop_carry4_S[0]_O[2])
                                                      0.190     2.063 r  MUX/COUNTER/cnt_reg[8]_i_1/O[2]
                         net (fo=1, routed)           0.000     2.063    MUX/COUNTER/cnt_reg[8]_i_1_n_5
    SLICE_X64Y58         FDRE                                         r  MUX/COUNTER/cnt_reg[10]/D
  -------------------------------------------------------------------    -------------------

                         (clock sys_clk rise edge)    0.000     0.000 r  
    N11                                               0.000     0.000 r  i_clk (IN)
                         net (fo=0)                   0.000     0.000    i_clk
    N11                  IBUF (Prop_ibuf_I_O)         0.475     0.475 r  i_clk_IBUF_inst/O
                         net (fo=1, routed)           0.689     1.163    i_clk_IBUF
    BUFGCTRL_X0Y0        BUFG (Prop_bufg_I_O)         0.029     1.192 r  i_clk_IBUF_BUFG_inst/O
                         net (fo=16, routed)          0.862     2.055    MUX/COUNTER/i_clk
    SLICE_X64Y58         FDRE                                         r  MUX/COUNTER/cnt_reg[10]/C
                         clock pessimism             -0.517     1.538    
    SLICE_X64Y58         FDRE (Hold_fdre_C_D)         0.134     1.672    MUX/COUNTER/cnt_reg[10]
  -------------------------------------------------------------------
                         required time                         -1.672    
                         arrival time                           2.063    
  -------------------------------------------------------------------
                         slack                                  0.390    





Pulse Width Checks
--------------------------------------------------------------------------------------
Clock Name:         sys_clk
Waveform(ns):       { 0.000 10.000 }
Period(ns):         20.000
Sources:            { i_clk }

Check Type        Corner  Lib Pin  Reference Pin  Required(ns)  Actual(ns)  Slack(ns)  Location       Pin
Min Period        n/a     BUFG/I   n/a            2.155         20.000      17.845     BUFGCTRL_X0Y0  i_clk_IBUF_BUFG_inst/I
Min Period        n/a     FDRE/C   n/a            1.000         20.000      19.000     SLICE_X64Y56   MUX/COUNTER/cnt_reg[0]/C
Min Period        n/a     FDRE/C   n/a            1.000         20.000      19.000     SLICE_X64Y58   MUX/COUNTER/cnt_reg[10]/C
Min Period        n/a     FDRE/C   n/a            1.000         20.000      19.000     SLICE_X64Y58   MUX/COUNTER/cnt_reg[11]/C
Min Period        n/a     FDRE/C   n/a            1.000         20.000      19.000     SLICE_X64Y59   MUX/COUNTER/cnt_reg[12]/C
Min Period        n/a     FDRE/C   n/a            1.000         20.000      19.000     SLICE_X64Y59   MUX/COUNTER/cnt_reg[13]/C
Min Period        n/a     FDRE/C   n/a            1.000         20.000      19.000     SLICE_X64Y59   MUX/COUNTER/cnt_reg[14]/C
Min Period        n/a     FDRE/C   n/a            1.000         20.000      19.000     SLICE_X64Y59   MUX/COUNTER/cnt_reg[15]/C
Min Period        n/a     FDRE/C   n/a            1.000         20.000      19.000     SLICE_X64Y56   MUX/COUNTER/cnt_reg[1]/C
Min Period        n/a     FDRE/C   n/a            1.000         20.000      19.000     SLICE_X64Y56   MUX/COUNTER/cnt_reg[2]/C
Low Pulse Width   Slow    FDRE/C   n/a            0.500         10.000      9.500      SLICE_X64Y56   MUX/COUNTER/cnt_reg[0]/C
Low Pulse Width   Fast    FDRE/C   n/a            0.500         10.000      9.500      SLICE_X64Y56   MUX/COUNTER/cnt_reg[0]/C
Low Pulse Width   Slow    FDRE/C   n/a            0.500         10.000      9.500      SLICE_X64Y58   MUX/COUNTER/cnt_reg[10]/C
Low Pulse Width   Fast    FDRE/C   n/a            0.500         10.000      9.500      SLICE_X64Y58   MUX/COUNTER/cnt_reg[10]/C
Low Pulse Width   Slow    FDRE/C   n/a            0.500         10.000      9.500      SLICE_X64Y58   MUX/COUNTER/cnt_reg[11]/C
Low Pulse Width   Fast    FDRE/C   n/a            0.500         10.000      9.500      SLICE_X64Y58   MUX/COUNTER/cnt_reg[11]/C
Low Pulse Width   Slow    FDRE/C   n/a            0.500         10.000      9.500      SLICE_X64Y59   MUX/COUNTER/cnt_reg[12]/C
Low Pulse Width   Fast    FDRE/C   n/a            0.500         10.000      9.500      SLICE_X64Y59   MUX/COUNTER/cnt_reg[12]/C
Low Pulse Width   Slow    FDRE/C   n/a            0.500         10.000      9.500      SLICE_X64Y59   MUX/COUNTER/cnt_reg[13]/C
Low Pulse Width   Fast    FDRE/C   n/a            0.500         10.000      9.500      SLICE_X64Y59   MUX/COUNTER/cnt_reg[13]/C
High Pulse Width  Slow    FDRE/C   n/a            0.500         10.000      9.500      SLICE_X64Y56   MUX/COUNTER/cnt_reg[0]/C
High Pulse Width  Fast    FDRE/C   n/a            0.500         10.000      9.500      SLICE_X64Y56   MUX/COUNTER/cnt_reg[0]/C
High Pulse Width  Slow    FDRE/C   n/a            0.500         10.000      9.500      SLICE_X64Y58   MUX/COUNTER/cnt_reg[10]/C
High Pulse Width  Fast    FDRE/C   n/a            0.500         10.000      9.500      SLICE_X64Y58   MUX/COUNTER/cnt_reg[10]/C
High Pulse Width  Slow    FDRE/C   n/a            0.500         10.000      9.500      SLICE_X64Y58   MUX/COUNTER/cnt_reg[11]/C
High Pulse Width  Fast    FDRE/C   n/a            0.500         10.000      9.500      SLICE_X64Y58   MUX/COUNTER/cnt_reg[11]/C
High Pulse Width  Slow    FDRE/C   n/a            0.500         10.000      9.500      SLICE_X64Y59   MUX/COUNTER/cnt_reg[12]/C
High Pulse Width  Fast    FDRE/C   n/a            0.500         10.000      9.500      SLICE_X64Y59   MUX/COUNTER/cnt_reg[12]/C
High Pulse Width  Slow    FDRE/C   n/a            0.500         10.000      9.500      SLICE_X64Y59   MUX/COUNTER/cnt_reg[13]/C
High Pulse Width  Fast    FDRE/C   n/a            0.500         10.000      9.500      SLICE_X64Y59   MUX/COUNTER/cnt_reg[13]/C



--------------------------------------------------------------------------------------
Path Group:  (none)
From Clock:  
  To Clock:  

Max Delay             7 Endpoints
Min Delay             7 Endpoints
--------------------------------------------------------------------------------------


Max Delay Paths
--------------------------------------------------------------------------------------
Slack:                    inf
  Source:                 data_in[10]
                            (input port)
  Destination:            Sseg_out[3]
                            (output port)
  Path Group:             (none)
  Path Type:              Max at Slow Process Corner
  Data Path Delay:        13.195ns  (logic 5.523ns (41.855%)  route 7.672ns (58.145%))
  Logic Levels:           4  (IBUF=1 LUT4=1 LUT6=1 OBUF=1)

    Location             Delay type                Incr(ns)  Path(ns)    Netlist Resource(s)
  -------------------------------------------------------------------    -------------------
    T8                                                0.000     0.000 r  data_in[10] (IN)
                         net (fo=0)                   0.000     0.000    data_in[10]
    T8                   IBUF (Prop_ibuf_I_O)         1.514     1.514 r  data_in_IBUF[10]_inst/O
                         net (fo=1, routed)           4.239     5.753    MUX/COUNTER/data_in_IBUF[10]
    SLICE_X65Y43         LUT6 (Prop_lut6_I5_O)        0.124     5.877 r  MUX/COUNTER/Sseg_out_OBUF[6]_inst_i_4/O
                         net (fo=7, routed)           1.604     7.481    MUX/COUNTER/S_out[2]
    SLICE_X65Y61         LUT4 (Prop_lut4_I1_O)        0.152     7.633 r  MUX/COUNTER/Sseg_out_OBUF[3]_inst_i_1/O
                         net (fo=1, routed)           1.829     9.462    Sseg_out_OBUF[3]
    H4                   OBUF (Prop_obuf_I_O)         3.733    13.195 r  Sseg_out_OBUF[3]_inst/O
                         net (fo=0)                   0.000    13.195    Sseg_out[3]
    H4                                                                r  Sseg_out[3] (OUT)
  -------------------------------------------------------------------    -------------------

Slack:                    inf
  Source:                 data_in[10]
                            (input port)
  Destination:            Sseg_out[6]
                            (output port)
  Path Group:             (none)
  Path Type:              Max at Slow Process Corner
  Data Path Delay:        13.169ns  (logic 5.519ns (41.911%)  route 7.650ns (58.089%))
  Logic Levels:           4  (IBUF=1 LUT4=1 LUT6=1 OBUF=1)

    Location             Delay type                Incr(ns)  Path(ns)    Netlist Resource(s)
  -------------------------------------------------------------------    -------------------
    T8                                                0.000     0.000 r  data_in[10] (IN)
                         net (fo=0)                   0.000     0.000    data_in[10]
    T8                   IBUF (Prop_ibuf_I_O)         1.514     1.514 r  data_in_IBUF[10]_inst/O
                         net (fo=1, routed)           4.239     5.753    MUX/COUNTER/data_in_IBUF[10]
    SLICE_X65Y43         LUT6 (Prop_lut6_I5_O)        0.124     5.877 r  MUX/COUNTER/Sseg_out_OBUF[6]_inst_i_4/O
                         net (fo=7, routed)           1.603     7.480    MUX/COUNTER/S_out[2]
    SLICE_X65Y61         LUT4 (Prop_lut4_I2_O)        0.152     7.632 r  MUX/COUNTER/Sseg_out_OBUF[6]_inst_i_1/O
                         net (fo=1, routed)           1.807     9.439    Sseg_out_OBUF[6]
    H2                   OBUF (Prop_obuf_I_O)         3.729    13.169 r  Sseg_out_OBUF[6]_inst/O
                         net (fo=0)                   0.000    13.169    Sseg_out[6]
    H2                                                                r  Sseg_out[6] (OUT)
  -------------------------------------------------------------------    -------------------

Slack:                    inf
  Source:                 data_in[13]
                            (input port)
  Destination:            Sseg_out[0]
                            (output port)
  Path Group:             (none)
  Path Type:              Max at Slow Process Corner
  Data Path Delay:        13.051ns  (logic 5.522ns (42.309%)  route 7.529ns (57.691%))
  Logic Levels:           4  (IBUF=1 LUT4=1 LUT6=1 OBUF=1)

    Location             Delay type                Incr(ns)  Path(ns)    Netlist Resource(s)
  -------------------------------------------------------------------    -------------------
    T7                                                0.000     0.000 r  data_in[13] (IN)
                         net (fo=0)                   0.000     0.000    data_in[13]
    T7                   IBUF (Prop_ibuf_I_O)         1.516     1.516 r  data_in_IBUF[13]_inst/O
                         net (fo=1, routed)           4.237     5.753    MUX/COUNTER/data_in_IBUF[13]
    SLICE_X65Y44         LUT6 (Prop_lut6_I2_O)        0.124     5.877 r  MUX/COUNTER/Sseg_out_OBUF[6]_inst_i_5/O
                         net (fo=7, routed)           1.425     7.302    MUX/COUNTER/S_out[1]
    SLICE_X65Y61         LUT4 (Prop_lut4_I3_O)        0.154     7.456 r  MUX/COUNTER/Sseg_out_OBUF[0]_inst_i_1/O
                         net (fo=1, routed)           1.867     9.324    Sseg_out_OBUF[0]
    G2                   OBUF (Prop_obuf_I_O)         3.728    13.051 r  Sseg_out_OBUF[0]_inst/O
                         net (fo=0)                   0.000    13.051    Sseg_out[0]
    G2                                                                r  Sseg_out[0] (OUT)
  -------------------------------------------------------------------    -------------------

Slack:                    inf
  Source:                 data_in[10]
                            (input port)
  Destination:            Sseg_out[1]
                            (output port)
  Path Group:             (none)
  Path Type:              Max at Slow Process Corner
  Data Path Delay:        12.990ns  (logic 5.287ns (40.703%)  route 7.703ns (59.297%))
  Logic Levels:           4  (IBUF=1 LUT4=1 LUT6=1 OBUF=1)

    Location             Delay type                Incr(ns)  Path(ns)    Netlist Resource(s)
  -------------------------------------------------------------------    -------------------
    T8                                                0.000     0.000 r  data_in[10] (IN)
                         net (fo=0)                   0.000     0.000    data_in[10]
    T8                   IBUF (Prop_ibuf_I_O)         1.514     1.514 r  data_in_IBUF[10]_inst/O
                         net (fo=1, routed)           4.239     5.753    MUX/COUNTER/data_in_IBUF[10]
    SLICE_X65Y43         LUT6 (Prop_lut6_I5_O)        0.124     5.877 r  MUX/COUNTER/Sseg_out_OBUF[6]_inst_i_4/O
                         net (fo=7, routed)           1.604     7.481    MUX/COUNTER/S_out[2]
    SLICE_X65Y61         LUT4 (Prop_lut4_I1_O)        0.124     7.605 r  MUX/COUNTER/Sseg_out_OBUF[1]_inst_i_1/O
                         net (fo=1, routed)           1.859     9.464    Sseg_out_OBUF[1]
    G1                   OBUF (Prop_obuf_I_O)         3.526    12.990 r  Sseg_out_OBUF[1]_inst/O
                         net (fo=0)                   0.000    12.990    Sseg_out[1]
    G1                                                                r  Sseg_out[1] (OUT)
  -------------------------------------------------------------------    -------------------

Slack:                    inf
  Source:                 data_in[10]
                            (input port)
  Destination:            Sseg_out[2]
                            (output port)
  Path Group:             (none)
  Path Type:              Max at Slow Process Corner
  Data Path Delay:        12.857ns  (logic 5.303ns (41.243%)  route 7.555ns (58.757%))
  Logic Levels:           4  (IBUF=1 LUT4=1 LUT6=1 OBUF=1)

    Location             Delay type                Incr(ns)  Path(ns)    Netlist Resource(s)
  -------------------------------------------------------------------    -------------------
    T8                                                0.000     0.000 r  data_in[10] (IN)
                         net (fo=0)                   0.000     0.000    data_in[10]
    T8                   IBUF (Prop_ibuf_I_O)         1.514     1.514 r  data_in_IBUF[10]_inst/O
                         net (fo=1, routed)           4.239     5.753    MUX/COUNTER/data_in_IBUF[10]
    SLICE_X65Y43         LUT6 (Prop_lut6_I5_O)        0.124     5.877 r  MUX/COUNTER/Sseg_out_OBUF[6]_inst_i_4/O
                         net (fo=7, routed)           1.603     7.480    MUX/COUNTER/S_out[2]
    SLICE_X65Y61         LUT4 (Prop_lut4_I3_O)        0.124     7.604 r  MUX/COUNTER/Sseg_out_OBUF[2]_inst_i_1/O
                         net (fo=1, routed)           1.712     9.316    Sseg_out_OBUF[2]
    H5                   OBUF (Prop_obuf_I_O)         3.541    12.857 r  Sseg_out_OBUF[2]_inst/O
                         net (fo=0)                   0.000    12.857    Sseg_out[2]
    H5                                                                r  Sseg_out[2] (OUT)
  -------------------------------------------------------------------    -------------------

Slack:                    inf
  Source:                 data_in[13]
                            (input port)
  Destination:            Sseg_out[4]
                            (output port)
  Path Group:             (none)
  Path Type:              Max at Slow Process Corner
  Data Path Delay:        12.624ns  (logic 5.294ns (41.936%)  route 7.330ns (58.064%))
  Logic Levels:           4  (IBUF=1 LUT4=1 LUT6=1 OBUF=1)

    Location             Delay type                Incr(ns)  Path(ns)    Netlist Resource(s)
  -------------------------------------------------------------------    -------------------
    T7                                                0.000     0.000 f  data_in[13] (IN)
                         net (fo=0)                   0.000     0.000    data_in[13]
    T7                   IBUF (Prop_ibuf_I_O)         1.516     1.516 f  data_in_IBUF[13]_inst/O
                         net (fo=1, routed)           4.237     5.753    MUX/COUNTER/data_in_IBUF[13]
    SLICE_X65Y44         LUT6 (Prop_lut6_I2_O)        0.124     5.877 f  MUX/COUNTER/Sseg_out_OBUF[6]_inst_i_5/O
                         net (fo=7, routed)           1.430     7.307    MUX/COUNTER/S_out[1]
    SLICE_X65Y61         LUT4 (Prop_lut4_I1_O)        0.124     7.431 r  MUX/COUNTER/Sseg_out_OBUF[4]_inst_i_1/O
                         net (fo=1, routed)           1.663     9.094    Sseg_out_OBUF[4]
    J5                   OBUF (Prop_obuf_I_O)         3.530    12.624 r  Sseg_out_OBUF[4]_inst/O
                         net (fo=0)                   0.000    12.624    Sseg_out[4]
    J5                                                                r  Sseg_out[4] (OUT)
  -------------------------------------------------------------------    -------------------

Slack:                    inf
  Source:                 data_in[13]
                            (input port)
  Destination:            Sseg_out[5]
                            (output port)
  Path Group:             (none)
  Path Type:              Max at Slow Process Corner
  Data Path Delay:        12.614ns  (logic 5.291ns (41.946%)  route 7.323ns (58.054%))
  Logic Levels:           4  (IBUF=1 LUT4=1 LUT6=1 OBUF=1)

    Location             Delay type                Incr(ns)  Path(ns)    Netlist Resource(s)
  -------------------------------------------------------------------    -------------------
    T7                                                0.000     0.000 r  data_in[13] (IN)
                         net (fo=0)                   0.000     0.000    data_in[13]
    T7                   IBUF (Prop_ibuf_I_O)         1.516     1.516 r  data_in_IBUF[13]_inst/O
                         net (fo=1, routed)           4.237     5.753    MUX/COUNTER/data_in_IBUF[13]
    SLICE_X65Y44         LUT6 (Prop_lut6_I2_O)        0.124     5.877 r  MUX/COUNTER/Sseg_out_OBUF[6]_inst_i_5/O
                         net (fo=7, routed)           1.425     7.302    MUX/COUNTER/S_out[1]
    SLICE_X65Y61         LUT4 (Prop_lut4_I3_O)        0.124     7.426 r  MUX/COUNTER/Sseg_out_OBUF[5]_inst_i_1/O
                         net (fo=1, routed)           1.661     9.087    Sseg_out_OBUF[5]
    J4                   OBUF (Prop_obuf_I_O)         3.527    12.614 r  Sseg_out_OBUF[5]_inst/O
                         net (fo=0)                   0.000    12.614    Sseg_out[5]
    J4                                                                r  Sseg_out[5] (OUT)
  -------------------------------------------------------------------    -------------------





Min Delay Paths
--------------------------------------------------------------------------------------
Slack:                    inf
  Source:                 data_in[4]
                            (input port)
  Destination:            Sseg_out[4]
                            (output port)
  Path Group:             (none)
  Path Type:              Min at Fast Process Corner
  Data Path Delay:        2.722ns  (logic 1.566ns (57.542%)  route 1.156ns (42.458%))
  Logic Levels:           4  (IBUF=1 LUT4=1 LUT6=1 OBUF=1)

    Location             Delay type                Incr(ns)  Path(ns)    Netlist Resource(s)
  -------------------------------------------------------------------    -------------------
    M1                                                0.000     0.000 r  data_in[4] (IN)
                         net (fo=0)                   0.000     0.000    data_in[4]
    M1                   IBUF (Prop_ibuf_I_O)         0.245     0.245 r  data_in_IBUF[4]_inst/O
                         net (fo=1, routed)           0.375     0.620    MUX/COUNTER/data_in_IBUF[4]
    SLICE_X65Y45         LUT6 (Prop_lut6_I0_O)        0.045     0.665 r  MUX/COUNTER/Sseg_out_OBUF[6]_inst_i_3/O
                         net (fo=7, routed)           0.450     1.115    MUX/COUNTER/S_out[0]
    SLICE_X65Y61         LUT4 (Prop_lut4_I3_O)        0.045     1.160 r  MUX/COUNTER/Sseg_out_OBUF[4]_inst_i_1/O
                         net (fo=1, routed)           0.331     1.491    Sseg_out_OBUF[4]
    J5                   OBUF (Prop_obuf_I_O)         1.231     2.722 r  Sseg_out_OBUF[4]_inst/O
                         net (fo=0)                   0.000     2.722    Sseg_out[4]
    J5                                                                r  Sseg_out[4] (OUT)
  -------------------------------------------------------------------    -------------------

Slack:                    inf
  Source:                 data_in[4]
                            (input port)
  Destination:            Sseg_out[1]
                            (output port)
  Path Group:             (none)
  Path Type:              Min at Fast Process Corner
  Data Path Delay:        2.737ns  (logic 1.562ns (57.063%)  route 1.175ns (42.937%))
  Logic Levels:           4  (IBUF=1 LUT4=1 LUT6=1 OBUF=1)

    Location             Delay type                Incr(ns)  Path(ns)    Netlist Resource(s)
  -------------------------------------------------------------------    -------------------
    M1                                                0.000     0.000 r  data_in[4] (IN)
                         net (fo=0)                   0.000     0.000    data_in[4]
    M1                   IBUF (Prop_ibuf_I_O)         0.245     0.245 r  data_in_IBUF[4]_inst/O
                         net (fo=1, routed)           0.375     0.620    MUX/COUNTER/data_in_IBUF[4]
    SLICE_X65Y45         LUT6 (Prop_lut6_I0_O)        0.045     0.665 r  MUX/COUNTER/Sseg_out_OBUF[6]_inst_i_3/O
                         net (fo=7, routed)           0.388     1.053    MUX/COUNTER/S_out[0]
    SLICE_X65Y61         LUT4 (Prop_lut4_I3_O)        0.045     1.098 r  MUX/COUNTER/Sseg_out_OBUF[1]_inst_i_1/O
                         net (fo=1, routed)           0.412     1.511    Sseg_out_OBUF[1]
    G1                   OBUF (Prop_obuf_I_O)         1.227     2.737 r  Sseg_out_OBUF[1]_inst/O
                         net (fo=0)                   0.000     2.737    Sseg_out[1]
    G1                                                                r  Sseg_out[1] (OUT)
  -------------------------------------------------------------------    -------------------

Slack:                    inf
  Source:                 data_in[6]
                            (input port)
  Destination:            Sseg_out[5]
                            (output port)
  Path Group:             (none)
  Path Type:              Min at Fast Process Corner
  Data Path Delay:        2.740ns  (logic 1.553ns (56.665%)  route 1.188ns (43.335%))
  Logic Levels:           4  (IBUF=1 LUT4=1 LUT6=1 OBUF=1)

    Location             Delay type                Incr(ns)  Path(ns)    Netlist Resource(s)
  -------------------------------------------------------------------    -------------------
    N2                                                0.000     0.000 r  data_in[6] (IN)
                         net (fo=0)                   0.000     0.000    data_in[6]
    N2                   IBUF (Prop_ibuf_I_O)         0.235     0.235 r  data_in_IBUF[6]_inst/O
                         net (fo=1, routed)           0.375     0.610    MUX/COUNTER/data_in_IBUF[6]
    SLICE_X65Y43         LUT6 (Prop_lut6_I0_O)        0.045     0.655 r  MUX/COUNTER/Sseg_out_OBUF[6]_inst_i_4/O
                         net (fo=7, routed)           0.481     1.136    MUX/COUNTER/S_out[2]
    SLICE_X65Y61         LUT4 (Prop_lut4_I1_O)        0.045     1.181 r  MUX/COUNTER/Sseg_out_OBUF[5]_inst_i_1/O
                         net (fo=1, routed)           0.332     1.513    Sseg_out_OBUF[5]
    J4                   OBUF (Prop_obuf_I_O)         1.228     2.740 r  Sseg_out_OBUF[5]_inst/O
                         net (fo=0)                   0.000     2.740    Sseg_out[5]
    J4                                                                r  Sseg_out[5] (OUT)
  -------------------------------------------------------------------    -------------------

Slack:                    inf
  Source:                 data_in[9]
                            (input port)
  Destination:            Sseg_out[2]
                            (output port)
  Path Group:             (none)
  Path Type:              Min at Fast Process Corner
  Data Path Delay:        2.757ns  (logic 1.569ns (56.903%)  route 1.188ns (43.097%))
  Logic Levels:           4  (IBUF=1 LUT4=1 LUT6=1 OBUF=1)

    Location             Delay type                Incr(ns)  Path(ns)    Netlist Resource(s)
  -------------------------------------------------------------------    -------------------
    P4                                                0.000     0.000 r  data_in[9] (IN)
                         net (fo=0)                   0.000     0.000    data_in[9]
    P4                   IBUF (Prop_ibuf_I_O)         0.237     0.237 r  data_in_IBUF[9]_inst/O
                         net (fo=1, routed)           0.364     0.601    MUX/COUNTER/data_in_IBUF[9]
    SLICE_X65Y44         LUT6 (Prop_lut6_I5_O)        0.045     0.646 r  MUX/COUNTER/Sseg_out_OBUF[6]_inst_i_5/O
                         net (fo=7, routed)           0.469     1.115    MUX/COUNTER/S_out[1]
    SLICE_X65Y61         LUT4 (Prop_lut4_I2_O)        0.045     1.160 r  MUX/COUNTER/Sseg_out_OBUF[2]_inst_i_1/O
                         net (fo=1, routed)           0.355     1.516    Sseg_out_OBUF[2]
    H5                   OBUF (Prop_obuf_I_O)         1.242     2.757 r  Sseg_out_OBUF[2]_inst/O
                         net (fo=0)                   0.000     2.757    Sseg_out[2]
    H5                                                                r  Sseg_out[2] (OUT)
  -------------------------------------------------------------------    -------------------

Slack:                    inf
  Source:                 data_in[4]
                            (input port)
  Destination:            Sseg_out[3]
                            (output port)
  Path Group:             (none)
  Path Type:              Min at Fast Process Corner
  Data Path Delay:        2.769ns  (logic 1.632ns (58.945%)  route 1.137ns (41.055%))
  Logic Levels:           4  (IBUF=1 LUT4=1 LUT6=1 OBUF=1)

    Location             Delay type                Incr(ns)  Path(ns)    Netlist Resource(s)
  -------------------------------------------------------------------    -------------------
    M1                                                0.000     0.000 r  data_in[4] (IN)
                         net (fo=0)                   0.000     0.000    data_in[4]
    M1                   IBUF (Prop_ibuf_I_O)         0.245     0.245 r  data_in_IBUF[4]_inst/O
                         net (fo=1, routed)           0.375     0.620    MUX/COUNTER/data_in_IBUF[4]
    SLICE_X65Y45         LUT6 (Prop_lut6_I0_O)        0.045     0.665 r  MUX/COUNTER/Sseg_out_OBUF[6]_inst_i_3/O
                         net (fo=7, routed)           0.388     1.053    MUX/COUNTER/S_out[0]
    SLICE_X65Y61         LUT4 (Prop_lut4_I2_O)        0.048     1.101 r  MUX/COUNTER/Sseg_out_OBUF[3]_inst_i_1/O
                         net (fo=1, routed)           0.374     1.475    Sseg_out_OBUF[3]
    H4                   OBUF (Prop_obuf_I_O)         1.294     2.769 r  Sseg_out_OBUF[3]_inst/O
                         net (fo=0)                   0.000     2.769    Sseg_out[3]
    H4                                                                r  Sseg_out[3] (OUT)
  -------------------------------------------------------------------    -------------------

Slack:                    inf
  Source:                 data_in[9]
                            (input port)
  Destination:            Sseg_out[6]
                            (output port)
  Path Group:             (none)
  Path Type:              Min at Fast Process Corner
  Data Path Delay:        2.844ns  (logic 1.617ns (56.841%)  route 1.227ns (43.159%))
  Logic Levels:           4  (IBUF=1 LUT4=1 LUT6=1 OBUF=1)

    Location             Delay type                Incr(ns)  Path(ns)    Netlist Resource(s)
  -------------------------------------------------------------------    -------------------
    P4                                                0.000     0.000 r  data_in[9] (IN)
                         net (fo=0)                   0.000     0.000    data_in[9]
    P4                   IBUF (Prop_ibuf_I_O)         0.237     0.237 r  data_in_IBUF[9]_inst/O
                         net (fo=1, routed)           0.364     0.601    MUX/COUNTER/data_in_IBUF[9]
    SLICE_X65Y44         LUT6 (Prop_lut6_I5_O)        0.045     0.646 r  MUX/COUNTER/Sseg_out_OBUF[6]_inst_i_5/O
                         net (fo=7, routed)           0.469     1.115    MUX/COUNTER/S_out[1]
    SLICE_X65Y61         LUT4 (Prop_lut4_I3_O)        0.045     1.160 r  MUX/COUNTER/Sseg_out_OBUF[6]_inst_i_1/O
                         net (fo=1, routed)           0.394     1.555    Sseg_out_OBUF[6]
    H2                   OBUF (Prop_obuf_I_O)         1.289     2.844 r  Sseg_out_OBUF[6]_inst/O
                         net (fo=0)                   0.000     2.844    Sseg_out[6]
    H2                                                                r  Sseg_out[6] (OUT)
  -------------------------------------------------------------------    -------------------

Slack:                    inf
  Source:                 data_in[6]
                            (input port)
  Destination:            Sseg_out[0]
                            (output port)
  Path Group:             (none)
  Path Type:              Min at Fast Process Corner
  Data Path Delay:        2.892ns  (logic 1.613ns (55.768%)  route 1.279ns (44.232%))
  Logic Levels:           4  (IBUF=1 LUT4=1 LUT6=1 OBUF=1)

    Location             Delay type                Incr(ns)  Path(ns)    Netlist Resource(s)
  -------------------------------------------------------------------    -------------------
    N2                                                0.000     0.000 r  data_in[6] (IN)
                         net (fo=0)                   0.000     0.000    data_in[6]
    N2                   IBUF (Prop_ibuf_I_O)         0.235     0.235 r  data_in_IBUF[6]_inst/O
                         net (fo=1, routed)           0.375     0.610    MUX/COUNTER/data_in_IBUF[6]
    SLICE_X65Y43         LUT6 (Prop_lut6_I0_O)        0.045     0.655 r  MUX/COUNTER/Sseg_out_OBUF[6]_inst_i_4/O
                         net (fo=7, routed)           0.481     1.136    MUX/COUNTER/S_out[2]
    SLICE_X65Y61         LUT4 (Prop_lut4_I1_O)        0.042     1.178 r  MUX/COUNTER/Sseg_out_OBUF[0]_inst_i_1/O
                         net (fo=1, routed)           0.423     1.601    Sseg_out_OBUF[0]
    G2                   OBUF (Prop_obuf_I_O)         1.291     2.892 r  Sseg_out_OBUF[0]_inst/O
                         net (fo=0)                   0.000     2.892    Sseg_out[0]
    G2                                                                r  Sseg_out[0] (OUT)
  -------------------------------------------------------------------    -------------------





--------------------------------------------------------------------------------------
Path Group:  (none)
From Clock:  sys_clk
  To Clock:  

Max Delay            11 Endpoints
Min Delay            11 Endpoints
--------------------------------------------------------------------------------------


Max Delay Paths
--------------------------------------------------------------------------------------
Slack:                    inf
  Source:                 MUX/COUNTER/cnt_reg[14]/C
                            (rising edge-triggered cell FDRE clocked by sys_clk  {rise@0.000ns fall@10.000ns period=20.000ns})
  Destination:            Sseg_out[0]
                            (output port)
  Path Group:             (none)
  Path Type:              Max at Slow Process Corner
  Data Path Delay:        9.694ns  (logic 4.524ns (46.668%)  route 5.170ns (53.332%))
  Logic Levels:           3  (LUT4=1 LUT6=1 OBUF=1)
  Clock Uncertainty:      0.025ns  ((TSJ^2 + TIJ^2)^1/2 + DJ) / 2 + PE
    Total System Jitter     (TSJ):    0.050ns
    Total Input Jitter      (TIJ):    0.000ns
    Discrete Jitter          (DJ):    0.000ns
    Phase Error              (PE):    0.000ns

    Location             Delay type                Incr(ns)  Path(ns)    Netlist Resource(s)
  -------------------------------------------------------------------    -------------------
                         (clock sys_clk rise edge)    0.000     0.000 r  
    N11                                               0.000     0.000 r  i_clk (IN)
                         net (fo=0)                   0.000     0.000    i_clk
    N11                  IBUF (Prop_ibuf_I_O)         1.519     1.519 r  i_clk_IBUF_inst/O
                         net (fo=1, routed)           1.972     3.490    i_clk_IBUF
    BUFGCTRL_X0Y0        BUFG (Prop_bufg_I_O)         0.096     3.586 r  i_clk_IBUF_BUFG_inst/O
                         net (fo=16, routed)          1.624     5.210    MUX/COUNTER/i_clk
    SLICE_X64Y59         FDRE                                         r  MUX/COUNTER/cnt_reg[14]/C
  -------------------------------------------------------------------    -------------------
    SLICE_X64Y59         FDRE (Prop_fdre_C_Q)         0.518     5.728 r  MUX/COUNTER/cnt_reg[14]/Q
                         net (fo=9, routed)           1.878     7.606    MUX/COUNTER/o_cnt[14]
    SLICE_X65Y44         LUT6 (Prop_lut6_I3_O)        0.124     7.730 r  MUX/COUNTER/Sseg_out_OBUF[6]_inst_i_5/O
                         net (fo=7, routed)           1.425     9.155    MUX/COUNTER/S_out[1]
    SLICE_X65Y61         LUT4 (Prop_lut4_I3_O)        0.154     9.309 r  MUX/COUNTER/Sseg_out_OBUF[0]_inst_i_1/O
                         net (fo=1, routed)           1.867    11.176    Sseg_out_OBUF[0]
    G2                   OBUF (Prop_obuf_I_O)         3.728    14.904 r  Sseg_out_OBUF[0]_inst/O
                         net (fo=0)                   0.000    14.904    Sseg_out[0]
    G2                                                                r  Sseg_out[0] (OUT)
  -------------------------------------------------------------------    -------------------

Slack:                    inf
  Source:                 MUX/COUNTER/cnt_reg[14]/C
                            (rising edge-triggered cell FDRE clocked by sys_clk  {rise@0.000ns fall@10.000ns period=20.000ns})
  Destination:            Sseg_out[3]
                            (output port)
  Path Group:             (none)
  Path Type:              Max at Slow Process Corner
  Data Path Delay:        9.491ns  (logic 4.527ns (47.700%)  route 4.964ns (52.300%))
  Logic Levels:           3  (LUT4=1 LUT6=1 OBUF=1)
  Clock Uncertainty:      0.025ns  ((TSJ^2 + TIJ^2)^1/2 + DJ) / 2 + PE
    Total System Jitter     (TSJ):    0.050ns
    Total Input Jitter      (TIJ):    0.000ns
    Discrete Jitter          (DJ):    0.000ns
    Phase Error              (PE):    0.000ns

    Location             Delay type                Incr(ns)  Path(ns)    Netlist Resource(s)
  -------------------------------------------------------------------    -------------------
                         (clock sys_clk rise edge)    0.000     0.000 r  
    N11                                               0.000     0.000 r  i_clk (IN)
                         net (fo=0)                   0.000     0.000    i_clk
    N11                  IBUF (Prop_ibuf_I_O)         1.519     1.519 r  i_clk_IBUF_inst/O
                         net (fo=1, routed)           1.972     3.490    i_clk_IBUF
    BUFGCTRL_X0Y0        BUFG (Prop_bufg_I_O)         0.096     3.586 r  i_clk_IBUF_BUFG_inst/O
                         net (fo=16, routed)          1.624     5.210    MUX/COUNTER/i_clk
    SLICE_X64Y59         FDRE                                         r  MUX/COUNTER/cnt_reg[14]/C
  -------------------------------------------------------------------    -------------------
    SLICE_X64Y59         FDRE (Prop_fdre_C_Q)         0.518     5.728 r  MUX/COUNTER/cnt_reg[14]/Q
                         net (fo=9, routed)           1.531     7.259    MUX/COUNTER/o_cnt[14]
    SLICE_X65Y43         LUT6 (Prop_lut6_I3_O)        0.124     7.383 r  MUX/COUNTER/Sseg_out_OBUF[6]_inst_i_4/O
                         net (fo=7, routed)           1.604     8.987    MUX/COUNTER/S_out[2]
    SLICE_X65Y61         LUT4 (Prop_lut4_I1_O)        0.152     9.139 r  MUX/COUNTER/Sseg_out_OBUF[3]_inst_i_1/O
                         net (fo=1, routed)           1.829    10.968    Sseg_out_OBUF[3]
    H4                   OBUF (Prop_obuf_I_O)         3.733    14.701 r  Sseg_out_OBUF[3]_inst/O
                         net (fo=0)                   0.000    14.701    Sseg_out[3]
    H4                                                                r  Sseg_out[3] (OUT)
  -------------------------------------------------------------------    -------------------

Slack:                    inf
  Source:                 MUX/COUNTER/cnt_reg[14]/C
                            (rising edge-triggered cell FDRE clocked by sys_clk  {rise@0.000ns fall@10.000ns period=20.000ns})
  Destination:            Sseg_out[6]
                            (output port)
  Path Group:             (none)
  Path Type:              Max at Slow Process Corner
  Data Path Delay:        9.464ns  (logic 4.523ns (47.793%)  route 4.941ns (52.207%))
  Logic Levels:           3  (LUT4=1 LUT6=1 OBUF=1)
  Clock Uncertainty:      0.025ns  ((TSJ^2 + TIJ^2)^1/2 + DJ) / 2 + PE
    Total System Jitter     (TSJ):    0.050ns
    Total Input Jitter      (TIJ):    0.000ns
    Discrete Jitter          (DJ):    0.000ns
    Phase Error              (PE):    0.000ns

    Location             Delay type                Incr(ns)  Path(ns)    Netlist Resource(s)
  -------------------------------------------------------------------    -------------------
                         (clock sys_clk rise edge)    0.000     0.000 r  
    N11                                               0.000     0.000 r  i_clk (IN)
                         net (fo=0)                   0.000     0.000    i_clk
    N11                  IBUF (Prop_ibuf_I_O)         1.519     1.519 r  i_clk_IBUF_inst/O
                         net (fo=1, routed)           1.972     3.490    i_clk_IBUF
    BUFGCTRL_X0Y0        BUFG (Prop_bufg_I_O)         0.096     3.586 r  i_clk_IBUF_BUFG_inst/O
                         net (fo=16, routed)          1.624     5.210    MUX/COUNTER/i_clk
    SLICE_X64Y59         FDRE                                         r  MUX/COUNTER/cnt_reg[14]/C
  -------------------------------------------------------------------    -------------------
    SLICE_X64Y59         FDRE (Prop_fdre_C_Q)         0.518     5.728 r  MUX/COUNTER/cnt_reg[14]/Q
                         net (fo=9, routed)           1.531     7.259    MUX/COUNTER/o_cnt[14]
    SLICE_X65Y43         LUT6 (Prop_lut6_I3_O)        0.124     7.383 r  MUX/COUNTER/Sseg_out_OBUF[6]_inst_i_4/O
                         net (fo=7, routed)           1.603     8.986    MUX/COUNTER/S_out[2]
    SLICE_X65Y61         LUT4 (Prop_lut4_I2_O)        0.152     9.138 r  MUX/COUNTER/Sseg_out_OBUF[6]_inst_i_1/O
                         net (fo=1, routed)           1.807    10.945    Sseg_out_OBUF[6]
    H2                   OBUF (Prop_obuf_I_O)         3.729    14.675 r  Sseg_out_OBUF[6]_inst/O
                         net (fo=0)                   0.000    14.675    Sseg_out[6]
    H2                                                                r  Sseg_out[6] (OUT)
  -------------------------------------------------------------------    -------------------

Slack:                    inf
  Source:                 MUX/COUNTER/cnt_reg[14]/C
                            (rising edge-triggered cell FDRE clocked by sys_clk  {rise@0.000ns fall@10.000ns period=20.000ns})
  Destination:            Sseg_out[1]
                            (output port)
  Path Group:             (none)
  Path Type:              Max at Slow Process Corner
  Data Path Delay:        9.286ns  (logic 4.292ns (46.218%)  route 4.994ns (53.782%))
  Logic Levels:           3  (LUT4=1 LUT6=1 OBUF=1)
  Clock Uncertainty:      0.025ns  ((TSJ^2 + TIJ^2)^1/2 + DJ) / 2 + PE
    Total System Jitter     (TSJ):    0.050ns
    Total Input Jitter      (TIJ):    0.000ns
    Discrete Jitter          (DJ):    0.000ns
    Phase Error              (PE):    0.000ns

    Location             Delay type                Incr(ns)  Path(ns)    Netlist Resource(s)
  -------------------------------------------------------------------    -------------------
                         (clock sys_clk rise edge)    0.000     0.000 r  
    N11                                               0.000     0.000 r  i_clk (IN)
                         net (fo=0)                   0.000     0.000    i_clk
    N11                  IBUF (Prop_ibuf_I_O)         1.519     1.519 r  i_clk_IBUF_inst/O
                         net (fo=1, routed)           1.972     3.490    i_clk_IBUF
    BUFGCTRL_X0Y0        BUFG (Prop_bufg_I_O)         0.096     3.586 r  i_clk_IBUF_BUFG_inst/O
                         net (fo=16, routed)          1.624     5.210    MUX/COUNTER/i_clk
    SLICE_X64Y59         FDRE                                         r  MUX/COUNTER/cnt_reg[14]/C
  -------------------------------------------------------------------    -------------------
    SLICE_X64Y59         FDRE (Prop_fdre_C_Q)         0.518     5.728 r  MUX/COUNTER/cnt_reg[14]/Q
                         net (fo=9, routed)           1.531     7.259    MUX/COUNTER/o_cnt[14]
    SLICE_X65Y43         LUT6 (Prop_lut6_I3_O)        0.124     7.383 r  MUX/COUNTER/Sseg_out_OBUF[6]_inst_i_4/O
                         net (fo=7, routed)           1.604     8.987    MUX/COUNTER/S_out[2]
    SLICE_X65Y61         LUT4 (Prop_lut4_I1_O)        0.124     9.111 r  MUX/COUNTER/Sseg_out_OBUF[1]_inst_i_1/O
                         net (fo=1, routed)           1.859    10.970    Sseg_out_OBUF[1]
    G1                   OBUF (Prop_obuf_I_O)         3.526    14.496 r  Sseg_out_OBUF[1]_inst/O
                         net (fo=0)                   0.000    14.496    Sseg_out[1]
    G1                                                                r  Sseg_out[1] (OUT)
  -------------------------------------------------------------------    -------------------

Slack:                    inf
  Source:                 MUX/COUNTER/cnt_reg[14]/C
                            (rising edge-triggered cell FDRE clocked by sys_clk  {rise@0.000ns fall@10.000ns period=20.000ns})
  Destination:            Sseg_out[4]
                            (output port)
  Path Group:             (none)
  Path Type:              Max at Slow Process Corner
  Data Path Delay:        9.266ns  (logic 4.296ns (46.361%)  route 4.970ns (53.639%))
  Logic Levels:           3  (LUT4=1 LUT6=1 OBUF=1)
  Clock Uncertainty:      0.025ns  ((TSJ^2 + TIJ^2)^1/2 + DJ) / 2 + PE
    Total System Jitter     (TSJ):    0.050ns
    Total Input Jitter      (TIJ):    0.000ns
    Discrete Jitter          (DJ):    0.000ns
    Phase Error              (PE):    0.000ns

    Location             Delay type                Incr(ns)  Path(ns)    Netlist Resource(s)
  -------------------------------------------------------------------    -------------------
                         (clock sys_clk rise edge)    0.000     0.000 r  
    N11                                               0.000     0.000 r  i_clk (IN)
                         net (fo=0)                   0.000     0.000    i_clk
    N11                  IBUF (Prop_ibuf_I_O)         1.519     1.519 r  i_clk_IBUF_inst/O
                         net (fo=1, routed)           1.972     3.490    i_clk_IBUF
    BUFGCTRL_X0Y0        BUFG (Prop_bufg_I_O)         0.096     3.586 r  i_clk_IBUF_BUFG_inst/O
                         net (fo=16, routed)          1.624     5.210    MUX/COUNTER/i_clk
    SLICE_X64Y59         FDRE                                         r  MUX/COUNTER/cnt_reg[14]/C
  -------------------------------------------------------------------    -------------------
    SLICE_X64Y59         FDRE (Prop_fdre_C_Q)         0.518     5.728 r  MUX/COUNTER/cnt_reg[14]/Q
                         net (fo=9, routed)           1.878     7.606    MUX/COUNTER/o_cnt[14]
    SLICE_X65Y44         LUT6 (Prop_lut6_I3_O)        0.124     7.730 f  MUX/COUNTER/Sseg_out_OBUF[6]_inst_i_5/O
                         net (fo=7, routed)           1.430     9.160    MUX/COUNTER/S_out[1]
    SLICE_X65Y61         LUT4 (Prop_lut4_I1_O)        0.124     9.284 r  MUX/COUNTER/Sseg_out_OBUF[4]_inst_i_1/O
                         net (fo=1, routed)           1.663    10.947    Sseg_out_OBUF[4]
    J5                   OBUF (Prop_obuf_I_O)         3.530    14.476 r  Sseg_out_OBUF[4]_inst/O
                         net (fo=0)                   0.000    14.476    Sseg_out[4]
    J5                                                                r  Sseg_out[4] (OUT)
  -------------------------------------------------------------------    -------------------

Slack:                    inf
  Source:                 MUX/COUNTER/cnt_reg[14]/C
                            (rising edge-triggered cell FDRE clocked by sys_clk  {rise@0.000ns fall@10.000ns period=20.000ns})
  Destination:            Sseg_out[5]
                            (output port)
  Path Group:             (none)
  Path Type:              Max at Slow Process Corner
  Data Path Delay:        9.256ns  (logic 4.293ns (46.379%)  route 4.963ns (53.621%))
  Logic Levels:           3  (LUT4=1 LUT6=1 OBUF=1)
  Clock Uncertainty:      0.025ns  ((TSJ^2 + TIJ^2)^1/2 + DJ) / 2 + PE
    Total System Jitter     (TSJ):    0.050ns
    Total Input Jitter      (TIJ):    0.000ns
    Discrete Jitter          (DJ):    0.000ns
    Phase Error              (PE):    0.000ns

    Location             Delay type                Incr(ns)  Path(ns)    Netlist Resource(s)
  -------------------------------------------------------------------    -------------------
                         (clock sys_clk rise edge)    0.000     0.000 r  
    N11                                               0.000     0.000 r  i_clk (IN)
                         net (fo=0)                   0.000     0.000    i_clk
    N11                  IBUF (Prop_ibuf_I_O)         1.519     1.519 r  i_clk_IBUF_inst/O
                         net (fo=1, routed)           1.972     3.490    i_clk_IBUF
    BUFGCTRL_X0Y0        BUFG (Prop_bufg_I_O)         0.096     3.586 r  i_clk_IBUF_BUFG_inst/O
                         net (fo=16, routed)          1.624     5.210    MUX/COUNTER/i_clk
    SLICE_X64Y59         FDRE                                         r  MUX/COUNTER/cnt_reg[14]/C
  -------------------------------------------------------------------    -------------------
    SLICE_X64Y59         FDRE (Prop_fdre_C_Q)         0.518     5.728 r  MUX/COUNTER/cnt_reg[14]/Q
                         net (fo=9, routed)           1.878     7.606    MUX/COUNTER/o_cnt[14]
    SLICE_X65Y44         LUT6 (Prop_lut6_I3_O)        0.124     7.730 r  MUX/COUNTER/Sseg_out_OBUF[6]_inst_i_5/O
                         net (fo=7, routed)           1.425     9.155    MUX/COUNTER/S_out[1]
    SLICE_X65Y61         LUT4 (Prop_lut4_I3_O)        0.124     9.279 r  MUX/COUNTER/Sseg_out_OBUF[5]_inst_i_1/O
                         net (fo=1, routed)           1.661    10.939    Sseg_out_OBUF[5]
    J4                   OBUF (Prop_obuf_I_O)         3.527    14.466 r  Sseg_out_OBUF[5]_inst/O
                         net (fo=0)                   0.000    14.466    Sseg_out[5]
    J4                                                                r  Sseg_out[5] (OUT)
  -------------------------------------------------------------------    -------------------

Slack:                    inf
  Source:                 MUX/COUNTER/cnt_reg[14]/C
                            (rising edge-triggered cell FDRE clocked by sys_clk  {rise@0.000ns fall@10.000ns period=20.000ns})
  Destination:            Sseg_out[2]
                            (output port)
  Path Group:             (none)
  Path Type:              Max at Slow Process Corner
  Data Path Delay:        9.153ns  (logic 4.307ns (47.056%)  route 4.846ns (52.944%))
  Logic Levels:           3  (LUT4=1 LUT6=1 OBUF=1)
  Clock Uncertainty:      0.025ns  ((TSJ^2 + TIJ^2)^1/2 + DJ) / 2 + PE
    Total System Jitter     (TSJ):    0.050ns
    Total Input Jitter      (TIJ):    0.000ns
    Discrete Jitter          (DJ):    0.000ns
    Phase Error              (PE):    0.000ns

    Location             Delay type                Incr(ns)  Path(ns)    Netlist Resource(s)
  -------------------------------------------------------------------    -------------------
                         (clock sys_clk rise edge)    0.000     0.000 r  
    N11                                               0.000     0.000 r  i_clk (IN)
                         net (fo=0)                   0.000     0.000    i_clk
    N11                  IBUF (Prop_ibuf_I_O)         1.519     1.519 r  i_clk_IBUF_inst/O
                         net (fo=1, routed)           1.972     3.490    i_clk_IBUF
    BUFGCTRL_X0Y0        BUFG (Prop_bufg_I_O)         0.096     3.586 r  i_clk_IBUF_BUFG_inst/O
                         net (fo=16, routed)          1.624     5.210    MUX/COUNTER/i_clk
    SLICE_X64Y59         FDRE                                         r  MUX/COUNTER/cnt_reg[14]/C
  -------------------------------------------------------------------    -------------------
    SLICE_X64Y59         FDRE (Prop_fdre_C_Q)         0.518     5.728 r  MUX/COUNTER/cnt_reg[14]/Q
                         net (fo=9, routed)           1.531     7.259    MUX/COUNTER/o_cnt[14]
    SLICE_X65Y43         LUT6 (Prop_lut6_I3_O)        0.124     7.383 r  MUX/COUNTER/Sseg_out_OBUF[6]_inst_i_4/O
                         net (fo=7, routed)           1.603     8.986    MUX/COUNTER/S_out[2]
    SLICE_X65Y61         LUT4 (Prop_lut4_I3_O)        0.124     9.110 r  MUX/COUNTER/Sseg_out_OBUF[2]_inst_i_1/O
                         net (fo=1, routed)           1.712    10.822    Sseg_out_OBUF[2]
    H5                   OBUF (Prop_obuf_I_O)         3.541    14.363 r  Sseg_out_OBUF[2]_inst/O
                         net (fo=0)                   0.000    14.363    Sseg_out[2]
    H5                                                                r  Sseg_out[2] (OUT)
  -------------------------------------------------------------------    -------------------

Slack:                    inf
  Source:                 MUX/COUNTER/cnt_reg[14]/C
                            (rising edge-triggered cell FDRE clocked by sys_clk  {rise@0.000ns fall@10.000ns period=20.000ns})
  Destination:            an_seg[0]
                            (output port)
  Path Group:             (none)
  Path Type:              Max at Slow Process Corner
  Data Path Delay:        7.575ns  (logic 4.423ns (58.399%)  route 3.151ns (41.601%))
  Logic Levels:           2  (LUT2=1 OBUF=1)
  Clock Uncertainty:      0.025ns  ((TSJ^2 + TIJ^2)^1/2 + DJ) / 2 + PE
    Total System Jitter     (TSJ):    0.050ns
    Total Input Jitter      (TIJ):    0.000ns
    Discrete Jitter          (DJ):    0.000ns
    Phase Error              (PE):    0.000ns

    Location             Delay type                Incr(ns)  Path(ns)    Netlist Resource(s)
  -------------------------------------------------------------------    -------------------
                         (clock sys_clk rise edge)    0.000     0.000 r  
    N11                                               0.000     0.000 r  i_clk (IN)
                         net (fo=0)                   0.000     0.000    i_clk
    N11                  IBUF (Prop_ibuf_I_O)         1.519     1.519 r  i_clk_IBUF_inst/O
                         net (fo=1, routed)           1.972     3.490    i_clk_IBUF
    BUFGCTRL_X0Y0        BUFG (Prop_bufg_I_O)         0.096     3.586 r  i_clk_IBUF_BUFG_inst/O
                         net (fo=16, routed)          1.624     5.210    MUX/COUNTER/i_clk
    SLICE_X64Y59         FDRE                                         r  MUX/COUNTER/cnt_reg[14]/C
  -------------------------------------------------------------------    -------------------
    SLICE_X64Y59         FDRE (Prop_fdre_C_Q)         0.518     5.728 f  MUX/COUNTER/cnt_reg[14]/Q
                         net (fo=9, routed)           1.291     7.020    MUX/COUNTER/o_cnt[14]
    SLICE_X65Y67         LUT2 (Prop_lut2_I0_O)        0.150     7.170 r  MUX/COUNTER/an_seg_OBUF[0]_inst_i_1/O
                         net (fo=1, routed)           1.860     9.030    an_seg_OBUF[0]
    F2                   OBUF (Prop_obuf_I_O)         3.755    12.785 r  an_seg_OBUF[0]_inst/O
                         net (fo=0)                   0.000    12.785    an_seg[0]
    F2                                                                r  an_seg[0] (OUT)
  -------------------------------------------------------------------    -------------------

Slack:                    inf
  Source:                 MUX/COUNTER/cnt_reg[14]/C
                            (rising edge-triggered cell FDRE clocked by sys_clk  {rise@0.000ns fall@10.000ns period=20.000ns})
  Destination:            an_seg[2]
                            (output port)
  Path Group:             (none)
  Path Type:              Max at Slow Process Corner
  Data Path Delay:        7.360ns  (logic 4.393ns (59.686%)  route 2.967ns (40.314%))
  Logic Levels:           2  (LUT2=1 OBUF=1)
  Clock Uncertainty:      0.025ns  ((TSJ^2 + TIJ^2)^1/2 + DJ) / 2 + PE
    Total System Jitter     (TSJ):    0.050ns
    Total Input Jitter      (TIJ):    0.000ns
    Discrete Jitter          (DJ):    0.000ns
    Phase Error              (PE):    0.000ns

    Location             Delay type                Incr(ns)  Path(ns)    Netlist Resource(s)
  -------------------------------------------------------------------    -------------------
                         (clock sys_clk rise edge)    0.000     0.000 r  
    N11                                               0.000     0.000 r  i_clk (IN)
                         net (fo=0)                   0.000     0.000    i_clk
    N11                  IBUF (Prop_ibuf_I_O)         1.519     1.519 r  i_clk_IBUF_inst/O
                         net (fo=1, routed)           1.972     3.490    i_clk_IBUF
    BUFGCTRL_X0Y0        BUFG (Prop_bufg_I_O)         0.096     3.586 r  i_clk_IBUF_BUFG_inst/O
                         net (fo=16, routed)          1.624     5.210    MUX/COUNTER/i_clk
    SLICE_X64Y59         FDRE                                         r  MUX/COUNTER/cnt_reg[14]/C
  -------------------------------------------------------------------    -------------------
    SLICE_X64Y59         FDRE (Prop_fdre_C_Q)         0.518     5.728 f  MUX/COUNTER/cnt_reg[14]/Q
                         net (fo=9, routed)           1.293     7.022    MUX/COUNTER/o_cnt[14]
    SLICE_X65Y67         LUT2 (Prop_lut2_I1_O)        0.150     7.172 r  MUX/COUNTER/an_seg_OBUF[2]_inst_i_1/O
                         net (fo=1, routed)           1.674     8.845    an_seg_OBUF[2]
    G5                   OBUF (Prop_obuf_I_O)         3.725    12.570 r  an_seg_OBUF[2]_inst/O
                         net (fo=0)                   0.000    12.570    an_seg[2]
    G5                                                                r  an_seg[2] (OUT)
  -------------------------------------------------------------------    -------------------

Slack:                    inf
  Source:                 MUX/COUNTER/cnt_reg[14]/C
                            (rising edge-triggered cell FDRE clocked by sys_clk  {rise@0.000ns fall@10.000ns period=20.000ns})
  Destination:            an_seg[1]
                            (output port)
  Path Group:             (none)
  Path Type:              Max at Slow Process Corner
  Data Path Delay:        7.291ns  (logic 4.191ns (57.485%)  route 3.100ns (42.515%))
  Logic Levels:           2  (LUT2=1 OBUF=1)
  Clock Uncertainty:      0.025ns  ((TSJ^2 + TIJ^2)^1/2 + DJ) / 2 + PE
    Total System Jitter     (TSJ):    0.050ns
    Total Input Jitter      (TIJ):    0.000ns
    Discrete Jitter          (DJ):    0.000ns
    Phase Error              (PE):    0.000ns

    Location             Delay type                Incr(ns)  Path(ns)    Netlist Resource(s)
  -------------------------------------------------------------------    -------------------
                         (clock sys_clk rise edge)    0.000     0.000 r  
    N11                                               0.000     0.000 r  i_clk (IN)
                         net (fo=0)                   0.000     0.000    i_clk
    N11                  IBUF (Prop_ibuf_I_O)         1.519     1.519 r  i_clk_IBUF_inst/O
                         net (fo=1, routed)           1.972     3.490    i_clk_IBUF
    BUFGCTRL_X0Y0        BUFG (Prop_bufg_I_O)         0.096     3.586 r  i_clk_IBUF_BUFG_inst/O
                         net (fo=16, routed)          1.624     5.210    MUX/COUNTER/i_clk
    SLICE_X64Y59         FDRE                                         r  MUX/COUNTER/cnt_reg[14]/C
  -------------------------------------------------------------------    -------------------
    SLICE_X64Y59         FDRE (Prop_fdre_C_Q)         0.518     5.728 r  MUX/COUNTER/cnt_reg[14]/Q
                         net (fo=9, routed)           1.293     7.022    MUX/COUNTER/o_cnt[14]
    SLICE_X65Y67         LUT2 (Prop_lut2_I0_O)        0.124     7.146 r  MUX/COUNTER/an_seg_OBUF[1]_inst_i_1/O
                         net (fo=1, routed)           1.807     8.952    an_seg_OBUF[1]
    E1                   OBUF (Prop_obuf_I_O)         3.549    12.501 r  an_seg_OBUF[1]_inst/O
                         net (fo=0)                   0.000    12.501    an_seg[1]
    E1                                                                r  an_seg[1] (OUT)
  -------------------------------------------------------------------    -------------------





Min Delay Paths
--------------------------------------------------------------------------------------
Slack:                    inf
  Source:                 MUX/COUNTER/cnt_reg[15]/C
                            (rising edge-triggered cell FDRE clocked by sys_clk  {rise@0.000ns fall@10.000ns period=20.000ns})
  Destination:            an_seg[3]
                            (output port)
  Path Group:             (none)
  Path Type:              Min at Fast Process Corner
  Data Path Delay:        2.107ns  (logic 1.427ns (67.709%)  route 0.680ns (32.291%))
  Logic Levels:           2  (LUT2=1 OBUF=1)
  Clock Uncertainty:      0.025ns  ((TSJ^2 + TIJ^2)^1/2 + DJ) / 2 + PE
    Total System Jitter     (TSJ):    0.050ns
    Total Input Jitter      (TIJ):    0.000ns
    Discrete Jitter          (DJ):    0.000ns
    Phase Error              (PE):    0.000ns

    Location             Delay type                Incr(ns)  Path(ns)    Netlist Resource(s)
  -------------------------------------------------------------------    -------------------
                         (clock sys_clk rise edge)    0.000     0.000 r  
    N11                                               0.000     0.000 r  i_clk (IN)
                         net (fo=0)                   0.000     0.000    i_clk
    N11                  IBUF (Prop_ibuf_I_O)         0.286     0.286 r  i_clk_IBUF_inst/O
                         net (fo=1, routed)           0.634     0.920    i_clk_IBUF
    BUFGCTRL_X0Y0        BUFG (Prop_bufg_I_O)         0.026     0.946 r  i_clk_IBUF_BUFG_inst/O
                         net (fo=16, routed)          0.592     1.538    MUX/COUNTER/i_clk
    SLICE_X64Y59         FDRE                                         r  MUX/COUNTER/cnt_reg[15]/C
  -------------------------------------------------------------------    -------------------
    SLICE_X64Y59         FDRE (Prop_fdre_C_Q)         0.164     1.702 r  MUX/COUNTER/cnt_reg[15]/Q
                         net (fo=9, routed)           0.400     2.102    MUX/COUNTER/o_cnt[15]
    SLICE_X65Y67         LUT2 (Prop_lut2_I1_O)        0.045     2.147 r  MUX/COUNTER/an_seg_OBUF[3]_inst_i_1/O
                         net (fo=1, routed)           0.280     2.428    an_seg_OBUF[3]
    G4                   OBUF (Prop_obuf_I_O)         1.218     3.645 r  an_seg_OBUF[3]_inst/O
                         net (fo=0)                   0.000     3.645    an_seg[3]
    G4                                                                r  an_seg[3] (OUT)
  -------------------------------------------------------------------    -------------------

Slack:                    inf
  Source:                 MUX/COUNTER/cnt_reg[15]/C
                            (rising edge-triggered cell FDRE clocked by sys_clk  {rise@0.000ns fall@10.000ns period=20.000ns})
  Destination:            an_seg[2]
                            (output port)
  Path Group:             (none)
  Path Type:              Min at Fast Process Corner
  Data Path Delay:        2.223ns  (logic 1.494ns (67.205%)  route 0.729ns (32.795%))
  Logic Levels:           2  (LUT2=1 OBUF=1)
  Clock Uncertainty:      0.025ns  ((TSJ^2 + TIJ^2)^1/2 + DJ) / 2 + PE
    Total System Jitter     (TSJ):    0.050ns
    Total Input Jitter      (TIJ):    0.000ns
    Discrete Jitter          (DJ):    0.000ns
    Phase Error              (PE):    0.000ns

    Location             Delay type                Incr(ns)  Path(ns)    Netlist Resource(s)
  -------------------------------------------------------------------    -------------------
                         (clock sys_clk rise edge)    0.000     0.000 r  
    N11                                               0.000     0.000 r  i_clk (IN)
                         net (fo=0)                   0.000     0.000    i_clk
    N11                  IBUF (Prop_ibuf_I_O)         0.286     0.286 r  i_clk_IBUF_inst/O
                         net (fo=1, routed)           0.634     0.920    i_clk_IBUF
    BUFGCTRL_X0Y0        BUFG (Prop_bufg_I_O)         0.026     0.946 r  i_clk_IBUF_BUFG_inst/O
                         net (fo=16, routed)          0.592     1.538    MUX/COUNTER/i_clk
    SLICE_X64Y59         FDRE                                         r  MUX/COUNTER/cnt_reg[15]/C
  -------------------------------------------------------------------    -------------------
    SLICE_X64Y59         FDRE (Prop_fdre_C_Q)         0.164     1.702 r  MUX/COUNTER/cnt_reg[15]/Q
                         net (fo=9, routed)           0.401     2.103    MUX/COUNTER/o_cnt[15]
    SLICE_X65Y67         LUT2 (Prop_lut2_I0_O)        0.044     2.147 r  MUX/COUNTER/an_seg_OBUF[2]_inst_i_1/O
                         net (fo=1, routed)           0.328     2.475    an_seg_OBUF[2]
    G5                   OBUF (Prop_obuf_I_O)         1.286     3.761 r  an_seg_OBUF[2]_inst/O
                         net (fo=0)                   0.000     3.761    an_seg[2]
    G5                                                                r  an_seg[2] (OUT)
  -------------------------------------------------------------------    -------------------

Slack:                    inf
  Source:                 MUX/COUNTER/cnt_reg[15]/C
                            (rising edge-triggered cell FDRE clocked by sys_clk  {rise@0.000ns fall@10.000ns period=20.000ns})
  Destination:            an_seg[1]
                            (output port)
  Path Group:             (none)
  Path Type:              Min at Fast Process Corner
  Data Path Delay:        2.251ns  (logic 1.459ns (64.795%)  route 0.793ns (35.205%))
  Logic Levels:           2  (LUT2=1 OBUF=1)
  Clock Uncertainty:      0.025ns  ((TSJ^2 + TIJ^2)^1/2 + DJ) / 2 + PE
    Total System Jitter     (TSJ):    0.050ns
    Total Input Jitter      (TIJ):    0.000ns
    Discrete Jitter          (DJ):    0.000ns
    Phase Error              (PE):    0.000ns

    Location             Delay type                Incr(ns)  Path(ns)    Netlist Resource(s)
  -------------------------------------------------------------------    -------------------
                         (clock sys_clk rise edge)    0.000     0.000 r  
    N11                                               0.000     0.000 r  i_clk (IN)
                         net (fo=0)                   0.000     0.000    i_clk
    N11                  IBUF (Prop_ibuf_I_O)         0.286     0.286 r  i_clk_IBUF_inst/O
                         net (fo=1, routed)           0.634     0.920    i_clk_IBUF
    BUFGCTRL_X0Y0        BUFG (Prop_bufg_I_O)         0.026     0.946 r  i_clk_IBUF_BUFG_inst/O
                         net (fo=16, routed)          0.592     1.538    MUX/COUNTER/i_clk
    SLICE_X64Y59         FDRE                                         r  MUX/COUNTER/cnt_reg[15]/C
  -------------------------------------------------------------------    -------------------
    SLICE_X64Y59         FDRE (Prop_fdre_C_Q)         0.164     1.702 f  MUX/COUNTER/cnt_reg[15]/Q
                         net (fo=9, routed)           0.401     2.103    MUX/COUNTER/o_cnt[15]
    SLICE_X65Y67         LUT2 (Prop_lut2_I1_O)        0.045     2.148 r  MUX/COUNTER/an_seg_OBUF[1]_inst_i_1/O
                         net (fo=1, routed)           0.392     2.540    an_seg_OBUF[1]
    E1                   OBUF (Prop_obuf_I_O)         1.250     3.790 r  an_seg_OBUF[1]_inst/O
                         net (fo=0)                   0.000     3.790    an_seg[1]
    E1                                                                r  an_seg[1] (OUT)
  -------------------------------------------------------------------    -------------------

Slack:                    inf
  Source:                 MUX/COUNTER/cnt_reg[15]/C
                            (rising edge-triggered cell FDRE clocked by sys_clk  {rise@0.000ns fall@10.000ns period=20.000ns})
  Destination:            an_seg[0]
                            (output port)
  Path Group:             (none)
  Path Type:              Min at Fast Process Corner
  Data Path Delay:        2.342ns  (logic 1.524ns (65.075%)  route 0.818ns (34.925%))
  Logic Levels:           2  (LUT2=1 OBUF=1)
  Clock Uncertainty:      0.025ns  ((TSJ^2 + TIJ^2)^1/2 + DJ) / 2 + PE
    Total System Jitter     (TSJ):    0.050ns
    Total Input Jitter      (TIJ):    0.000ns
    Discrete Jitter          (DJ):    0.000ns
    Phase Error              (PE):    0.000ns

    Location             Delay type                Incr(ns)  Path(ns)    Netlist Resource(s)
  -------------------------------------------------------------------    -------------------
                         (clock sys_clk rise edge)    0.000     0.000 r  
    N11                                               0.000     0.000 r  i_clk (IN)
                         net (fo=0)                   0.000     0.000    i_clk
    N11                  IBUF (Prop_ibuf_I_O)         0.286     0.286 r  i_clk_IBUF_inst/O
                         net (fo=1, routed)           0.634     0.920    i_clk_IBUF
    BUFGCTRL_X0Y0        BUFG (Prop_bufg_I_O)         0.026     0.946 r  i_clk_IBUF_BUFG_inst/O
                         net (fo=16, routed)          0.592     1.538    MUX/COUNTER/i_clk
    SLICE_X64Y59         FDRE                                         r  MUX/COUNTER/cnt_reg[15]/C
  -------------------------------------------------------------------    -------------------
    SLICE_X64Y59         FDRE (Prop_fdre_C_Q)         0.164     1.702 f  MUX/COUNTER/cnt_reg[15]/Q
                         net (fo=9, routed)           0.400     2.102    MUX/COUNTER/o_cnt[15]
    SLICE_X65Y67         LUT2 (Prop_lut2_I1_O)        0.045     2.147 r  MUX/COUNTER/an_seg_OBUF[0]_inst_i_1/O
                         net (fo=1, routed)           0.418     2.565    an_seg_OBUF[0]
    F2                   OBUF (Prop_obuf_I_O)         1.315     3.880 r  an_seg_OBUF[0]_inst/O
                         net (fo=0)                   0.000     3.880    an_seg[0]
    F2                                                                r  an_seg[0] (OUT)
  -------------------------------------------------------------------    -------------------

Slack:                    inf
  Source:                 MUX/COUNTER/cnt_reg[15]/C
                            (rising edge-triggered cell FDRE clocked by sys_clk  {rise@0.000ns fall@10.000ns period=20.000ns})
  Destination:            Sseg_out[4]
                            (output port)
  Path Group:             (none)
  Path Type:              Min at Fast Process Corner
  Data Path Delay:        2.705ns  (logic 1.485ns (54.895%)  route 1.220ns (45.105%))
  Logic Levels:           3  (LUT4=1 LUT6=1 OBUF=1)
  Clock Uncertainty:      0.025ns  ((TSJ^2 + TIJ^2)^1/2 + DJ) / 2 + PE
    Total System Jitter     (TSJ):    0.050ns
    Total Input Jitter      (TIJ):    0.000ns
    Discrete Jitter          (DJ):    0.000ns
    Phase Error              (PE):    0.000ns

    Location             Delay type                Incr(ns)  Path(ns)    Netlist Resource(s)
  -------------------------------------------------------------------    -------------------
                         (clock sys_clk rise edge)    0.000     0.000 r  
    N11                                               0.000     0.000 r  i_clk (IN)
                         net (fo=0)                   0.000     0.000    i_clk
    N11                  IBUF (Prop_ibuf_I_O)         0.286     0.286 r  i_clk_IBUF_inst/O
                         net (fo=1, routed)           0.634     0.920    i_clk_IBUF
    BUFGCTRL_X0Y0        BUFG (Prop_bufg_I_O)         0.026     0.946 r  i_clk_IBUF_BUFG_inst/O
                         net (fo=16, routed)          0.592     1.538    MUX/COUNTER/i_clk
    SLICE_X64Y59         FDRE                                         r  MUX/COUNTER/cnt_reg[15]/C
  -------------------------------------------------------------------    -------------------
    SLICE_X64Y59         FDRE (Prop_fdre_C_Q)         0.164     1.702 r  MUX/COUNTER/cnt_reg[15]/Q
                         net (fo=9, routed)           0.439     2.141    MUX/COUNTER/o_cnt[15]
    SLICE_X65Y45         LUT6 (Prop_lut6_I4_O)        0.045     2.186 r  MUX/COUNTER/Sseg_out_OBUF[6]_inst_i_3/O
                         net (fo=7, routed)           0.450     2.636    MUX/COUNTER/S_out[0]
    SLICE_X65Y61         LUT4 (Prop_lut4_I3_O)        0.045     2.681 r  MUX/COUNTER/Sseg_out_OBUF[4]_inst_i_1/O
                         net (fo=1, routed)           0.331     3.012    Sseg_out_OBUF[4]
    J5                   OBUF (Prop_obuf_I_O)         1.231     4.243 r  Sseg_out_OBUF[4]_inst/O
                         net (fo=0)                   0.000     4.243    Sseg_out[4]
    J5                                                                r  Sseg_out[4] (OUT)
  -------------------------------------------------------------------    -------------------

Slack:                    inf
  Source:                 MUX/COUNTER/cnt_reg[15]/C
                            (rising edge-triggered cell FDRE clocked by sys_clk  {rise@0.000ns fall@10.000ns period=20.000ns})
  Destination:            Sseg_out[1]
                            (output port)
  Path Group:             (none)
  Path Type:              Min at Fast Process Corner
  Data Path Delay:        2.720ns  (logic 1.481ns (54.428%)  route 1.240ns (45.572%))
  Logic Levels:           3  (LUT4=1 LUT6=1 OBUF=1)
  Clock Uncertainty:      0.025ns  ((TSJ^2 + TIJ^2)^1/2 + DJ) / 2 + PE
    Total System Jitter     (TSJ):    0.050ns
    Total Input Jitter      (TIJ):    0.000ns
    Discrete Jitter          (DJ):    0.000ns
    Phase Error              (PE):    0.000ns

    Location             Delay type                Incr(ns)  Path(ns)    Netlist Resource(s)
  -------------------------------------------------------------------    -------------------
                         (clock sys_clk rise edge)    0.000     0.000 r  
    N11                                               0.000     0.000 r  i_clk (IN)
                         net (fo=0)                   0.000     0.000    i_clk
    N11                  IBUF (Prop_ibuf_I_O)         0.286     0.286 r  i_clk_IBUF_inst/O
                         net (fo=1, routed)           0.634     0.920    i_clk_IBUF
    BUFGCTRL_X0Y0        BUFG (Prop_bufg_I_O)         0.026     0.946 r  i_clk_IBUF_BUFG_inst/O
                         net (fo=16, routed)          0.592     1.538    MUX/COUNTER/i_clk
    SLICE_X64Y59         FDRE                                         r  MUX/COUNTER/cnt_reg[15]/C
  -------------------------------------------------------------------    -------------------
    SLICE_X64Y59         FDRE (Prop_fdre_C_Q)         0.164     1.702 r  MUX/COUNTER/cnt_reg[15]/Q
                         net (fo=9, routed)           0.439     2.141    MUX/COUNTER/o_cnt[15]
    SLICE_X65Y45         LUT6 (Prop_lut6_I4_O)        0.045     2.186 r  MUX/COUNTER/Sseg_out_OBUF[6]_inst_i_3/O
                         net (fo=7, routed)           0.388     2.574    MUX/COUNTER/S_out[0]
    SLICE_X65Y61         LUT4 (Prop_lut4_I3_O)        0.045     2.619 r  MUX/COUNTER/Sseg_out_OBUF[1]_inst_i_1/O
                         net (fo=1, routed)           0.412     3.032    Sseg_out_OBUF[1]
    G1                   OBUF (Prop_obuf_I_O)         1.227     4.258 r  Sseg_out_OBUF[1]_inst/O
                         net (fo=0)                   0.000     4.258    Sseg_out[1]
    G1                                                                r  Sseg_out[1] (OUT)
  -------------------------------------------------------------------    -------------------

Slack:                    inf
  Source:                 MUX/COUNTER/cnt_reg[15]/C
                            (rising edge-triggered cell FDRE clocked by sys_clk  {rise@0.000ns fall@10.000ns period=20.000ns})
  Destination:            Sseg_out[5]
                            (output port)
  Path Group:             (none)
  Path Type:              Min at Fast Process Corner
  Data Path Delay:        2.748ns  (logic 1.482ns (53.915%)  route 1.266ns (46.085%))
  Logic Levels:           3  (LUT4=1 LUT6=1 OBUF=1)
  Clock Uncertainty:      0.025ns  ((TSJ^2 + TIJ^2)^1/2 + DJ) / 2 + PE
    Total System Jitter     (TSJ):    0.050ns
    Total Input Jitter      (TIJ):    0.000ns
    Discrete Jitter          (DJ):    0.000ns
    Phase Error              (PE):    0.000ns

    Location             Delay type                Incr(ns)  Path(ns)    Netlist Resource(s)
  -------------------------------------------------------------------    -------------------
                         (clock sys_clk rise edge)    0.000     0.000 r  
    N11                                               0.000     0.000 r  i_clk (IN)
                         net (fo=0)                   0.000     0.000    i_clk
    N11                  IBUF (Prop_ibuf_I_O)         0.286     0.286 r  i_clk_IBUF_inst/O
                         net (fo=1, routed)           0.634     0.920    i_clk_IBUF
    BUFGCTRL_X0Y0        BUFG (Prop_bufg_I_O)         0.026     0.946 r  i_clk_IBUF_BUFG_inst/O
                         net (fo=16, routed)          0.592     1.538    MUX/COUNTER/i_clk
    SLICE_X64Y59         FDRE                                         r  MUX/COUNTER/cnt_reg[15]/C
  -------------------------------------------------------------------    -------------------
    SLICE_X64Y59         FDRE (Prop_fdre_C_Q)         0.164     1.702 r  MUX/COUNTER/cnt_reg[15]/Q
                         net (fo=9, routed)           0.488     2.190    MUX/COUNTER/o_cnt[15]
    SLICE_X65Y43         LUT6 (Prop_lut6_I4_O)        0.045     2.235 r  MUX/COUNTER/Sseg_out_OBUF[6]_inst_i_2/O
                         net (fo=7, routed)           0.447     2.682    MUX/COUNTER/S_out[3]
    SLICE_X65Y61         LUT4 (Prop_lut4_I0_O)        0.045     2.727 r  MUX/COUNTER/Sseg_out_OBUF[5]_inst_i_1/O
                         net (fo=1, routed)           0.332     3.059    Sseg_out_OBUF[5]
    J4                   OBUF (Prop_obuf_I_O)         1.228     4.286 r  Sseg_out_OBUF[5]_inst/O
                         net (fo=0)                   0.000     4.286    Sseg_out[5]
    J4                                                                r  Sseg_out[5] (OUT)
  -------------------------------------------------------------------    -------------------

Slack:                    inf
  Source:                 MUX/COUNTER/cnt_reg[15]/C
                            (rising edge-triggered cell FDRE clocked by sys_clk  {rise@0.000ns fall@10.000ns period=20.000ns})
  Destination:            Sseg_out[3]
                            (output port)
  Path Group:             (none)
  Path Type:              Min at Fast Process Corner
  Data Path Delay:        2.752ns  (logic 1.551ns (56.353%)  route 1.201ns (43.647%))
  Logic Levels:           3  (LUT4=1 LUT6=1 OBUF=1)
  Clock Uncertainty:      0.025ns  ((TSJ^2 + TIJ^2)^1/2 + DJ) / 2 + PE
    Total System Jitter     (TSJ):    0.050ns
    Total Input Jitter      (TIJ):    0.000ns
    Discrete Jitter          (DJ):    0.000ns
    Phase Error              (PE):    0.000ns

    Location             Delay type                Incr(ns)  Path(ns)    Netlist Resource(s)
  -------------------------------------------------------------------    -------------------
                         (clock sys_clk rise edge)    0.000     0.000 r  
    N11                                               0.000     0.000 r  i_clk (IN)
                         net (fo=0)                   0.000     0.000    i_clk
    N11                  IBUF (Prop_ibuf_I_O)         0.286     0.286 r  i_clk_IBUF_inst/O
                         net (fo=1, routed)           0.634     0.920    i_clk_IBUF
    BUFGCTRL_X0Y0        BUFG (Prop_bufg_I_O)         0.026     0.946 r  i_clk_IBUF_BUFG_inst/O
                         net (fo=16, routed)          0.592     1.538    MUX/COUNTER/i_clk
    SLICE_X64Y59         FDRE                                         r  MUX/COUNTER/cnt_reg[15]/C
  -------------------------------------------------------------------    -------------------
    SLICE_X64Y59         FDRE (Prop_fdre_C_Q)         0.164     1.702 r  MUX/COUNTER/cnt_reg[15]/Q
                         net (fo=9, routed)           0.439     2.141    MUX/COUNTER/o_cnt[15]
    SLICE_X65Y45         LUT6 (Prop_lut6_I4_O)        0.045     2.186 r  MUX/COUNTER/Sseg_out_OBUF[6]_inst_i_3/O
                         net (fo=7, routed)           0.388     2.574    MUX/COUNTER/S_out[0]
    SLICE_X65Y61         LUT4 (Prop_lut4_I2_O)        0.048     2.622 r  MUX/COUNTER/Sseg_out_OBUF[3]_inst_i_1/O
                         net (fo=1, routed)           0.374     2.996    Sseg_out_OBUF[3]
    H4                   OBUF (Prop_obuf_I_O)         1.294     4.290 r  Sseg_out_OBUF[3]_inst/O
                         net (fo=0)                   0.000     4.290    Sseg_out[3]
    H4                                                                r  Sseg_out[3] (OUT)
  -------------------------------------------------------------------    -------------------

Slack:                    inf
  Source:                 MUX/COUNTER/cnt_reg[15]/C
                            (rising edge-triggered cell FDRE clocked by sys_clk  {rise@0.000ns fall@10.000ns period=20.000ns})
  Destination:            Sseg_out[2]
                            (output port)
  Path Group:             (none)
  Path Type:              Min at Fast Process Corner
  Data Path Delay:        2.754ns  (logic 1.496ns (54.307%)  route 1.259ns (45.693%))
  Logic Levels:           3  (LUT4=1 LUT6=1 OBUF=1)
  Clock Uncertainty:      0.025ns  ((TSJ^2 + TIJ^2)^1/2 + DJ) / 2 + PE
    Total System Jitter     (TSJ):    0.050ns
    Total Input Jitter      (TIJ):    0.000ns
    Discrete Jitter          (DJ):    0.000ns
    Phase Error              (PE):    0.000ns

    Location             Delay type                Incr(ns)  Path(ns)    Netlist Resource(s)
  -------------------------------------------------------------------    -------------------
                         (clock sys_clk rise edge)    0.000     0.000 r  
    N11                                               0.000     0.000 r  i_clk (IN)
                         net (fo=0)                   0.000     0.000    i_clk
    N11                  IBUF (Prop_ibuf_I_O)         0.286     0.286 r  i_clk_IBUF_inst/O
                         net (fo=1, routed)           0.634     0.920    i_clk_IBUF
    BUFGCTRL_X0Y0        BUFG (Prop_bufg_I_O)         0.026     0.946 r  i_clk_IBUF_BUFG_inst/O
                         net (fo=16, routed)          0.592     1.538    MUX/COUNTER/i_clk
    SLICE_X64Y59         FDRE                                         r  MUX/COUNTER/cnt_reg[15]/C
  -------------------------------------------------------------------    -------------------
    SLICE_X64Y59         FDRE (Prop_fdre_C_Q)         0.164     1.702 r  MUX/COUNTER/cnt_reg[15]/Q
                         net (fo=9, routed)           0.439     2.141    MUX/COUNTER/o_cnt[15]
    SLICE_X65Y45         LUT6 (Prop_lut6_I4_O)        0.045     2.186 f  MUX/COUNTER/Sseg_out_OBUF[6]_inst_i_3/O
                         net (fo=7, routed)           0.464     2.650    MUX/COUNTER/S_out[0]
    SLICE_X65Y61         LUT4 (Prop_lut4_I1_O)        0.045     2.695 r  MUX/COUNTER/Sseg_out_OBUF[2]_inst_i_1/O
                         net (fo=1, routed)           0.355     3.051    Sseg_out_OBUF[2]
    H5                   OBUF (Prop_obuf_I_O)         1.242     4.293 r  Sseg_out_OBUF[2]_inst/O
                         net (fo=0)                   0.000     4.293    Sseg_out[2]
    H5                                                                r  Sseg_out[2] (OUT)
  -------------------------------------------------------------------    -------------------

Slack:                    inf
  Source:                 MUX/COUNTER/cnt_reg[15]/C
                            (rising edge-triggered cell FDRE clocked by sys_clk  {rise@0.000ns fall@10.000ns period=20.000ns})
  Destination:            Sseg_out[6]
                            (output port)
  Path Group:             (none)
  Path Type:              Min at Fast Process Corner
  Data Path Delay:        2.839ns  (logic 1.541ns (54.292%)  route 1.298ns (45.708%))
  Logic Levels:           3  (LUT4=1 LUT6=1 OBUF=1)
  Clock Uncertainty:      0.025ns  ((TSJ^2 + TIJ^2)^1/2 + DJ) / 2 + PE
    Total System Jitter     (TSJ):    0.050ns
    Total Input Jitter      (TIJ):    0.000ns
    Discrete Jitter          (DJ):    0.000ns
    Phase Error              (PE):    0.000ns

    Location             Delay type                Incr(ns)  Path(ns)    Netlist Resource(s)
  -------------------------------------------------------------------    -------------------
                         (clock sys_clk rise edge)    0.000     0.000 r  
    N11                                               0.000     0.000 r  i_clk (IN)
                         net (fo=0)                   0.000     0.000    i_clk
    N11                  IBUF (Prop_ibuf_I_O)         0.286     0.286 r  i_clk_IBUF_inst/O
                         net (fo=1, routed)           0.634     0.920    i_clk_IBUF
    BUFGCTRL_X0Y0        BUFG (Prop_bufg_I_O)         0.026     0.946 r  i_clk_IBUF_BUFG_inst/O
                         net (fo=16, routed)          0.592     1.538    MUX/COUNTER/i_clk
    SLICE_X64Y59         FDRE                                         r  MUX/COUNTER/cnt_reg[15]/C
  -------------------------------------------------------------------    -------------------
    SLICE_X64Y59         FDRE (Prop_fdre_C_Q)         0.164     1.702 r  MUX/COUNTER/cnt_reg[15]/Q
                         net (fo=9, routed)           0.439     2.141    MUX/COUNTER/o_cnt[15]
    SLICE_X65Y45         LUT6 (Prop_lut6_I4_O)        0.045     2.186 r  MUX/COUNTER/Sseg_out_OBUF[6]_inst_i_3/O
                         net (fo=7, routed)           0.464     2.650    MUX/COUNTER/S_out[0]
    SLICE_X65Y61         LUT4 (Prop_lut4_I1_O)        0.043     2.693 r  MUX/COUNTER/Sseg_out_OBUF[6]_inst_i_1/O
                         net (fo=1, routed)           0.394     3.088    Sseg_out_OBUF[6]
    H2                   OBUF (Prop_obuf_I_O)         1.289     4.377 r  Sseg_out_OBUF[6]_inst/O
                         net (fo=0)                   0.000     4.377    Sseg_out[6]
    H2                                                                r  Sseg_out[6] (OUT)
  -------------------------------------------------------------------    -------------------





