Copyright 1986-2022 Xilinx, Inc. All Rights Reserved.
---------------------------------------------------------------------------------------------------------------------------------------------------------------------------------------------------------------------------------------------
| Tool Version : Vivado v.2022.2 (win64) Build 3671981 Fri Oct 14 05:00:03 MDT 2022
| Date         : Mon Nov 13 15:30:20 2023
| Host         : LAPTOP-GBNTDCHP running 64-bit major release  (build 9200)
| Command      : report_timing_summary -max_paths 10 -report_unconstrained -file design_1_wrapper_timing_summary_routed.rpt -pb design_1_wrapper_timing_summary_routed.pb -rpx design_1_wrapper_timing_summary_routed.rpx -warn_on_violation
| Design       : design_1_wrapper
| Device       : 7a35t-ftg256
| Speed File   : -1  PRODUCTION 1.23 2018-06-13
---------------------------------------------------------------------------------------------------------------------------------------------------------------------------------------------------------------------------------------------

Timing Summary Report

------------------------------------------------------------------------------------------------
| Timer Settings
| --------------
------------------------------------------------------------------------------------------------

  Enable Multi Corner Analysis               :  Yes
  Enable Pessimism Removal                   :  Yes
  Pessimism Removal Resolution               :  Nearest Common Node
  Enable Input Delay Default Clock           :  No
  Enable Preset / Clear Arcs                 :  No
  Disable Flight Delays                      :  No
  Ignore I/O Paths                           :  No
  Timing Early Launch at Borrowing Latches   :  No
  Borrow Time for Max Delay Exceptions       :  Yes
  Merge Timing Exceptions                    :  Yes

  Corner  Analyze    Analyze    
  Name    Max Paths  Min Paths  
  ------  ---------  ---------  
  Slow    Yes        Yes        
  Fast    Yes        Yes        


------------------------------------------------------------------------------------------------
| Report Methodology
| ------------------
------------------------------------------------------------------------------------------------

Rule       Severity          Description                                      Violations  
---------  ----------------  -----------------------------------------------  ----------  
TIMING-17  Critical Warning  Non-clocked sequential cell                      1000        
PDRC-190   Warning           Suboptimally placed synchronized register chain  10          

Note: This report is based on the most recent report_methodology run and may not be up-to-date. Run report_methodology on the current design for the latest report.



check_timing report

Table of Contents
-----------------
1. checking no_clock (1821)
2. checking constant_clock (0)
3. checking pulse_width_clock (0)
4. checking unconstrained_internal_endpoints (2650)
5. checking no_input_delay (1)
6. checking no_output_delay (16)
7. checking multiple_clock (0)
8. checking generated_clocks (0)
9. checking loops (0)
10. checking partial_input_delay (0)
11. checking partial_output_delay (0)
12. checking latch_loops (0)

1. checking no_clock (1821)
---------------------------
 There are 1821 register/latch pins with no clock driven by root clock pin: i_clk (HIGH)


2. checking constant_clock (0)
------------------------------
 There are 0 register/latch pins with constant_clock.


3. checking pulse_width_clock (0)
---------------------------------
 There are 0 register/latch pins which need pulse_width check


4. checking unconstrained_internal_endpoints (2650)
---------------------------------------------------
 There are 2650 pins that are not constrained for maximum delay. (HIGH)

 There are 0 pins that are not constrained for maximum delay due to constant clock.


5. checking no_input_delay (1)
------------------------------
 There is 1 input port with no input delay specified. (HIGH)

 There are 0 input ports with no input delay but user has a false path constraint.


6. checking no_output_delay (16)
--------------------------------
 There are 16 ports with no output delay specified. (HIGH)

 There are 0 ports with no output delay but user has a false path constraint

 There are 0 ports with no output delay but with a timing clock defined on it or propagating through it


7. checking multiple_clock (0)
------------------------------
 There are 0 register/latch pins with multiple clocks.


8. checking generated_clocks (0)
--------------------------------
 There are 0 generated clocks that are not connected to a clock source.


9. checking loops (0)
---------------------
 There are 0 combinational loops in the design.


10. checking partial_input_delay (0)
------------------------------------
 There are 0 input ports with partial input delay specified.


11. checking partial_output_delay (0)
-------------------------------------
 There are 0 ports with partial output delay specified.


12. checking latch_loops (0)
----------------------------
 There are 0 combinational latch loops in the design through latch input



------------------------------------------------------------------------------------------------
| Design Timing Summary
| ---------------------
------------------------------------------------------------------------------------------------

    WNS(ns)      TNS(ns)  TNS Failing Endpoints  TNS Total Endpoints      WHS(ns)      THS(ns)  THS Failing Endpoints  THS Total Endpoints     WPWS(ns)     TPWS(ns)  TPWS Failing Endpoints  TPWS Total Endpoints  
    -------      -------  ---------------------  -------------------      -------      -------  ---------------------  -------------------     --------     --------  ----------------------  --------------------  
     26.531        0.000                      0                 1036        0.034        0.000                      0                 1028       15.250        0.000                       0                   483  


All user specified timing constraints are met.


------------------------------------------------------------------------------------------------
| Clock Summary
| -------------
------------------------------------------------------------------------------------------------

Clock                                                                                       Waveform(ns)       Period(ns)      Frequency(MHz)
-----                                                                                       ------------       ----------      --------------
dbg_hub/inst/BSCANID.u_xsdbm_id/SWITCH_N_EXT_BSCAN.bscan_inst/SERIES7_BSCAN.bscan_inst/TCK  {0.000 16.500}     33.000          30.303          


------------------------------------------------------------------------------------------------
| Intra Clock Table
| -----------------
------------------------------------------------------------------------------------------------

Clock                                                                                           WNS(ns)      TNS(ns)  TNS Failing Endpoints  TNS Total Endpoints      WHS(ns)      THS(ns)  THS Failing Endpoints  THS Total Endpoints     WPWS(ns)     TPWS(ns)  TPWS Failing Endpoints  TPWS Total Endpoints  
-----                                                                                           -------      -------  ---------------------  -------------------      -------      -------  ---------------------  -------------------     --------     --------  ----------------------  --------------------  
dbg_hub/inst/BSCANID.u_xsdbm_id/SWITCH_N_EXT_BSCAN.bscan_inst/SERIES7_BSCAN.bscan_inst/TCK       26.531        0.000                      0                  928        0.034        0.000                      0                  928       15.250        0.000                       0                   483  


------------------------------------------------------------------------------------------------
| Inter Clock Table
| -----------------
------------------------------------------------------------------------------------------------

From Clock    To Clock          WNS(ns)      TNS(ns)  TNS Failing Endpoints  TNS Total Endpoints      WHS(ns)      THS(ns)  THS Failing Endpoints  THS Total Endpoints  
----------    --------          -------      -------  ---------------------  -------------------      -------      -------  ---------------------  -------------------  


------------------------------------------------------------------------------------------------
| Other Path Groups Table
| -----------------------
------------------------------------------------------------------------------------------------

Path Group                                                                                  From Clock                                                                                  To Clock                                                                                        WNS(ns)      TNS(ns)  TNS Failing Endpoints  TNS Total Endpoints      WHS(ns)      THS(ns)  THS Failing Endpoints  THS Total Endpoints  
----------                                                                                  ----------                                                                                  --------                                                                                        -------      -------  ---------------------  -------------------      -------      -------  ---------------------  -------------------  
**async_default**                                                                           dbg_hub/inst/BSCANID.u_xsdbm_id/SWITCH_N_EXT_BSCAN.bscan_inst/SERIES7_BSCAN.bscan_inst/TCK  dbg_hub/inst/BSCANID.u_xsdbm_id/SWITCH_N_EXT_BSCAN.bscan_inst/SERIES7_BSCAN.bscan_inst/TCK       28.626        0.000                      0                  100        0.361        0.000                      0                  100  
**default**                                                                                 dbg_hub/inst/BSCANID.u_xsdbm_id/SWITCH_N_EXT_BSCAN.bscan_inst/SERIES7_BSCAN.bscan_inst/TCK                                                                                                   31.808        0.000                      0                    8                                                                        


------------------------------------------------------------------------------------------------
| User Ignored Path Table
| -----------------------
------------------------------------------------------------------------------------------------

Path Group                                                                                  From Clock                                                                                  To Clock                                                                                  
----------                                                                                  ----------                                                                                  --------                                                                                  
(none)                                                                                                                                                                                                                                                                              
(none)                                                                                      dbg_hub/inst/BSCANID.u_xsdbm_id/SWITCH_N_EXT_BSCAN.bscan_inst/SERIES7_BSCAN.bscan_inst/TCK                                                                                              
(none)                                                                                                                                                                                  dbg_hub/inst/BSCANID.u_xsdbm_id/SWITCH_N_EXT_BSCAN.bscan_inst/SERIES7_BSCAN.bscan_inst/TCK  


------------------------------------------------------------------------------------------------
| Unconstrained Path Table
| ------------------------
------------------------------------------------------------------------------------------------

Path Group                                                                                  From Clock                                                                                  To Clock                                                                                  
----------                                                                                  ----------                                                                                  --------                                                                                  
(none)                                                                                                                                                                                                                                                                              
(none)                                                                                                                                                                                  dbg_hub/inst/BSCANID.u_xsdbm_id/SWITCH_N_EXT_BSCAN.bscan_inst/SERIES7_BSCAN.bscan_inst/TCK  


------------------------------------------------------------------------------------------------
| Timing Details
| --------------
------------------------------------------------------------------------------------------------


---------------------------------------------------------------------------------------------------
From Clock:  dbg_hub/inst/BSCANID.u_xsdbm_id/SWITCH_N_EXT_BSCAN.bscan_inst/SERIES7_BSCAN.bscan_inst/TCK
  To Clock:  dbg_hub/inst/BSCANID.u_xsdbm_id/SWITCH_N_EXT_BSCAN.bscan_inst/SERIES7_BSCAN.bscan_inst/TCK

Setup :            0  Failing Endpoints,  Worst Slack       26.531ns,  Total Violation        0.000ns
Hold  :            0  Failing Endpoints,  Worst Slack        0.034ns,  Total Violation        0.000ns
PW    :            0  Failing Endpoints,  Worst Slack       15.250ns,  Total Violation        0.000ns
---------------------------------------------------------------------------------------------------


Max Delay Paths
--------------------------------------------------------------------------------------
Slack (MET) :             26.531ns  (required time - arrival time)
  Source:                 dbg_hub/inst/BSCANID.u_xsdbm_id/SWITCH_N_EXT_BSCAN.bscan_switch/state_reg[0]/C
                            (rising edge-triggered cell FDRE clocked by dbg_hub/inst/BSCANID.u_xsdbm_id/SWITCH_N_EXT_BSCAN.bscan_inst/SERIES7_BSCAN.bscan_inst/TCK  {rise@0.000ns fall@16.500ns period=33.000ns})
  Destination:            dbg_hub/inst/BSCANID.u_xsdbm_id/SWITCH_N_EXT_BSCAN.bscan_switch/portno_temp_reg[0]/D
                            (rising edge-triggered cell FDRE clocked by dbg_hub/inst/BSCANID.u_xsdbm_id/SWITCH_N_EXT_BSCAN.bscan_inst/SERIES7_BSCAN.bscan_inst/TCK  {rise@0.000ns fall@16.500ns period=33.000ns})
  Path Group:             dbg_hub/inst/BSCANID.u_xsdbm_id/SWITCH_N_EXT_BSCAN.bscan_inst/SERIES7_BSCAN.bscan_inst/TCK
  Path Type:              Setup (Max at Slow Process Corner)
  Requirement:            33.000ns  (dbg_hub/inst/BSCANID.u_xsdbm_id/SWITCH_N_EXT_BSCAN.bscan_inst/SERIES7_BSCAN.bscan_inst/TCK rise@33.000ns - dbg_hub/inst/BSCANID.u_xsdbm_id/SWITCH_N_EXT_BSCAN.bscan_inst/SERIES7_BSCAN.bscan_inst/TCK rise@0.000ns)
  Data Path Delay:        6.427ns  (logic 2.075ns (32.284%)  route 4.352ns (67.716%))
  Logic Levels:           5  (CARRY4=1 LUT3=1 LUT4=1 LUT5=1 LUT6=1)
  Clock Path Skew:        -0.038ns (DCD - SCD + CPR)
    Destination Clock Delay (DCD):    3.015ns = ( 36.015 - 33.000 ) 
    Source Clock Delay      (SCD):    3.377ns
    Clock Pessimism Removal (CPR):    0.324ns
  Clock Uncertainty:      0.035ns  ((TSJ^2 + TIJ^2)^1/2 + DJ) / 2 + PE
    Total System Jitter     (TSJ):    0.071ns
    Total Input Jitter      (TIJ):    0.000ns
    Discrete Jitter          (DJ):    0.000ns
    Phase Error              (PE):    0.000ns

    Location             Delay type                Incr(ns)  Path(ns)    Netlist Resource(s)
  -------------------------------------------------------------------    -------------------
                         (clock dbg_hub/inst/BSCANID.u_xsdbm_id/SWITCH_N_EXT_BSCAN.bscan_inst/SERIES7_BSCAN.bscan_inst/TCK rise edge)
                                                      0.000     0.000 r  
    BSCAN_X0Y0           BSCANE2                      0.000     0.000 r  dbg_hub/inst/BSCANID.u_xsdbm_id/SWITCH_N_EXT_BSCAN.bscan_inst/SERIES7_BSCAN.bscan_inst/TCK
                         net (fo=1, routed)           1.728     1.728    dbg_hub/inst/BSCANID.u_xsdbm_id/tck_bs
    BUFGCTRL_X0Y1        BUFG (Prop_bufg_I_O)         0.096     1.824 r  dbg_hub/inst/BSCANID.u_xsdbm_id/SWITCH_N_EXT_BSCAN.u_bufg_icon_tck/O
                         net (fo=482, routed)         1.553     3.377    dbg_hub/inst/BSCANID.u_xsdbm_id/SWITCH_N_EXT_BSCAN.bscan_switch/s_bscan_tck
    SLICE_X40Y57         FDRE                                         r  dbg_hub/inst/BSCANID.u_xsdbm_id/SWITCH_N_EXT_BSCAN.bscan_switch/state_reg[0]/C
  -------------------------------------------------------------------    -------------------
    SLICE_X40Y57         FDRE (Prop_fdre_C_Q)         0.419     3.796 f  dbg_hub/inst/BSCANID.u_xsdbm_id/SWITCH_N_EXT_BSCAN.bscan_switch/state_reg[0]/Q
                         net (fo=50, routed)          1.580     5.376    dbg_hub/inst/BSCANID.u_xsdbm_id/SWITCH_N_EXT_BSCAN.bscan_switch/state[0]
    SLICE_X42Y59         LUT4 (Prop_lut4_I1_O)        0.328     5.704 r  dbg_hub/inst/BSCANID.u_xsdbm_id/SWITCH_N_EXT_BSCAN.bscan_switch/curid_inferred_i_9/O
                         net (fo=2, routed)           0.875     6.578    dbg_hub/inst/BSCANID.u_xsdbm_id/SWITCH_N_EXT_BSCAN.bscan_switch/curid[23]
    SLICE_X41Y60         LUT6 (Prop_lut6_I1_O)        0.331     6.909 r  dbg_hub/inst/BSCANID.u_xsdbm_id/SWITCH_N_EXT_BSCAN.bscan_switch/state_temp[0]_i_7/O
                         net (fo=1, routed)           0.000     6.909    dbg_hub/inst/BSCANID.u_xsdbm_id/SWITCH_N_EXT_BSCAN.bscan_switch/state_temp[0]_i_7_n_0
    SLICE_X41Y60         CARRY4 (Prop_carry4_S[1]_CO[3])
                                                      0.550     7.459 f  dbg_hub/inst/BSCANID.u_xsdbm_id/SWITCH_N_EXT_BSCAN.bscan_switch/state_temp_reg[0]_i_3/CO[3]
                         net (fo=4, routed)           0.876     8.335    dbg_hub/inst/BSCANID.u_xsdbm_id/SWITCH_N_EXT_BSCAN.bscan_switch/state_temp_reg[0]_i_3_n_0
    SLICE_X41Y57         LUT5 (Prop_lut5_I1_O)        0.120     8.455 r  dbg_hub/inst/BSCANID.u_xsdbm_id/SWITCH_N_EXT_BSCAN.bscan_switch/portno_temp[5]_i_2/O
                         net (fo=7, routed)           1.022     9.477    dbg_hub/inst/BSCANID.u_xsdbm_id/SWITCH_N_EXT_BSCAN.bscan_switch/portno_temp[5]_i_2_n_0
    SLICE_X44Y58         LUT3 (Prop_lut3_I1_O)        0.327     9.804 r  dbg_hub/inst/BSCANID.u_xsdbm_id/SWITCH_N_EXT_BSCAN.bscan_switch/portno_temp[0]_i_1/O
                         net (fo=1, routed)           0.000     9.804    dbg_hub/inst/BSCANID.u_xsdbm_id/SWITCH_N_EXT_BSCAN.bscan_switch/portno_temp[0]_i_1_n_0
    SLICE_X44Y58         FDRE                                         r  dbg_hub/inst/BSCANID.u_xsdbm_id/SWITCH_N_EXT_BSCAN.bscan_switch/portno_temp_reg[0]/D
  -------------------------------------------------------------------    -------------------

                         (clock dbg_hub/inst/BSCANID.u_xsdbm_id/SWITCH_N_EXT_BSCAN.bscan_inst/SERIES7_BSCAN.bscan_inst/TCK rise edge)
                                                     33.000    33.000 r  
    BSCAN_X0Y0           BSCANE2                      0.000    33.000 r  dbg_hub/inst/BSCANID.u_xsdbm_id/SWITCH_N_EXT_BSCAN.bscan_inst/SERIES7_BSCAN.bscan_inst/TCK
                         net (fo=1, routed)           1.487    34.487    dbg_hub/inst/BSCANID.u_xsdbm_id/tck_bs
    BUFGCTRL_X0Y1        BUFG (Prop_bufg_I_O)         0.091    34.578 r  dbg_hub/inst/BSCANID.u_xsdbm_id/SWITCH_N_EXT_BSCAN.u_bufg_icon_tck/O
                         net (fo=482, routed)         1.437    36.015    dbg_hub/inst/BSCANID.u_xsdbm_id/SWITCH_N_EXT_BSCAN.bscan_switch/s_bscan_tck
    SLICE_X44Y58         FDRE                                         r  dbg_hub/inst/BSCANID.u_xsdbm_id/SWITCH_N_EXT_BSCAN.bscan_switch/portno_temp_reg[0]/C
                         clock pessimism              0.324    36.339    
                         clock uncertainty           -0.035    36.304    
    SLICE_X44Y58         FDRE (Setup_fdre_C_D)        0.032    36.336    dbg_hub/inst/BSCANID.u_xsdbm_id/SWITCH_N_EXT_BSCAN.bscan_switch/portno_temp_reg[0]
  -------------------------------------------------------------------
                         required time                         36.336    
                         arrival time                          -9.804    
  -------------------------------------------------------------------
                         slack                                 26.531    

Slack (MET) :             26.610ns  (required time - arrival time)
  Source:                 dbg_hub/inst/BSCANID.u_xsdbm_id/SWITCH_N_EXT_BSCAN.bscan_switch/state_reg[0]/C
                            (rising edge-triggered cell FDRE clocked by dbg_hub/inst/BSCANID.u_xsdbm_id/SWITCH_N_EXT_BSCAN.bscan_inst/SERIES7_BSCAN.bscan_inst/TCK  {rise@0.000ns fall@16.500ns period=33.000ns})
  Destination:            dbg_hub/inst/BSCANID.u_xsdbm_id/SWITCH_N_EXT_BSCAN.bscan_switch/state_temp_reg[2]/D
                            (rising edge-triggered cell FDRE clocked by dbg_hub/inst/BSCANID.u_xsdbm_id/SWITCH_N_EXT_BSCAN.bscan_inst/SERIES7_BSCAN.bscan_inst/TCK  {rise@0.000ns fall@16.500ns period=33.000ns})
  Path Group:             dbg_hub/inst/BSCANID.u_xsdbm_id/SWITCH_N_EXT_BSCAN.bscan_inst/SERIES7_BSCAN.bscan_inst/TCK
  Path Type:              Setup (Max at Slow Process Corner)
  Requirement:            33.000ns  (dbg_hub/inst/BSCANID.u_xsdbm_id/SWITCH_N_EXT_BSCAN.bscan_inst/SERIES7_BSCAN.bscan_inst/TCK rise@33.000ns - dbg_hub/inst/BSCANID.u_xsdbm_id/SWITCH_N_EXT_BSCAN.bscan_inst/SERIES7_BSCAN.bscan_inst/TCK rise@0.000ns)
  Data Path Delay:        6.407ns  (logic 2.075ns (32.388%)  route 4.332ns (67.612%))
  Logic Levels:           5  (CARRY4=1 LUT4=1 LUT5=1 LUT6=2)
  Clock Path Skew:        -0.025ns (DCD - SCD + CPR)
    Destination Clock Delay (DCD):    3.014ns = ( 36.014 - 33.000 ) 
    Source Clock Delay      (SCD):    3.377ns
    Clock Pessimism Removal (CPR):    0.338ns
  Clock Uncertainty:      0.035ns  ((TSJ^2 + TIJ^2)^1/2 + DJ) / 2 + PE
    Total System Jitter     (TSJ):    0.071ns
    Total Input Jitter      (TIJ):    0.000ns
    Discrete Jitter          (DJ):    0.000ns
    Phase Error              (PE):    0.000ns

    Location             Delay type                Incr(ns)  Path(ns)    Netlist Resource(s)
  -------------------------------------------------------------------    -------------------
                         (clock dbg_hub/inst/BSCANID.u_xsdbm_id/SWITCH_N_EXT_BSCAN.bscan_inst/SERIES7_BSCAN.bscan_inst/TCK rise edge)
                                                      0.000     0.000 r  
    BSCAN_X0Y0           BSCANE2                      0.000     0.000 r  dbg_hub/inst/BSCANID.u_xsdbm_id/SWITCH_N_EXT_BSCAN.bscan_inst/SERIES7_BSCAN.bscan_inst/TCK
                         net (fo=1, routed)           1.728     1.728    dbg_hub/inst/BSCANID.u_xsdbm_id/tck_bs
    BUFGCTRL_X0Y1        BUFG (Prop_bufg_I_O)         0.096     1.824 r  dbg_hub/inst/BSCANID.u_xsdbm_id/SWITCH_N_EXT_BSCAN.u_bufg_icon_tck/O
                         net (fo=482, routed)         1.553     3.377    dbg_hub/inst/BSCANID.u_xsdbm_id/SWITCH_N_EXT_BSCAN.bscan_switch/s_bscan_tck
    SLICE_X40Y57         FDRE                                         r  dbg_hub/inst/BSCANID.u_xsdbm_id/SWITCH_N_EXT_BSCAN.bscan_switch/state_reg[0]/C
  -------------------------------------------------------------------    -------------------
    SLICE_X40Y57         FDRE (Prop_fdre_C_Q)         0.419     3.796 f  dbg_hub/inst/BSCANID.u_xsdbm_id/SWITCH_N_EXT_BSCAN.bscan_switch/state_reg[0]/Q
                         net (fo=50, routed)          1.580     5.376    dbg_hub/inst/BSCANID.u_xsdbm_id/SWITCH_N_EXT_BSCAN.bscan_switch/state[0]
    SLICE_X42Y59         LUT4 (Prop_lut4_I1_O)        0.328     5.704 r  dbg_hub/inst/BSCANID.u_xsdbm_id/SWITCH_N_EXT_BSCAN.bscan_switch/curid_inferred_i_9/O
                         net (fo=2, routed)           0.875     6.578    dbg_hub/inst/BSCANID.u_xsdbm_id/SWITCH_N_EXT_BSCAN.bscan_switch/curid[23]
    SLICE_X41Y60         LUT6 (Prop_lut6_I1_O)        0.331     6.909 r  dbg_hub/inst/BSCANID.u_xsdbm_id/SWITCH_N_EXT_BSCAN.bscan_switch/state_temp[0]_i_7/O
                         net (fo=1, routed)           0.000     6.909    dbg_hub/inst/BSCANID.u_xsdbm_id/SWITCH_N_EXT_BSCAN.bscan_switch/state_temp[0]_i_7_n_0
    SLICE_X41Y60         CARRY4 (Prop_carry4_S[1]_CO[3])
                                                      0.550     7.459 f  dbg_hub/inst/BSCANID.u_xsdbm_id/SWITCH_N_EXT_BSCAN.bscan_switch/state_temp_reg[0]_i_3/CO[3]
                         net (fo=4, routed)           0.876     8.335    dbg_hub/inst/BSCANID.u_xsdbm_id/SWITCH_N_EXT_BSCAN.bscan_switch/state_temp_reg[0]_i_3_n_0
    SLICE_X41Y57         LUT5 (Prop_lut5_I1_O)        0.120     8.455 r  dbg_hub/inst/BSCANID.u_xsdbm_id/SWITCH_N_EXT_BSCAN.bscan_switch/portno_temp[5]_i_2/O
                         net (fo=7, routed)           1.002     9.457    dbg_hub/inst/BSCANID.u_xsdbm_id/SWITCH_N_EXT_BSCAN.bscan_switch/portno_temp[5]_i_2_n_0
    SLICE_X42Y57         LUT6 (Prop_lut6_I2_O)        0.327     9.784 r  dbg_hub/inst/BSCANID.u_xsdbm_id/SWITCH_N_EXT_BSCAN.bscan_switch/state_temp[2]_i_1/O
                         net (fo=1, routed)           0.000     9.784    dbg_hub/inst/BSCANID.u_xsdbm_id/SWITCH_N_EXT_BSCAN.bscan_switch/state_temp[2]_i_1_n_0
    SLICE_X42Y57         FDRE                                         r  dbg_hub/inst/BSCANID.u_xsdbm_id/SWITCH_N_EXT_BSCAN.bscan_switch/state_temp_reg[2]/D
  -------------------------------------------------------------------    -------------------

                         (clock dbg_hub/inst/BSCANID.u_xsdbm_id/SWITCH_N_EXT_BSCAN.bscan_inst/SERIES7_BSCAN.bscan_inst/TCK rise edge)
                                                     33.000    33.000 r  
    BSCAN_X0Y0           BSCANE2                      0.000    33.000 r  dbg_hub/inst/BSCANID.u_xsdbm_id/SWITCH_N_EXT_BSCAN.bscan_inst/SERIES7_BSCAN.bscan_inst/TCK
                         net (fo=1, routed)           1.487    34.487    dbg_hub/inst/BSCANID.u_xsdbm_id/tck_bs
    BUFGCTRL_X0Y1        BUFG (Prop_bufg_I_O)         0.091    34.578 r  dbg_hub/inst/BSCANID.u_xsdbm_id/SWITCH_N_EXT_BSCAN.u_bufg_icon_tck/O
                         net (fo=482, routed)         1.436    36.014    dbg_hub/inst/BSCANID.u_xsdbm_id/SWITCH_N_EXT_BSCAN.bscan_switch/s_bscan_tck
    SLICE_X42Y57         FDRE                                         r  dbg_hub/inst/BSCANID.u_xsdbm_id/SWITCH_N_EXT_BSCAN.bscan_switch/state_temp_reg[2]/C
                         clock pessimism              0.338    36.352    
                         clock uncertainty           -0.035    36.317    
    SLICE_X42Y57         FDRE (Setup_fdre_C_D)        0.077    36.394    dbg_hub/inst/BSCANID.u_xsdbm_id/SWITCH_N_EXT_BSCAN.bscan_switch/state_temp_reg[2]
  -------------------------------------------------------------------
                         required time                         36.394    
                         arrival time                          -9.784    
  -------------------------------------------------------------------
                         slack                                 26.610    

Slack (MET) :             26.725ns  (required time - arrival time)
  Source:                 dbg_hub/inst/BSCANID.u_xsdbm_id/SWITCH_N_EXT_BSCAN.bscan_switch/state_reg[0]/C
                            (rising edge-triggered cell FDRE clocked by dbg_hub/inst/BSCANID.u_xsdbm_id/SWITCH_N_EXT_BSCAN.bscan_inst/SERIES7_BSCAN.bscan_inst/TCK  {rise@0.000ns fall@16.500ns period=33.000ns})
  Destination:            dbg_hub/inst/BSCANID.u_xsdbm_id/SWITCH_N_EXT_BSCAN.bscan_switch/portno_temp_reg[3]/D
                            (rising edge-triggered cell FDRE clocked by dbg_hub/inst/BSCANID.u_xsdbm_id/SWITCH_N_EXT_BSCAN.bscan_inst/SERIES7_BSCAN.bscan_inst/TCK  {rise@0.000ns fall@16.500ns period=33.000ns})
  Path Group:             dbg_hub/inst/BSCANID.u_xsdbm_id/SWITCH_N_EXT_BSCAN.bscan_inst/SERIES7_BSCAN.bscan_inst/TCK
  Path Type:              Setup (Max at Slow Process Corner)
  Requirement:            33.000ns  (dbg_hub/inst/BSCANID.u_xsdbm_id/SWITCH_N_EXT_BSCAN.bscan_inst/SERIES7_BSCAN.bscan_inst/TCK rise@33.000ns - dbg_hub/inst/BSCANID.u_xsdbm_id/SWITCH_N_EXT_BSCAN.bscan_inst/SERIES7_BSCAN.bscan_inst/TCK rise@0.000ns)
  Data Path Delay:        6.231ns  (logic 2.075ns (33.303%)  route 4.156ns (66.697%))
  Logic Levels:           5  (CARRY4=1 LUT3=1 LUT4=1 LUT5=1 LUT6=1)
  Clock Path Skew:        -0.038ns (DCD - SCD + CPR)
    Destination Clock Delay (DCD):    3.015ns = ( 36.015 - 33.000 ) 
    Source Clock Delay      (SCD):    3.377ns
    Clock Pessimism Removal (CPR):    0.324ns
  Clock Uncertainty:      0.035ns  ((TSJ^2 + TIJ^2)^1/2 + DJ) / 2 + PE
    Total System Jitter     (TSJ):    0.071ns
    Total Input Jitter      (TIJ):    0.000ns
    Discrete Jitter          (DJ):    0.000ns
    Phase Error              (PE):    0.000ns

    Location             Delay type                Incr(ns)  Path(ns)    Netlist Resource(s)
  -------------------------------------------------------------------    -------------------
                         (clock dbg_hub/inst/BSCANID.u_xsdbm_id/SWITCH_N_EXT_BSCAN.bscan_inst/SERIES7_BSCAN.bscan_inst/TCK rise edge)
                                                      0.000     0.000 r  
    BSCAN_X0Y0           BSCANE2                      0.000     0.000 r  dbg_hub/inst/BSCANID.u_xsdbm_id/SWITCH_N_EXT_BSCAN.bscan_inst/SERIES7_BSCAN.bscan_inst/TCK
                         net (fo=1, routed)           1.728     1.728    dbg_hub/inst/BSCANID.u_xsdbm_id/tck_bs
    BUFGCTRL_X0Y1        BUFG (Prop_bufg_I_O)         0.096     1.824 r  dbg_hub/inst/BSCANID.u_xsdbm_id/SWITCH_N_EXT_BSCAN.u_bufg_icon_tck/O
                         net (fo=482, routed)         1.553     3.377    dbg_hub/inst/BSCANID.u_xsdbm_id/SWITCH_N_EXT_BSCAN.bscan_switch/s_bscan_tck
    SLICE_X40Y57         FDRE                                         r  dbg_hub/inst/BSCANID.u_xsdbm_id/SWITCH_N_EXT_BSCAN.bscan_switch/state_reg[0]/C
  -------------------------------------------------------------------    -------------------
    SLICE_X40Y57         FDRE (Prop_fdre_C_Q)         0.419     3.796 f  dbg_hub/inst/BSCANID.u_xsdbm_id/SWITCH_N_EXT_BSCAN.bscan_switch/state_reg[0]/Q
                         net (fo=50, routed)          1.580     5.376    dbg_hub/inst/BSCANID.u_xsdbm_id/SWITCH_N_EXT_BSCAN.bscan_switch/state[0]
    SLICE_X42Y59         LUT4 (Prop_lut4_I1_O)        0.328     5.704 r  dbg_hub/inst/BSCANID.u_xsdbm_id/SWITCH_N_EXT_BSCAN.bscan_switch/curid_inferred_i_9/O
                         net (fo=2, routed)           0.875     6.578    dbg_hub/inst/BSCANID.u_xsdbm_id/SWITCH_N_EXT_BSCAN.bscan_switch/curid[23]
    SLICE_X41Y60         LUT6 (Prop_lut6_I1_O)        0.331     6.909 r  dbg_hub/inst/BSCANID.u_xsdbm_id/SWITCH_N_EXT_BSCAN.bscan_switch/state_temp[0]_i_7/O
                         net (fo=1, routed)           0.000     6.909    dbg_hub/inst/BSCANID.u_xsdbm_id/SWITCH_N_EXT_BSCAN.bscan_switch/state_temp[0]_i_7_n_0
    SLICE_X41Y60         CARRY4 (Prop_carry4_S[1]_CO[3])
                                                      0.550     7.459 f  dbg_hub/inst/BSCANID.u_xsdbm_id/SWITCH_N_EXT_BSCAN.bscan_switch/state_temp_reg[0]_i_3/CO[3]
                         net (fo=4, routed)           0.876     8.335    dbg_hub/inst/BSCANID.u_xsdbm_id/SWITCH_N_EXT_BSCAN.bscan_switch/state_temp_reg[0]_i_3_n_0
    SLICE_X41Y57         LUT5 (Prop_lut5_I1_O)        0.120     8.455 r  dbg_hub/inst/BSCANID.u_xsdbm_id/SWITCH_N_EXT_BSCAN.bscan_switch/portno_temp[5]_i_2/O
                         net (fo=7, routed)           0.826     9.281    dbg_hub/inst/BSCANID.u_xsdbm_id/SWITCH_N_EXT_BSCAN.bscan_switch/portno_temp[5]_i_2_n_0
    SLICE_X44Y57         LUT3 (Prop_lut3_I1_O)        0.327     9.608 r  dbg_hub/inst/BSCANID.u_xsdbm_id/SWITCH_N_EXT_BSCAN.bscan_switch/portno_temp[3]_i_1/O
                         net (fo=1, routed)           0.000     9.608    dbg_hub/inst/BSCANID.u_xsdbm_id/SWITCH_N_EXT_BSCAN.bscan_switch/portno_temp[3]_i_1_n_0
    SLICE_X44Y57         FDRE                                         r  dbg_hub/inst/BSCANID.u_xsdbm_id/SWITCH_N_EXT_BSCAN.bscan_switch/portno_temp_reg[3]/D
  -------------------------------------------------------------------    -------------------

                         (clock dbg_hub/inst/BSCANID.u_xsdbm_id/SWITCH_N_EXT_BSCAN.bscan_inst/SERIES7_BSCAN.bscan_inst/TCK rise edge)
                                                     33.000    33.000 r  
    BSCAN_X0Y0           BSCANE2                      0.000    33.000 r  dbg_hub/inst/BSCANID.u_xsdbm_id/SWITCH_N_EXT_BSCAN.bscan_inst/SERIES7_BSCAN.bscan_inst/TCK
                         net (fo=1, routed)           1.487    34.487    dbg_hub/inst/BSCANID.u_xsdbm_id/tck_bs
    BUFGCTRL_X0Y1        BUFG (Prop_bufg_I_O)         0.091    34.578 r  dbg_hub/inst/BSCANID.u_xsdbm_id/SWITCH_N_EXT_BSCAN.u_bufg_icon_tck/O
                         net (fo=482, routed)         1.437    36.015    dbg_hub/inst/BSCANID.u_xsdbm_id/SWITCH_N_EXT_BSCAN.bscan_switch/s_bscan_tck
    SLICE_X44Y57         FDRE                                         r  dbg_hub/inst/BSCANID.u_xsdbm_id/SWITCH_N_EXT_BSCAN.bscan_switch/portno_temp_reg[3]/C
                         clock pessimism              0.324    36.339    
                         clock uncertainty           -0.035    36.304    
    SLICE_X44Y57         FDRE (Setup_fdre_C_D)        0.029    36.333    dbg_hub/inst/BSCANID.u_xsdbm_id/SWITCH_N_EXT_BSCAN.bscan_switch/portno_temp_reg[3]
  -------------------------------------------------------------------
                         required time                         36.333    
                         arrival time                          -9.608    
  -------------------------------------------------------------------
                         slack                                 26.725    

Slack (MET) :             26.922ns  (required time - arrival time)
  Source:                 dbg_hub/inst/BSCANID.u_xsdbm_id/SWITCH_N_EXT_BSCAN.bscan_switch/state_reg[0]/C
                            (rising edge-triggered cell FDRE clocked by dbg_hub/inst/BSCANID.u_xsdbm_id/SWITCH_N_EXT_BSCAN.bscan_inst/SERIES7_BSCAN.bscan_inst/TCK  {rise@0.000ns fall@16.500ns period=33.000ns})
  Destination:            dbg_hub/inst/BSCANID.u_xsdbm_id/SWITCH_N_EXT_BSCAN.bscan_switch/portno_temp_reg[2]/D
                            (rising edge-triggered cell FDRE clocked by dbg_hub/inst/BSCANID.u_xsdbm_id/SWITCH_N_EXT_BSCAN.bscan_inst/SERIES7_BSCAN.bscan_inst/TCK  {rise@0.000ns fall@16.500ns period=33.000ns})
  Path Group:             dbg_hub/inst/BSCANID.u_xsdbm_id/SWITCH_N_EXT_BSCAN.bscan_inst/SERIES7_BSCAN.bscan_inst/TCK
  Path Type:              Setup (Max at Slow Process Corner)
  Requirement:            33.000ns  (dbg_hub/inst/BSCANID.u_xsdbm_id/SWITCH_N_EXT_BSCAN.bscan_inst/SERIES7_BSCAN.bscan_inst/TCK rise@33.000ns - dbg_hub/inst/BSCANID.u_xsdbm_id/SWITCH_N_EXT_BSCAN.bscan_inst/SERIES7_BSCAN.bscan_inst/TCK rise@0.000ns)
  Data Path Delay:        6.036ns  (logic 2.075ns (34.377%)  route 3.961ns (65.623%))
  Logic Levels:           5  (CARRY4=1 LUT3=1 LUT4=1 LUT5=1 LUT6=1)
  Clock Path Skew:        -0.038ns (DCD - SCD + CPR)
    Destination Clock Delay (DCD):    3.015ns = ( 36.015 - 33.000 ) 
    Source Clock Delay      (SCD):    3.377ns
    Clock Pessimism Removal (CPR):    0.324ns
  Clock Uncertainty:      0.035ns  ((TSJ^2 + TIJ^2)^1/2 + DJ) / 2 + PE
    Total System Jitter     (TSJ):    0.071ns
    Total Input Jitter      (TIJ):    0.000ns
    Discrete Jitter          (DJ):    0.000ns
    Phase Error              (PE):    0.000ns

    Location             Delay type                Incr(ns)  Path(ns)    Netlist Resource(s)
  -------------------------------------------------------------------    -------------------
                         (clock dbg_hub/inst/BSCANID.u_xsdbm_id/SWITCH_N_EXT_BSCAN.bscan_inst/SERIES7_BSCAN.bscan_inst/TCK rise edge)
                                                      0.000     0.000 r  
    BSCAN_X0Y0           BSCANE2                      0.000     0.000 r  dbg_hub/inst/BSCANID.u_xsdbm_id/SWITCH_N_EXT_BSCAN.bscan_inst/SERIES7_BSCAN.bscan_inst/TCK
                         net (fo=1, routed)           1.728     1.728    dbg_hub/inst/BSCANID.u_xsdbm_id/tck_bs
    BUFGCTRL_X0Y1        BUFG (Prop_bufg_I_O)         0.096     1.824 r  dbg_hub/inst/BSCANID.u_xsdbm_id/SWITCH_N_EXT_BSCAN.u_bufg_icon_tck/O
                         net (fo=482, routed)         1.553     3.377    dbg_hub/inst/BSCANID.u_xsdbm_id/SWITCH_N_EXT_BSCAN.bscan_switch/s_bscan_tck
    SLICE_X40Y57         FDRE                                         r  dbg_hub/inst/BSCANID.u_xsdbm_id/SWITCH_N_EXT_BSCAN.bscan_switch/state_reg[0]/C
  -------------------------------------------------------------------    -------------------
    SLICE_X40Y57         FDRE (Prop_fdre_C_Q)         0.419     3.796 f  dbg_hub/inst/BSCANID.u_xsdbm_id/SWITCH_N_EXT_BSCAN.bscan_switch/state_reg[0]/Q
                         net (fo=50, routed)          1.580     5.376    dbg_hub/inst/BSCANID.u_xsdbm_id/SWITCH_N_EXT_BSCAN.bscan_switch/state[0]
    SLICE_X42Y59         LUT4 (Prop_lut4_I1_O)        0.328     5.704 r  dbg_hub/inst/BSCANID.u_xsdbm_id/SWITCH_N_EXT_BSCAN.bscan_switch/curid_inferred_i_9/O
                         net (fo=2, routed)           0.875     6.578    dbg_hub/inst/BSCANID.u_xsdbm_id/SWITCH_N_EXT_BSCAN.bscan_switch/curid[23]
    SLICE_X41Y60         LUT6 (Prop_lut6_I1_O)        0.331     6.909 r  dbg_hub/inst/BSCANID.u_xsdbm_id/SWITCH_N_EXT_BSCAN.bscan_switch/state_temp[0]_i_7/O
                         net (fo=1, routed)           0.000     6.909    dbg_hub/inst/BSCANID.u_xsdbm_id/SWITCH_N_EXT_BSCAN.bscan_switch/state_temp[0]_i_7_n_0
    SLICE_X41Y60         CARRY4 (Prop_carry4_S[1]_CO[3])
                                                      0.550     7.459 f  dbg_hub/inst/BSCANID.u_xsdbm_id/SWITCH_N_EXT_BSCAN.bscan_switch/state_temp_reg[0]_i_3/CO[3]
                         net (fo=4, routed)           0.876     8.335    dbg_hub/inst/BSCANID.u_xsdbm_id/SWITCH_N_EXT_BSCAN.bscan_switch/state_temp_reg[0]_i_3_n_0
    SLICE_X41Y57         LUT5 (Prop_lut5_I1_O)        0.120     8.455 r  dbg_hub/inst/BSCANID.u_xsdbm_id/SWITCH_N_EXT_BSCAN.bscan_switch/portno_temp[5]_i_2/O
                         net (fo=7, routed)           0.631     9.086    dbg_hub/inst/BSCANID.u_xsdbm_id/SWITCH_N_EXT_BSCAN.bscan_switch/portno_temp[5]_i_2_n_0
    SLICE_X44Y58         LUT3 (Prop_lut3_I1_O)        0.327     9.413 r  dbg_hub/inst/BSCANID.u_xsdbm_id/SWITCH_N_EXT_BSCAN.bscan_switch/portno_temp[2]_i_1/O
                         net (fo=1, routed)           0.000     9.413    dbg_hub/inst/BSCANID.u_xsdbm_id/SWITCH_N_EXT_BSCAN.bscan_switch/portno_temp[2]_i_1_n_0
    SLICE_X44Y58         FDRE                                         r  dbg_hub/inst/BSCANID.u_xsdbm_id/SWITCH_N_EXT_BSCAN.bscan_switch/portno_temp_reg[2]/D
  -------------------------------------------------------------------    -------------------

                         (clock dbg_hub/inst/BSCANID.u_xsdbm_id/SWITCH_N_EXT_BSCAN.bscan_inst/SERIES7_BSCAN.bscan_inst/TCK rise edge)
                                                     33.000    33.000 r  
    BSCAN_X0Y0           BSCANE2                      0.000    33.000 r  dbg_hub/inst/BSCANID.u_xsdbm_id/SWITCH_N_EXT_BSCAN.bscan_inst/SERIES7_BSCAN.bscan_inst/TCK
                         net (fo=1, routed)           1.487    34.487    dbg_hub/inst/BSCANID.u_xsdbm_id/tck_bs
    BUFGCTRL_X0Y1        BUFG (Prop_bufg_I_O)         0.091    34.578 r  dbg_hub/inst/BSCANID.u_xsdbm_id/SWITCH_N_EXT_BSCAN.u_bufg_icon_tck/O
                         net (fo=482, routed)         1.437    36.015    dbg_hub/inst/BSCANID.u_xsdbm_id/SWITCH_N_EXT_BSCAN.bscan_switch/s_bscan_tck
    SLICE_X44Y58         FDRE                                         r  dbg_hub/inst/BSCANID.u_xsdbm_id/SWITCH_N_EXT_BSCAN.bscan_switch/portno_temp_reg[2]/C
                         clock pessimism              0.324    36.339    
                         clock uncertainty           -0.035    36.304    
    SLICE_X44Y58         FDRE (Setup_fdre_C_D)        0.031    36.335    dbg_hub/inst/BSCANID.u_xsdbm_id/SWITCH_N_EXT_BSCAN.bscan_switch/portno_temp_reg[2]
  -------------------------------------------------------------------
                         required time                         36.335    
                         arrival time                          -9.413    
  -------------------------------------------------------------------
                         slack                                 26.922    

Slack (MET) :             26.924ns  (required time - arrival time)
  Source:                 dbg_hub/inst/BSCANID.u_xsdbm_id/SWITCH_N_EXT_BSCAN.bscan_switch/state_reg[0]/C
                            (rising edge-triggered cell FDRE clocked by dbg_hub/inst/BSCANID.u_xsdbm_id/SWITCH_N_EXT_BSCAN.bscan_inst/SERIES7_BSCAN.bscan_inst/TCK  {rise@0.000ns fall@16.500ns period=33.000ns})
  Destination:            dbg_hub/inst/BSCANID.u_xsdbm_id/SWITCH_N_EXT_BSCAN.bscan_switch/portno_temp_reg[1]/D
                            (rising edge-triggered cell FDRE clocked by dbg_hub/inst/BSCANID.u_xsdbm_id/SWITCH_N_EXT_BSCAN.bscan_inst/SERIES7_BSCAN.bscan_inst/TCK  {rise@0.000ns fall@16.500ns period=33.000ns})
  Path Group:             dbg_hub/inst/BSCANID.u_xsdbm_id/SWITCH_N_EXT_BSCAN.bscan_inst/SERIES7_BSCAN.bscan_inst/TCK
  Path Type:              Setup (Max at Slow Process Corner)
  Requirement:            33.000ns  (dbg_hub/inst/BSCANID.u_xsdbm_id/SWITCH_N_EXT_BSCAN.bscan_inst/SERIES7_BSCAN.bscan_inst/TCK rise@33.000ns - dbg_hub/inst/BSCANID.u_xsdbm_id/SWITCH_N_EXT_BSCAN.bscan_inst/SERIES7_BSCAN.bscan_inst/TCK rise@0.000ns)
  Data Path Delay:        6.032ns  (logic 2.075ns (34.399%)  route 3.957ns (65.601%))
  Logic Levels:           5  (CARRY4=1 LUT3=1 LUT4=1 LUT5=1 LUT6=1)
  Clock Path Skew:        -0.038ns (DCD - SCD + CPR)
    Destination Clock Delay (DCD):    3.015ns = ( 36.015 - 33.000 ) 
    Source Clock Delay      (SCD):    3.377ns
    Clock Pessimism Removal (CPR):    0.324ns
  Clock Uncertainty:      0.035ns  ((TSJ^2 + TIJ^2)^1/2 + DJ) / 2 + PE
    Total System Jitter     (TSJ):    0.071ns
    Total Input Jitter      (TIJ):    0.000ns
    Discrete Jitter          (DJ):    0.000ns
    Phase Error              (PE):    0.000ns

    Location             Delay type                Incr(ns)  Path(ns)    Netlist Resource(s)
  -------------------------------------------------------------------    -------------------
                         (clock dbg_hub/inst/BSCANID.u_xsdbm_id/SWITCH_N_EXT_BSCAN.bscan_inst/SERIES7_BSCAN.bscan_inst/TCK rise edge)
                                                      0.000     0.000 r  
    BSCAN_X0Y0           BSCANE2                      0.000     0.000 r  dbg_hub/inst/BSCANID.u_xsdbm_id/SWITCH_N_EXT_BSCAN.bscan_inst/SERIES7_BSCAN.bscan_inst/TCK
                         net (fo=1, routed)           1.728     1.728    dbg_hub/inst/BSCANID.u_xsdbm_id/tck_bs
    BUFGCTRL_X0Y1        BUFG (Prop_bufg_I_O)         0.096     1.824 r  dbg_hub/inst/BSCANID.u_xsdbm_id/SWITCH_N_EXT_BSCAN.u_bufg_icon_tck/O
                         net (fo=482, routed)         1.553     3.377    dbg_hub/inst/BSCANID.u_xsdbm_id/SWITCH_N_EXT_BSCAN.bscan_switch/s_bscan_tck
    SLICE_X40Y57         FDRE                                         r  dbg_hub/inst/BSCANID.u_xsdbm_id/SWITCH_N_EXT_BSCAN.bscan_switch/state_reg[0]/C
  -------------------------------------------------------------------    -------------------
    SLICE_X40Y57         FDRE (Prop_fdre_C_Q)         0.419     3.796 f  dbg_hub/inst/BSCANID.u_xsdbm_id/SWITCH_N_EXT_BSCAN.bscan_switch/state_reg[0]/Q
                         net (fo=50, routed)          1.580     5.376    dbg_hub/inst/BSCANID.u_xsdbm_id/SWITCH_N_EXT_BSCAN.bscan_switch/state[0]
    SLICE_X42Y59         LUT4 (Prop_lut4_I1_O)        0.328     5.704 r  dbg_hub/inst/BSCANID.u_xsdbm_id/SWITCH_N_EXT_BSCAN.bscan_switch/curid_inferred_i_9/O
                         net (fo=2, routed)           0.875     6.578    dbg_hub/inst/BSCANID.u_xsdbm_id/SWITCH_N_EXT_BSCAN.bscan_switch/curid[23]
    SLICE_X41Y60         LUT6 (Prop_lut6_I1_O)        0.331     6.909 r  dbg_hub/inst/BSCANID.u_xsdbm_id/SWITCH_N_EXT_BSCAN.bscan_switch/state_temp[0]_i_7/O
                         net (fo=1, routed)           0.000     6.909    dbg_hub/inst/BSCANID.u_xsdbm_id/SWITCH_N_EXT_BSCAN.bscan_switch/state_temp[0]_i_7_n_0
    SLICE_X41Y60         CARRY4 (Prop_carry4_S[1]_CO[3])
                                                      0.550     7.459 f  dbg_hub/inst/BSCANID.u_xsdbm_id/SWITCH_N_EXT_BSCAN.bscan_switch/state_temp_reg[0]_i_3/CO[3]
                         net (fo=4, routed)           0.876     8.335    dbg_hub/inst/BSCANID.u_xsdbm_id/SWITCH_N_EXT_BSCAN.bscan_switch/state_temp_reg[0]_i_3_n_0
    SLICE_X41Y57         LUT5 (Prop_lut5_I1_O)        0.120     8.455 r  dbg_hub/inst/BSCANID.u_xsdbm_id/SWITCH_N_EXT_BSCAN.bscan_switch/portno_temp[5]_i_2/O
                         net (fo=7, routed)           0.627     9.082    dbg_hub/inst/BSCANID.u_xsdbm_id/SWITCH_N_EXT_BSCAN.bscan_switch/portno_temp[5]_i_2_n_0
    SLICE_X44Y58         LUT3 (Prop_lut3_I1_O)        0.327     9.409 r  dbg_hub/inst/BSCANID.u_xsdbm_id/SWITCH_N_EXT_BSCAN.bscan_switch/portno_temp[1]_i_1/O
                         net (fo=1, routed)           0.000     9.409    dbg_hub/inst/BSCANID.u_xsdbm_id/SWITCH_N_EXT_BSCAN.bscan_switch/portno_temp[1]_i_1_n_0
    SLICE_X44Y58         FDRE                                         r  dbg_hub/inst/BSCANID.u_xsdbm_id/SWITCH_N_EXT_BSCAN.bscan_switch/portno_temp_reg[1]/D
  -------------------------------------------------------------------    -------------------

                         (clock dbg_hub/inst/BSCANID.u_xsdbm_id/SWITCH_N_EXT_BSCAN.bscan_inst/SERIES7_BSCAN.bscan_inst/TCK rise edge)
                                                     33.000    33.000 r  
    BSCAN_X0Y0           BSCANE2                      0.000    33.000 r  dbg_hub/inst/BSCANID.u_xsdbm_id/SWITCH_N_EXT_BSCAN.bscan_inst/SERIES7_BSCAN.bscan_inst/TCK
                         net (fo=1, routed)           1.487    34.487    dbg_hub/inst/BSCANID.u_xsdbm_id/tck_bs
    BUFGCTRL_X0Y1        BUFG (Prop_bufg_I_O)         0.091    34.578 r  dbg_hub/inst/BSCANID.u_xsdbm_id/SWITCH_N_EXT_BSCAN.u_bufg_icon_tck/O
                         net (fo=482, routed)         1.437    36.015    dbg_hub/inst/BSCANID.u_xsdbm_id/SWITCH_N_EXT_BSCAN.bscan_switch/s_bscan_tck
    SLICE_X44Y58         FDRE                                         r  dbg_hub/inst/BSCANID.u_xsdbm_id/SWITCH_N_EXT_BSCAN.bscan_switch/portno_temp_reg[1]/C
                         clock pessimism              0.324    36.339    
                         clock uncertainty           -0.035    36.304    
    SLICE_X44Y58         FDRE (Setup_fdre_C_D)        0.029    36.333    dbg_hub/inst/BSCANID.u_xsdbm_id/SWITCH_N_EXT_BSCAN.bscan_switch/portno_temp_reg[1]
  -------------------------------------------------------------------
                         required time                         36.333    
                         arrival time                          -9.409    
  -------------------------------------------------------------------
                         slack                                 26.924    

Slack (MET) :             26.940ns  (required time - arrival time)
  Source:                 dbg_hub/inst/BSCANID.u_xsdbm_id/SWITCH_N_EXT_BSCAN.bscan_switch/state_reg[0]/C
                            (rising edge-triggered cell FDRE clocked by dbg_hub/inst/BSCANID.u_xsdbm_id/SWITCH_N_EXT_BSCAN.bscan_inst/SERIES7_BSCAN.bscan_inst/TCK  {rise@0.000ns fall@16.500ns period=33.000ns})
  Destination:            dbg_hub/inst/BSCANID.u_xsdbm_id/SWITCH_N_EXT_BSCAN.bscan_switch/portno_temp_reg[4]/D
                            (rising edge-triggered cell FDRE clocked by dbg_hub/inst/BSCANID.u_xsdbm_id/SWITCH_N_EXT_BSCAN.bscan_inst/SERIES7_BSCAN.bscan_inst/TCK  {rise@0.000ns fall@16.500ns period=33.000ns})
  Path Group:             dbg_hub/inst/BSCANID.u_xsdbm_id/SWITCH_N_EXT_BSCAN.bscan_inst/SERIES7_BSCAN.bscan_inst/TCK
  Path Type:              Setup (Max at Slow Process Corner)
  Requirement:            33.000ns  (dbg_hub/inst/BSCANID.u_xsdbm_id/SWITCH_N_EXT_BSCAN.bscan_inst/SERIES7_BSCAN.bscan_inst/TCK rise@33.000ns - dbg_hub/inst/BSCANID.u_xsdbm_id/SWITCH_N_EXT_BSCAN.bscan_inst/SERIES7_BSCAN.bscan_inst/TCK rise@0.000ns)
  Data Path Delay:        6.018ns  (logic 2.075ns (34.480%)  route 3.943ns (65.520%))
  Logic Levels:           5  (CARRY4=1 LUT3=1 LUT4=1 LUT5=1 LUT6=1)
  Clock Path Skew:        -0.038ns (DCD - SCD + CPR)
    Destination Clock Delay (DCD):    3.015ns = ( 36.015 - 33.000 ) 
    Source Clock Delay      (SCD):    3.377ns
    Clock Pessimism Removal (CPR):    0.324ns
  Clock Uncertainty:      0.035ns  ((TSJ^2 + TIJ^2)^1/2 + DJ) / 2 + PE
    Total System Jitter     (TSJ):    0.071ns
    Total Input Jitter      (TIJ):    0.000ns
    Discrete Jitter          (DJ):    0.000ns
    Phase Error              (PE):    0.000ns

    Location             Delay type                Incr(ns)  Path(ns)    Netlist Resource(s)
  -------------------------------------------------------------------    -------------------
                         (clock dbg_hub/inst/BSCANID.u_xsdbm_id/SWITCH_N_EXT_BSCAN.bscan_inst/SERIES7_BSCAN.bscan_inst/TCK rise edge)
                                                      0.000     0.000 r  
    BSCAN_X0Y0           BSCANE2                      0.000     0.000 r  dbg_hub/inst/BSCANID.u_xsdbm_id/SWITCH_N_EXT_BSCAN.bscan_inst/SERIES7_BSCAN.bscan_inst/TCK
                         net (fo=1, routed)           1.728     1.728    dbg_hub/inst/BSCANID.u_xsdbm_id/tck_bs
    BUFGCTRL_X0Y1        BUFG (Prop_bufg_I_O)         0.096     1.824 r  dbg_hub/inst/BSCANID.u_xsdbm_id/SWITCH_N_EXT_BSCAN.u_bufg_icon_tck/O
                         net (fo=482, routed)         1.553     3.377    dbg_hub/inst/BSCANID.u_xsdbm_id/SWITCH_N_EXT_BSCAN.bscan_switch/s_bscan_tck
    SLICE_X40Y57         FDRE                                         r  dbg_hub/inst/BSCANID.u_xsdbm_id/SWITCH_N_EXT_BSCAN.bscan_switch/state_reg[0]/C
  -------------------------------------------------------------------    -------------------
    SLICE_X40Y57         FDRE (Prop_fdre_C_Q)         0.419     3.796 f  dbg_hub/inst/BSCANID.u_xsdbm_id/SWITCH_N_EXT_BSCAN.bscan_switch/state_reg[0]/Q
                         net (fo=50, routed)          1.580     5.376    dbg_hub/inst/BSCANID.u_xsdbm_id/SWITCH_N_EXT_BSCAN.bscan_switch/state[0]
    SLICE_X42Y59         LUT4 (Prop_lut4_I1_O)        0.328     5.704 r  dbg_hub/inst/BSCANID.u_xsdbm_id/SWITCH_N_EXT_BSCAN.bscan_switch/curid_inferred_i_9/O
                         net (fo=2, routed)           0.875     6.578    dbg_hub/inst/BSCANID.u_xsdbm_id/SWITCH_N_EXT_BSCAN.bscan_switch/curid[23]
    SLICE_X41Y60         LUT6 (Prop_lut6_I1_O)        0.331     6.909 r  dbg_hub/inst/BSCANID.u_xsdbm_id/SWITCH_N_EXT_BSCAN.bscan_switch/state_temp[0]_i_7/O
                         net (fo=1, routed)           0.000     6.909    dbg_hub/inst/BSCANID.u_xsdbm_id/SWITCH_N_EXT_BSCAN.bscan_switch/state_temp[0]_i_7_n_0
    SLICE_X41Y60         CARRY4 (Prop_carry4_S[1]_CO[3])
                                                      0.550     7.459 f  dbg_hub/inst/BSCANID.u_xsdbm_id/SWITCH_N_EXT_BSCAN.bscan_switch/state_temp_reg[0]_i_3/CO[3]
                         net (fo=4, routed)           0.876     8.335    dbg_hub/inst/BSCANID.u_xsdbm_id/SWITCH_N_EXT_BSCAN.bscan_switch/state_temp_reg[0]_i_3_n_0
    SLICE_X41Y57         LUT5 (Prop_lut5_I1_O)        0.120     8.455 r  dbg_hub/inst/BSCANID.u_xsdbm_id/SWITCH_N_EXT_BSCAN.bscan_switch/portno_temp[5]_i_2/O
                         net (fo=7, routed)           0.613     9.068    dbg_hub/inst/BSCANID.u_xsdbm_id/SWITCH_N_EXT_BSCAN.bscan_switch/portno_temp[5]_i_2_n_0
    SLICE_X44Y58         LUT3 (Prop_lut3_I1_O)        0.327     9.395 r  dbg_hub/inst/BSCANID.u_xsdbm_id/SWITCH_N_EXT_BSCAN.bscan_switch/portno_temp[4]_i_1/O
                         net (fo=1, routed)           0.000     9.395    dbg_hub/inst/BSCANID.u_xsdbm_id/SWITCH_N_EXT_BSCAN.bscan_switch/portno_temp[4]_i_1_n_0
    SLICE_X44Y58         FDRE                                         r  dbg_hub/inst/BSCANID.u_xsdbm_id/SWITCH_N_EXT_BSCAN.bscan_switch/portno_temp_reg[4]/D
  -------------------------------------------------------------------    -------------------

                         (clock dbg_hub/inst/BSCANID.u_xsdbm_id/SWITCH_N_EXT_BSCAN.bscan_inst/SERIES7_BSCAN.bscan_inst/TCK rise edge)
                                                     33.000    33.000 r  
    BSCAN_X0Y0           BSCANE2                      0.000    33.000 r  dbg_hub/inst/BSCANID.u_xsdbm_id/SWITCH_N_EXT_BSCAN.bscan_inst/SERIES7_BSCAN.bscan_inst/TCK
                         net (fo=1, routed)           1.487    34.487    dbg_hub/inst/BSCANID.u_xsdbm_id/tck_bs
    BUFGCTRL_X0Y1        BUFG (Prop_bufg_I_O)         0.091    34.578 r  dbg_hub/inst/BSCANID.u_xsdbm_id/SWITCH_N_EXT_BSCAN.u_bufg_icon_tck/O
                         net (fo=482, routed)         1.437    36.015    dbg_hub/inst/BSCANID.u_xsdbm_id/SWITCH_N_EXT_BSCAN.bscan_switch/s_bscan_tck
    SLICE_X44Y58         FDRE                                         r  dbg_hub/inst/BSCANID.u_xsdbm_id/SWITCH_N_EXT_BSCAN.bscan_switch/portno_temp_reg[4]/C
                         clock pessimism              0.324    36.339    
                         clock uncertainty           -0.035    36.304    
    SLICE_X44Y58         FDRE (Setup_fdre_C_D)        0.031    36.335    dbg_hub/inst/BSCANID.u_xsdbm_id/SWITCH_N_EXT_BSCAN.bscan_switch/portno_temp_reg[4]
  -------------------------------------------------------------------
                         required time                         36.335    
                         arrival time                          -9.395    
  -------------------------------------------------------------------
                         slack                                 26.940    

Slack (MET) :             27.081ns  (required time - arrival time)
  Source:                 dbg_hub/inst/BSCANID.u_xsdbm_id/SWITCH_N_EXT_BSCAN.bscan_switch/state_reg[0]/C
                            (rising edge-triggered cell FDRE clocked by dbg_hub/inst/BSCANID.u_xsdbm_id/SWITCH_N_EXT_BSCAN.bscan_inst/SERIES7_BSCAN.bscan_inst/TCK  {rise@0.000ns fall@16.500ns period=33.000ns})
  Destination:            dbg_hub/inst/BSCANID.u_xsdbm_id/SWITCH_N_EXT_BSCAN.bscan_switch/portno_temp_reg[5]/D
                            (rising edge-triggered cell FDRE clocked by dbg_hub/inst/BSCANID.u_xsdbm_id/SWITCH_N_EXT_BSCAN.bscan_inst/SERIES7_BSCAN.bscan_inst/TCK  {rise@0.000ns fall@16.500ns period=33.000ns})
  Path Group:             dbg_hub/inst/BSCANID.u_xsdbm_id/SWITCH_N_EXT_BSCAN.bscan_inst/SERIES7_BSCAN.bscan_inst/TCK
  Path Type:              Setup (Max at Slow Process Corner)
  Requirement:            33.000ns  (dbg_hub/inst/BSCANID.u_xsdbm_id/SWITCH_N_EXT_BSCAN.bscan_inst/SERIES7_BSCAN.bscan_inst/TCK rise@33.000ns - dbg_hub/inst/BSCANID.u_xsdbm_id/SWITCH_N_EXT_BSCAN.bscan_inst/SERIES7_BSCAN.bscan_inst/TCK rise@0.000ns)
  Data Path Delay:        5.877ns  (logic 2.075ns (35.307%)  route 3.802ns (64.693%))
  Logic Levels:           5  (CARRY4=1 LUT3=1 LUT4=1 LUT5=1 LUT6=1)
  Clock Path Skew:        -0.038ns (DCD - SCD + CPR)
    Destination Clock Delay (DCD):    3.015ns = ( 36.015 - 33.000 ) 
    Source Clock Delay      (SCD):    3.377ns
    Clock Pessimism Removal (CPR):    0.324ns
  Clock Uncertainty:      0.035ns  ((TSJ^2 + TIJ^2)^1/2 + DJ) / 2 + PE
    Total System Jitter     (TSJ):    0.071ns
    Total Input Jitter      (TIJ):    0.000ns
    Discrete Jitter          (DJ):    0.000ns
    Phase Error              (PE):    0.000ns

    Location             Delay type                Incr(ns)  Path(ns)    Netlist Resource(s)
  -------------------------------------------------------------------    -------------------
                         (clock dbg_hub/inst/BSCANID.u_xsdbm_id/SWITCH_N_EXT_BSCAN.bscan_inst/SERIES7_BSCAN.bscan_inst/TCK rise edge)
                                                      0.000     0.000 r  
    BSCAN_X0Y0           BSCANE2                      0.000     0.000 r  dbg_hub/inst/BSCANID.u_xsdbm_id/SWITCH_N_EXT_BSCAN.bscan_inst/SERIES7_BSCAN.bscan_inst/TCK
                         net (fo=1, routed)           1.728     1.728    dbg_hub/inst/BSCANID.u_xsdbm_id/tck_bs
    BUFGCTRL_X0Y1        BUFG (Prop_bufg_I_O)         0.096     1.824 r  dbg_hub/inst/BSCANID.u_xsdbm_id/SWITCH_N_EXT_BSCAN.u_bufg_icon_tck/O
                         net (fo=482, routed)         1.553     3.377    dbg_hub/inst/BSCANID.u_xsdbm_id/SWITCH_N_EXT_BSCAN.bscan_switch/s_bscan_tck
    SLICE_X40Y57         FDRE                                         r  dbg_hub/inst/BSCANID.u_xsdbm_id/SWITCH_N_EXT_BSCAN.bscan_switch/state_reg[0]/C
  -------------------------------------------------------------------    -------------------
    SLICE_X40Y57         FDRE (Prop_fdre_C_Q)         0.419     3.796 f  dbg_hub/inst/BSCANID.u_xsdbm_id/SWITCH_N_EXT_BSCAN.bscan_switch/state_reg[0]/Q
                         net (fo=50, routed)          1.580     5.376    dbg_hub/inst/BSCANID.u_xsdbm_id/SWITCH_N_EXT_BSCAN.bscan_switch/state[0]
    SLICE_X42Y59         LUT4 (Prop_lut4_I1_O)        0.328     5.704 r  dbg_hub/inst/BSCANID.u_xsdbm_id/SWITCH_N_EXT_BSCAN.bscan_switch/curid_inferred_i_9/O
                         net (fo=2, routed)           0.875     6.578    dbg_hub/inst/BSCANID.u_xsdbm_id/SWITCH_N_EXT_BSCAN.bscan_switch/curid[23]
    SLICE_X41Y60         LUT6 (Prop_lut6_I1_O)        0.331     6.909 r  dbg_hub/inst/BSCANID.u_xsdbm_id/SWITCH_N_EXT_BSCAN.bscan_switch/state_temp[0]_i_7/O
                         net (fo=1, routed)           0.000     6.909    dbg_hub/inst/BSCANID.u_xsdbm_id/SWITCH_N_EXT_BSCAN.bscan_switch/state_temp[0]_i_7_n_0
    SLICE_X41Y60         CARRY4 (Prop_carry4_S[1]_CO[3])
                                                      0.550     7.459 f  dbg_hub/inst/BSCANID.u_xsdbm_id/SWITCH_N_EXT_BSCAN.bscan_switch/state_temp_reg[0]_i_3/CO[3]
                         net (fo=4, routed)           0.876     8.335    dbg_hub/inst/BSCANID.u_xsdbm_id/SWITCH_N_EXT_BSCAN.bscan_switch/state_temp_reg[0]_i_3_n_0
    SLICE_X41Y57         LUT5 (Prop_lut5_I1_O)        0.120     8.455 r  dbg_hub/inst/BSCANID.u_xsdbm_id/SWITCH_N_EXT_BSCAN.bscan_switch/portno_temp[5]_i_2/O
                         net (fo=7, routed)           0.472     8.927    dbg_hub/inst/BSCANID.u_xsdbm_id/SWITCH_N_EXT_BSCAN.bscan_switch/portno_temp[5]_i_2_n_0
    SLICE_X44Y57         LUT3 (Prop_lut3_I1_O)        0.327     9.254 r  dbg_hub/inst/BSCANID.u_xsdbm_id/SWITCH_N_EXT_BSCAN.bscan_switch/portno_temp[5]_i_1/O
                         net (fo=1, routed)           0.000     9.254    dbg_hub/inst/BSCANID.u_xsdbm_id/SWITCH_N_EXT_BSCAN.bscan_switch/portno_temp[5]_i_1_n_0
    SLICE_X44Y57         FDRE                                         r  dbg_hub/inst/BSCANID.u_xsdbm_id/SWITCH_N_EXT_BSCAN.bscan_switch/portno_temp_reg[5]/D
  -------------------------------------------------------------------    -------------------

                         (clock dbg_hub/inst/BSCANID.u_xsdbm_id/SWITCH_N_EXT_BSCAN.bscan_inst/SERIES7_BSCAN.bscan_inst/TCK rise edge)
                                                     33.000    33.000 r  
    BSCAN_X0Y0           BSCANE2                      0.000    33.000 r  dbg_hub/inst/BSCANID.u_xsdbm_id/SWITCH_N_EXT_BSCAN.bscan_inst/SERIES7_BSCAN.bscan_inst/TCK
                         net (fo=1, routed)           1.487    34.487    dbg_hub/inst/BSCANID.u_xsdbm_id/tck_bs
    BUFGCTRL_X0Y1        BUFG (Prop_bufg_I_O)         0.091    34.578 r  dbg_hub/inst/BSCANID.u_xsdbm_id/SWITCH_N_EXT_BSCAN.u_bufg_icon_tck/O
                         net (fo=482, routed)         1.437    36.015    dbg_hub/inst/BSCANID.u_xsdbm_id/SWITCH_N_EXT_BSCAN.bscan_switch/s_bscan_tck
    SLICE_X44Y57         FDRE                                         r  dbg_hub/inst/BSCANID.u_xsdbm_id/SWITCH_N_EXT_BSCAN.bscan_switch/portno_temp_reg[5]/C
                         clock pessimism              0.324    36.339    
                         clock uncertainty           -0.035    36.304    
    SLICE_X44Y57         FDRE (Setup_fdre_C_D)        0.031    36.335    dbg_hub/inst/BSCANID.u_xsdbm_id/SWITCH_N_EXT_BSCAN.bscan_switch/portno_temp_reg[5]
  -------------------------------------------------------------------
                         required time                         36.335    
                         arrival time                          -9.254    
  -------------------------------------------------------------------
                         slack                                 27.081    

Slack (MET) :             27.215ns  (required time - arrival time)
  Source:                 dbg_hub/inst/BSCANID.u_xsdbm_id/SWITCH_N_EXT_BSCAN.bscan_switch/state_reg[0]/C
                            (rising edge-triggered cell FDRE clocked by dbg_hub/inst/BSCANID.u_xsdbm_id/SWITCH_N_EXT_BSCAN.bscan_inst/SERIES7_BSCAN.bscan_inst/TCK  {rise@0.000ns fall@16.500ns period=33.000ns})
  Destination:            dbg_hub/inst/BSCANID.u_xsdbm_id/SWITCH_N_EXT_BSCAN.bscan_switch/state_temp_reg[1]/D
                            (rising edge-triggered cell FDRE clocked by dbg_hub/inst/BSCANID.u_xsdbm_id/SWITCH_N_EXT_BSCAN.bscan_inst/SERIES7_BSCAN.bscan_inst/TCK  {rise@0.000ns fall@16.500ns period=33.000ns})
  Path Group:             dbg_hub/inst/BSCANID.u_xsdbm_id/SWITCH_N_EXT_BSCAN.bscan_inst/SERIES7_BSCAN.bscan_inst/TCK
  Path Type:              Setup (Max at Slow Process Corner)
  Requirement:            33.000ns  (dbg_hub/inst/BSCANID.u_xsdbm_id/SWITCH_N_EXT_BSCAN.bscan_inst/SERIES7_BSCAN.bscan_inst/TCK rise@33.000ns - dbg_hub/inst/BSCANID.u_xsdbm_id/SWITCH_N_EXT_BSCAN.bscan_inst/SERIES7_BSCAN.bscan_inst/TCK rise@0.000ns)
  Data Path Delay:        5.780ns  (logic 1.876ns (32.454%)  route 3.904ns (67.546%))
  Logic Levels:           5  (CARRY4=1 LUT4=1 LUT6=3)
  Clock Path Skew:        0.000ns (DCD - SCD + CPR)
    Destination Clock Delay (DCD):    3.014ns = ( 36.014 - 33.000 ) 
    Source Clock Delay      (SCD):    3.377ns
    Clock Pessimism Removal (CPR):    0.363ns
  Clock Uncertainty:      0.035ns  ((TSJ^2 + TIJ^2)^1/2 + DJ) / 2 + PE
    Total System Jitter     (TSJ):    0.071ns
    Total Input Jitter      (TIJ):    0.000ns
    Discrete Jitter          (DJ):    0.000ns
    Phase Error              (PE):    0.000ns

    Location             Delay type                Incr(ns)  Path(ns)    Netlist Resource(s)
  -------------------------------------------------------------------    -------------------
                         (clock dbg_hub/inst/BSCANID.u_xsdbm_id/SWITCH_N_EXT_BSCAN.bscan_inst/SERIES7_BSCAN.bscan_inst/TCK rise edge)
                                                      0.000     0.000 r  
    BSCAN_X0Y0           BSCANE2                      0.000     0.000 r  dbg_hub/inst/BSCANID.u_xsdbm_id/SWITCH_N_EXT_BSCAN.bscan_inst/SERIES7_BSCAN.bscan_inst/TCK
                         net (fo=1, routed)           1.728     1.728    dbg_hub/inst/BSCANID.u_xsdbm_id/tck_bs
    BUFGCTRL_X0Y1        BUFG (Prop_bufg_I_O)         0.096     1.824 r  dbg_hub/inst/BSCANID.u_xsdbm_id/SWITCH_N_EXT_BSCAN.u_bufg_icon_tck/O
                         net (fo=482, routed)         1.553     3.377    dbg_hub/inst/BSCANID.u_xsdbm_id/SWITCH_N_EXT_BSCAN.bscan_switch/s_bscan_tck
    SLICE_X40Y57         FDRE                                         r  dbg_hub/inst/BSCANID.u_xsdbm_id/SWITCH_N_EXT_BSCAN.bscan_switch/state_reg[0]/C
  -------------------------------------------------------------------    -------------------
    SLICE_X40Y57         FDRE (Prop_fdre_C_Q)         0.419     3.796 f  dbg_hub/inst/BSCANID.u_xsdbm_id/SWITCH_N_EXT_BSCAN.bscan_switch/state_reg[0]/Q
                         net (fo=50, routed)          1.580     5.376    dbg_hub/inst/BSCANID.u_xsdbm_id/SWITCH_N_EXT_BSCAN.bscan_switch/state[0]
    SLICE_X42Y59         LUT4 (Prop_lut4_I1_O)        0.328     5.704 r  dbg_hub/inst/BSCANID.u_xsdbm_id/SWITCH_N_EXT_BSCAN.bscan_switch/curid_inferred_i_9/O
                         net (fo=2, routed)           0.875     6.578    dbg_hub/inst/BSCANID.u_xsdbm_id/SWITCH_N_EXT_BSCAN.bscan_switch/curid[23]
    SLICE_X41Y60         LUT6 (Prop_lut6_I1_O)        0.331     6.909 r  dbg_hub/inst/BSCANID.u_xsdbm_id/SWITCH_N_EXT_BSCAN.bscan_switch/state_temp[0]_i_7/O
                         net (fo=1, routed)           0.000     6.909    dbg_hub/inst/BSCANID.u_xsdbm_id/SWITCH_N_EXT_BSCAN.bscan_switch/state_temp[0]_i_7_n_0
    SLICE_X41Y60         CARRY4 (Prop_carry4_S[1]_CO[3])
                                                      0.550     7.459 f  dbg_hub/inst/BSCANID.u_xsdbm_id/SWITCH_N_EXT_BSCAN.bscan_switch/state_temp_reg[0]_i_3/CO[3]
                         net (fo=4, routed)           0.783     8.243    dbg_hub/inst/BSCANID.u_xsdbm_id/SWITCH_N_EXT_BSCAN.bscan_switch/state_temp_reg[0]_i_3_n_0
    SLICE_X40Y57         LUT6 (Prop_lut6_I5_O)        0.124     8.367 f  dbg_hub/inst/BSCANID.u_xsdbm_id/SWITCH_N_EXT_BSCAN.bscan_switch/state_temp[1]_i_2/O
                         net (fo=1, routed)           0.667     9.034    dbg_hub/inst/BSCANID.u_xsdbm_id/SWITCH_N_EXT_BSCAN.bscan_switch/state_temp[1]_i_2_n_0
    SLICE_X40Y57         LUT6 (Prop_lut6_I5_O)        0.124     9.158 r  dbg_hub/inst/BSCANID.u_xsdbm_id/SWITCH_N_EXT_BSCAN.bscan_switch/state_temp[1]_i_1/O
                         net (fo=1, routed)           0.000     9.158    dbg_hub/inst/BSCANID.u_xsdbm_id/SWITCH_N_EXT_BSCAN.bscan_switch/state_temp[1]_i_1_n_0
    SLICE_X40Y57         FDRE                                         r  dbg_hub/inst/BSCANID.u_xsdbm_id/SWITCH_N_EXT_BSCAN.bscan_switch/state_temp_reg[1]/D
  -------------------------------------------------------------------    -------------------

                         (clock dbg_hub/inst/BSCANID.u_xsdbm_id/SWITCH_N_EXT_BSCAN.bscan_inst/SERIES7_BSCAN.bscan_inst/TCK rise edge)
                                                     33.000    33.000 r  
    BSCAN_X0Y0           BSCANE2                      0.000    33.000 r  dbg_hub/inst/BSCANID.u_xsdbm_id/SWITCH_N_EXT_BSCAN.bscan_inst/SERIES7_BSCAN.bscan_inst/TCK
                         net (fo=1, routed)           1.487    34.487    dbg_hub/inst/BSCANID.u_xsdbm_id/tck_bs
    BUFGCTRL_X0Y1        BUFG (Prop_bufg_I_O)         0.091    34.578 r  dbg_hub/inst/BSCANID.u_xsdbm_id/SWITCH_N_EXT_BSCAN.u_bufg_icon_tck/O
                         net (fo=482, routed)         1.436    36.014    dbg_hub/inst/BSCANID.u_xsdbm_id/SWITCH_N_EXT_BSCAN.bscan_switch/s_bscan_tck
    SLICE_X40Y57         FDRE                                         r  dbg_hub/inst/BSCANID.u_xsdbm_id/SWITCH_N_EXT_BSCAN.bscan_switch/state_temp_reg[1]/C
                         clock pessimism              0.363    36.377    
                         clock uncertainty           -0.035    36.342    
    SLICE_X40Y57         FDRE (Setup_fdre_C_D)        0.031    36.373    dbg_hub/inst/BSCANID.u_xsdbm_id/SWITCH_N_EXT_BSCAN.bscan_switch/state_temp_reg[1]
  -------------------------------------------------------------------
                         required time                         36.373    
                         arrival time                          -9.158    
  -------------------------------------------------------------------
                         slack                                 27.215    

Slack (MET) :             27.721ns  (required time - arrival time)
  Source:                 dbg_hub/inst/BSCANID.u_xsdbm_id/SWITCH_N_EXT_BSCAN.bscan_switch/state_reg[0]/C
                            (rising edge-triggered cell FDRE clocked by dbg_hub/inst/BSCANID.u_xsdbm_id/SWITCH_N_EXT_BSCAN.bscan_inst/SERIES7_BSCAN.bscan_inst/TCK  {rise@0.000ns fall@16.500ns period=33.000ns})
  Destination:            dbg_hub/inst/BSCANID.u_xsdbm_id/SWITCH_N_EXT_BSCAN.bscan_switch/state_temp_reg[0]/D
                            (rising edge-triggered cell FDRE clocked by dbg_hub/inst/BSCANID.u_xsdbm_id/SWITCH_N_EXT_BSCAN.bscan_inst/SERIES7_BSCAN.bscan_inst/TCK  {rise@0.000ns fall@16.500ns period=33.000ns})
  Path Group:             dbg_hub/inst/BSCANID.u_xsdbm_id/SWITCH_N_EXT_BSCAN.bscan_inst/SERIES7_BSCAN.bscan_inst/TCK
  Path Type:              Setup (Max at Slow Process Corner)
  Requirement:            33.000ns  (dbg_hub/inst/BSCANID.u_xsdbm_id/SWITCH_N_EXT_BSCAN.bscan_inst/SERIES7_BSCAN.bscan_inst/TCK rise@33.000ns - dbg_hub/inst/BSCANID.u_xsdbm_id/SWITCH_N_EXT_BSCAN.bscan_inst/SERIES7_BSCAN.bscan_inst/TCK rise@0.000ns)
  Data Path Delay:        5.272ns  (logic 1.752ns (33.231%)  route 3.520ns (66.769%))
  Logic Levels:           4  (CARRY4=1 LUT4=1 LUT6=2)
  Clock Path Skew:        0.000ns (DCD - SCD + CPR)
    Destination Clock Delay (DCD):    3.014ns = ( 36.014 - 33.000 ) 
    Source Clock Delay      (SCD):    3.377ns
    Clock Pessimism Removal (CPR):    0.363ns
  Clock Uncertainty:      0.035ns  ((TSJ^2 + TIJ^2)^1/2 + DJ) / 2 + PE
    Total System Jitter     (TSJ):    0.071ns
    Total Input Jitter      (TIJ):    0.000ns
    Discrete Jitter          (DJ):    0.000ns
    Phase Error              (PE):    0.000ns

    Location             Delay type                Incr(ns)  Path(ns)    Netlist Resource(s)
  -------------------------------------------------------------------    -------------------
                         (clock dbg_hub/inst/BSCANID.u_xsdbm_id/SWITCH_N_EXT_BSCAN.bscan_inst/SERIES7_BSCAN.bscan_inst/TCK rise edge)
                                                      0.000     0.000 r  
    BSCAN_X0Y0           BSCANE2                      0.000     0.000 r  dbg_hub/inst/BSCANID.u_xsdbm_id/SWITCH_N_EXT_BSCAN.bscan_inst/SERIES7_BSCAN.bscan_inst/TCK
                         net (fo=1, routed)           1.728     1.728    dbg_hub/inst/BSCANID.u_xsdbm_id/tck_bs
    BUFGCTRL_X0Y1        BUFG (Prop_bufg_I_O)         0.096     1.824 r  dbg_hub/inst/BSCANID.u_xsdbm_id/SWITCH_N_EXT_BSCAN.u_bufg_icon_tck/O
                         net (fo=482, routed)         1.553     3.377    dbg_hub/inst/BSCANID.u_xsdbm_id/SWITCH_N_EXT_BSCAN.bscan_switch/s_bscan_tck
    SLICE_X40Y57         FDRE                                         r  dbg_hub/inst/BSCANID.u_xsdbm_id/SWITCH_N_EXT_BSCAN.bscan_switch/state_reg[0]/C
  -------------------------------------------------------------------    -------------------
    SLICE_X40Y57         FDRE (Prop_fdre_C_Q)         0.419     3.796 f  dbg_hub/inst/BSCANID.u_xsdbm_id/SWITCH_N_EXT_BSCAN.bscan_switch/state_reg[0]/Q
                         net (fo=50, routed)          1.580     5.376    dbg_hub/inst/BSCANID.u_xsdbm_id/SWITCH_N_EXT_BSCAN.bscan_switch/state[0]
    SLICE_X42Y59         LUT4 (Prop_lut4_I1_O)        0.328     5.704 r  dbg_hub/inst/BSCANID.u_xsdbm_id/SWITCH_N_EXT_BSCAN.bscan_switch/curid_inferred_i_9/O
                         net (fo=2, routed)           0.875     6.578    dbg_hub/inst/BSCANID.u_xsdbm_id/SWITCH_N_EXT_BSCAN.bscan_switch/curid[23]
    SLICE_X41Y60         LUT6 (Prop_lut6_I1_O)        0.331     6.909 r  dbg_hub/inst/BSCANID.u_xsdbm_id/SWITCH_N_EXT_BSCAN.bscan_switch/state_temp[0]_i_7/O
                         net (fo=1, routed)           0.000     6.909    dbg_hub/inst/BSCANID.u_xsdbm_id/SWITCH_N_EXT_BSCAN.bscan_switch/state_temp[0]_i_7_n_0
    SLICE_X41Y60         CARRY4 (Prop_carry4_S[1]_CO[3])
                                                      0.550     7.459 f  dbg_hub/inst/BSCANID.u_xsdbm_id/SWITCH_N_EXT_BSCAN.bscan_switch/state_temp_reg[0]_i_3/CO[3]
                         net (fo=4, routed)           1.066     8.525    dbg_hub/inst/BSCANID.u_xsdbm_id/SWITCH_N_EXT_BSCAN.bscan_switch/state_temp_reg[0]_i_3_n_0
    SLICE_X40Y57         LUT6 (Prop_lut6_I2_O)        0.124     8.649 r  dbg_hub/inst/BSCANID.u_xsdbm_id/SWITCH_N_EXT_BSCAN.bscan_switch/state_temp[0]_i_1/O
                         net (fo=1, routed)           0.000     8.649    dbg_hub/inst/BSCANID.u_xsdbm_id/SWITCH_N_EXT_BSCAN.bscan_switch/state_temp[0]_i_1_n_0
    SLICE_X40Y57         FDRE                                         r  dbg_hub/inst/BSCANID.u_xsdbm_id/SWITCH_N_EXT_BSCAN.bscan_switch/state_temp_reg[0]/D
  -------------------------------------------------------------------    -------------------

                         (clock dbg_hub/inst/BSCANID.u_xsdbm_id/SWITCH_N_EXT_BSCAN.bscan_inst/SERIES7_BSCAN.bscan_inst/TCK rise edge)
                                                     33.000    33.000 r  
    BSCAN_X0Y0           BSCANE2                      0.000    33.000 r  dbg_hub/inst/BSCANID.u_xsdbm_id/SWITCH_N_EXT_BSCAN.bscan_inst/SERIES7_BSCAN.bscan_inst/TCK
                         net (fo=1, routed)           1.487    34.487    dbg_hub/inst/BSCANID.u_xsdbm_id/tck_bs
    BUFGCTRL_X0Y1        BUFG (Prop_bufg_I_O)         0.091    34.578 r  dbg_hub/inst/BSCANID.u_xsdbm_id/SWITCH_N_EXT_BSCAN.u_bufg_icon_tck/O
                         net (fo=482, routed)         1.436    36.014    dbg_hub/inst/BSCANID.u_xsdbm_id/SWITCH_N_EXT_BSCAN.bscan_switch/s_bscan_tck
    SLICE_X40Y57         FDRE                                         r  dbg_hub/inst/BSCANID.u_xsdbm_id/SWITCH_N_EXT_BSCAN.bscan_switch/state_temp_reg[0]/C
                         clock pessimism              0.363    36.377    
                         clock uncertainty           -0.035    36.342    
    SLICE_X40Y57         FDRE (Setup_fdre_C_D)        0.029    36.371    dbg_hub/inst/BSCANID.u_xsdbm_id/SWITCH_N_EXT_BSCAN.bscan_switch/state_temp_reg[0]
  -------------------------------------------------------------------
                         required time                         36.371    
                         arrival time                          -8.649    
  -------------------------------------------------------------------
                         slack                                 27.721    

Slack (MET) :             27.823ns  (required time - arrival time)
  Source:                 dbg_hub/inst/BSCANID.u_xsdbm_id/SWITCH_N_EXT_BSCAN.bscan_switch/portno_reg[1]/C
                            (rising edge-triggered cell FDRE clocked by dbg_hub/inst/BSCANID.u_xsdbm_id/SWITCH_N_EXT_BSCAN.bscan_inst/SERIES7_BSCAN.bscan_inst/TCK  {rise@0.000ns fall@16.500ns period=33.000ns})
  Destination:            dbg_hub/inst/BSCANID.u_xsdbm_id/CORE_XSDB.U_ICON/U_STAT/iSTAT_CNT_reg[0]/R
                            (rising edge-triggered cell FDRE clocked by dbg_hub/inst/BSCANID.u_xsdbm_id/SWITCH_N_EXT_BSCAN.bscan_inst/SERIES7_BSCAN.bscan_inst/TCK  {rise@0.000ns fall@16.500ns period=33.000ns})
  Path Group:             dbg_hub/inst/BSCANID.u_xsdbm_id/SWITCH_N_EXT_BSCAN.bscan_inst/SERIES7_BSCAN.bscan_inst/TCK
  Path Type:              Setup (Max at Slow Process Corner)
  Requirement:            33.000ns  (dbg_hub/inst/BSCANID.u_xsdbm_id/SWITCH_N_EXT_BSCAN.bscan_inst/SERIES7_BSCAN.bscan_inst/TCK rise@33.000ns - dbg_hub/inst/BSCANID.u_xsdbm_id/SWITCH_N_EXT_BSCAN.bscan_inst/SERIES7_BSCAN.bscan_inst/TCK rise@0.000ns)
  Data Path Delay:        4.470ns  (logic 0.978ns (21.881%)  route 3.492ns (78.119%))
  Logic Levels:           4  (LUT4=1 LUT5=2 LUT6=1)
  Clock Path Skew:        -0.041ns (DCD - SCD + CPR)
    Destination Clock Delay (DCD):    3.013ns = ( 36.013 - 33.000 ) 
    Source Clock Delay      (SCD):    3.378ns
    Clock Pessimism Removal (CPR):    0.324ns
  Clock Uncertainty:      0.035ns  ((TSJ^2 + TIJ^2)^1/2 + DJ) / 2 + PE
    Total System Jitter     (TSJ):    0.071ns
    Total Input Jitter      (TIJ):    0.000ns
    Discrete Jitter          (DJ):    0.000ns
    Phase Error              (PE):    0.000ns

    Location             Delay type                Incr(ns)  Path(ns)    Netlist Resource(s)
  -------------------------------------------------------------------    -------------------
                         (clock dbg_hub/inst/BSCANID.u_xsdbm_id/SWITCH_N_EXT_BSCAN.bscan_inst/SERIES7_BSCAN.bscan_inst/TCK rise edge)
                                                      0.000     0.000 r  
    BSCAN_X0Y0           BSCANE2                      0.000     0.000 r  dbg_hub/inst/BSCANID.u_xsdbm_id/SWITCH_N_EXT_BSCAN.bscan_inst/SERIES7_BSCAN.bscan_inst/TCK
                         net (fo=1, routed)           1.728     1.728    dbg_hub/inst/BSCANID.u_xsdbm_id/tck_bs
    BUFGCTRL_X0Y1        BUFG (Prop_bufg_I_O)         0.096     1.824 r  dbg_hub/inst/BSCANID.u_xsdbm_id/SWITCH_N_EXT_BSCAN.u_bufg_icon_tck/O
                         net (fo=482, routed)         1.554     3.378    dbg_hub/inst/BSCANID.u_xsdbm_id/SWITCH_N_EXT_BSCAN.bscan_switch/s_bscan_tck
    SLICE_X45Y58         FDRE                                         r  dbg_hub/inst/BSCANID.u_xsdbm_id/SWITCH_N_EXT_BSCAN.bscan_switch/portno_reg[1]/C
  -------------------------------------------------------------------    -------------------
    SLICE_X45Y58         FDRE (Prop_fdre_C_Q)         0.456     3.834 r  dbg_hub/inst/BSCANID.u_xsdbm_id/SWITCH_N_EXT_BSCAN.bscan_switch/portno_reg[1]/Q
                         net (fo=1, routed)           0.855     4.689    dbg_hub/inst/BSCANID.u_xsdbm_id/SWITCH_N_EXT_BSCAN.bscan_switch/portno[1]
    SLICE_X45Y58         LUT6 (Prop_lut6_I3_O)        0.124     4.813 r  dbg_hub/inst/BSCANID.u_xsdbm_id/SWITCH_N_EXT_BSCAN.bscan_switch/m_bscan_drck[0]_INST_0_i_1/O
                         net (fo=5, routed)           0.768     5.581    dbg_hub/inst/BSCANID.u_xsdbm_id/SWITCH_N_EXT_BSCAN.bscan_switch/m_bscan_drck[0]_INST_0_i_1_n_0
    SLICE_X39Y56         LUT5 (Prop_lut5_I3_O)        0.124     5.705 f  dbg_hub/inst/BSCANID.u_xsdbm_id/SWITCH_N_EXT_BSCAN.bscan_switch/m_bscan_shift[0]_INST_0/O
                         net (fo=4, routed)           0.752     6.458    dbg_hub/inst/BSCANID.u_xsdbm_id/CORE_XSDB.U_ICON/U_CMD/icn_cmd_en_reg[7]
    SLICE_X38Y54         LUT4 (Prop_lut4_I1_O)        0.124     6.582 f  dbg_hub/inst/BSCANID.u_xsdbm_id/CORE_XSDB.U_ICON/U_CMD/iSTAT_CNT[5]_i_4/O
                         net (fo=1, routed)           0.627     7.209    dbg_hub/inst/BSCANID.u_xsdbm_id/CORE_XSDB.U_ICON/U_CMD/iSTAT_CNT[5]_i_4_n_0
    SLICE_X37Y54         LUT5 (Prop_lut5_I4_O)        0.150     7.359 r  dbg_hub/inst/BSCANID.u_xsdbm_id/CORE_XSDB.U_ICON/U_CMD/iSTAT_CNT[5]_i_1/O
                         net (fo=6, routed)           0.489     7.848    dbg_hub/inst/BSCANID.u_xsdbm_id/CORE_XSDB.U_ICON/U_STAT/SR[0]
    SLICE_X36Y53         FDRE                                         r  dbg_hub/inst/BSCANID.u_xsdbm_id/CORE_XSDB.U_ICON/U_STAT/iSTAT_CNT_reg[0]/R
  -------------------------------------------------------------------    -------------------

                         (clock dbg_hub/inst/BSCANID.u_xsdbm_id/SWITCH_N_EXT_BSCAN.bscan_inst/SERIES7_BSCAN.bscan_inst/TCK rise edge)
                                                     33.000    33.000 r  
    BSCAN_X0Y0           BSCANE2                      0.000    33.000 r  dbg_hub/inst/BSCANID.u_xsdbm_id/SWITCH_N_EXT_BSCAN.bscan_inst/SERIES7_BSCAN.bscan_inst/TCK
                         net (fo=1, routed)           1.487    34.487    dbg_hub/inst/BSCANID.u_xsdbm_id/tck_bs
    BUFGCTRL_X0Y1        BUFG (Prop_bufg_I_O)         0.091    34.578 r  dbg_hub/inst/BSCANID.u_xsdbm_id/SWITCH_N_EXT_BSCAN.u_bufg_icon_tck/O
                         net (fo=482, routed)         1.435    36.013    dbg_hub/inst/BSCANID.u_xsdbm_id/CORE_XSDB.U_ICON/U_STAT/m_bscan_tck[0]
    SLICE_X36Y53         FDRE                                         r  dbg_hub/inst/BSCANID.u_xsdbm_id/CORE_XSDB.U_ICON/U_STAT/iSTAT_CNT_reg[0]/C
                         clock pessimism              0.324    36.337    
                         clock uncertainty           -0.035    36.302    
    SLICE_X36Y53         FDRE (Setup_fdre_C_R)       -0.631    35.671    dbg_hub/inst/BSCANID.u_xsdbm_id/CORE_XSDB.U_ICON/U_STAT/iSTAT_CNT_reg[0]
  -------------------------------------------------------------------
                         required time                         35.671    
                         arrival time                          -7.848    
  -------------------------------------------------------------------
                         slack                                 27.823    





Min Delay Paths
--------------------------------------------------------------------------------------
Slack (MET) :             0.034ns  (arrival time - required time)
  Source:                 dbg_hub/inst/BSCANID.u_xsdbm_id/CORE_XSDB.UUT_MASTER/U_ICON_INTERFACE/icn_cmd_en_reg[4]/C
                            (rising edge-triggered cell FDRE clocked by dbg_hub/inst/BSCANID.u_xsdbm_id/SWITCH_N_EXT_BSCAN.bscan_inst/SERIES7_BSCAN.bscan_inst/TCK  {rise@0.000ns fall@16.500ns period=33.000ns})
  Destination:            dbg_hub/inst/BSCANID.u_xsdbm_id/CORE_XSDB.UUT_MASTER/U_ICON_INTERFACE/U_CMD4/icn_cmd_en_temp_reg/D
                            (rising edge-triggered cell FDRE clocked by dbg_hub/inst/BSCANID.u_xsdbm_id/SWITCH_N_EXT_BSCAN.bscan_inst/SERIES7_BSCAN.bscan_inst/TCK  {rise@0.000ns fall@16.500ns period=33.000ns})
  Path Group:             dbg_hub/inst/BSCANID.u_xsdbm_id/SWITCH_N_EXT_BSCAN.bscan_inst/SERIES7_BSCAN.bscan_inst/TCK
  Path Type:              Hold (Min at Fast Process Corner)
  Requirement:            0.000ns  (dbg_hub/inst/BSCANID.u_xsdbm_id/SWITCH_N_EXT_BSCAN.bscan_inst/SERIES7_BSCAN.bscan_inst/TCK rise@0.000ns - dbg_hub/inst/BSCANID.u_xsdbm_id/SWITCH_N_EXT_BSCAN.bscan_inst/SERIES7_BSCAN.bscan_inst/TCK rise@0.000ns)
  Data Path Delay:        0.349ns  (logic 0.164ns (47.052%)  route 0.185ns (52.948%))
  Logic Levels:           0  
  Clock Path Skew:        0.263ns (DCD - SCD - CPR)
    Destination Clock Delay (DCD):    1.650ns
    Source Clock Delay      (SCD):    1.273ns
    Clock Pessimism Removal (CPR):    0.114ns

    Location             Delay type                Incr(ns)  Path(ns)    Netlist Resource(s)
  -------------------------------------------------------------------    -------------------
                         (clock dbg_hub/inst/BSCANID.u_xsdbm_id/SWITCH_N_EXT_BSCAN.bscan_inst/SERIES7_BSCAN.bscan_inst/TCK rise edge)
                                                      0.000     0.000 r  
    BSCAN_X0Y0           BSCANE2                      0.000     0.000 r  dbg_hub/inst/BSCANID.u_xsdbm_id/SWITCH_N_EXT_BSCAN.bscan_inst/SERIES7_BSCAN.bscan_inst/TCK
                         net (fo=1, routed)           0.685     0.685    dbg_hub/inst/BSCANID.u_xsdbm_id/tck_bs
    BUFGCTRL_X0Y1        BUFG (Prop_bufg_I_O)         0.026     0.711 r  dbg_hub/inst/BSCANID.u_xsdbm_id/SWITCH_N_EXT_BSCAN.u_bufg_icon_tck/O
                         net (fo=482, routed)         0.562     1.273    dbg_hub/inst/BSCANID.u_xsdbm_id/CORE_XSDB.UUT_MASTER/U_ICON_INTERFACE/m_bscan_tck[0]
    SLICE_X38Y52         FDRE                                         r  dbg_hub/inst/BSCANID.u_xsdbm_id/CORE_XSDB.UUT_MASTER/U_ICON_INTERFACE/icn_cmd_en_reg[4]/C
  -------------------------------------------------------------------    -------------------
    SLICE_X38Y52         FDRE (Prop_fdre_C_Q)         0.164     1.437 r  dbg_hub/inst/BSCANID.u_xsdbm_id/CORE_XSDB.UUT_MASTER/U_ICON_INTERFACE/icn_cmd_en_reg[4]/Q
                         net (fo=4, routed)           0.185     1.621    dbg_hub/inst/BSCANID.u_xsdbm_id/CORE_XSDB.UUT_MASTER/U_ICON_INTERFACE/U_CMD4/icn_cmd_en_temp_reg_0
    SLICE_X34Y51         FDRE                                         r  dbg_hub/inst/BSCANID.u_xsdbm_id/CORE_XSDB.UUT_MASTER/U_ICON_INTERFACE/U_CMD4/icn_cmd_en_temp_reg/D
  -------------------------------------------------------------------    -------------------

                         (clock dbg_hub/inst/BSCANID.u_xsdbm_id/SWITCH_N_EXT_BSCAN.bscan_inst/SERIES7_BSCAN.bscan_inst/TCK rise edge)
                                                      0.000     0.000 r  
    BSCAN_X0Y0           BSCANE2                      0.000     0.000 r  dbg_hub/inst/BSCANID.u_xsdbm_id/SWITCH_N_EXT_BSCAN.bscan_inst/SERIES7_BSCAN.bscan_inst/TCK
                         net (fo=1, routed)           0.791     0.791    dbg_hub/inst/BSCANID.u_xsdbm_id/tck_bs
    BUFGCTRL_X0Y1        BUFG (Prop_bufg_I_O)         0.029     0.820 r  dbg_hub/inst/BSCANID.u_xsdbm_id/SWITCH_N_EXT_BSCAN.u_bufg_icon_tck/O
                         net (fo=482, routed)         0.829     1.650    dbg_hub/inst/BSCANID.u_xsdbm_id/CORE_XSDB.UUT_MASTER/U_ICON_INTERFACE/U_CMD4/m_bscan_tck[0]
    SLICE_X34Y51         FDRE                                         r  dbg_hub/inst/BSCANID.u_xsdbm_id/CORE_XSDB.UUT_MASTER/U_ICON_INTERFACE/U_CMD4/icn_cmd_en_temp_reg/C
                         clock pessimism             -0.114     1.536    
    SLICE_X34Y51         FDRE (Hold_fdre_C_D)         0.052     1.588    dbg_hub/inst/BSCANID.u_xsdbm_id/CORE_XSDB.UUT_MASTER/U_ICON_INTERFACE/U_CMD4/icn_cmd_en_temp_reg
  -------------------------------------------------------------------
                         required time                         -1.588    
                         arrival time                           1.621    
  -------------------------------------------------------------------
                         slack                                  0.034    

Slack (MET) :             0.039ns  (arrival time - required time)
  Source:                 dbg_hub/inst/BSCANID.u_xsdbm_id/CORE_XSDB.UUT_MASTER/U_ICON_INTERFACE/U_CMD4/shift_reg_in_reg[4]/C
                            (rising edge-triggered cell FDRE clocked by dbg_hub/inst/BSCANID.u_xsdbm_id/SWITCH_N_EXT_BSCAN.bscan_inst/SERIES7_BSCAN.bscan_inst/TCK  {rise@0.000ns fall@16.500ns period=33.000ns})
  Destination:            dbg_hub/inst/BSCANID.u_xsdbm_id/CORE_XSDB.UUT_MASTER/U_ICON_INTERFACE/U_CMD4/shift_reg_in_reg[3]/D
                            (rising edge-triggered cell FDRE clocked by dbg_hub/inst/BSCANID.u_xsdbm_id/SWITCH_N_EXT_BSCAN.bscan_inst/SERIES7_BSCAN.bscan_inst/TCK  {rise@0.000ns fall@16.500ns period=33.000ns})
  Path Group:             dbg_hub/inst/BSCANID.u_xsdbm_id/SWITCH_N_EXT_BSCAN.bscan_inst/SERIES7_BSCAN.bscan_inst/TCK
  Path Type:              Hold (Min at Fast Process Corner)
  Requirement:            0.000ns  (dbg_hub/inst/BSCANID.u_xsdbm_id/SWITCH_N_EXT_BSCAN.bscan_inst/SERIES7_BSCAN.bscan_inst/TCK rise@0.000ns - dbg_hub/inst/BSCANID.u_xsdbm_id/SWITCH_N_EXT_BSCAN.bscan_inst/SERIES7_BSCAN.bscan_inst/TCK rise@0.000ns)
  Data Path Delay:        0.300ns  (logic 0.128ns (42.737%)  route 0.172ns (57.263%))
  Logic Levels:           0  
  Clock Path Skew:        0.267ns (DCD - SCD - CPR)
    Destination Clock Delay (DCD):    1.651ns
    Source Clock Delay      (SCD):    1.275ns
    Clock Pessimism Removal (CPR):    0.109ns

    Location             Delay type                Incr(ns)  Path(ns)    Netlist Resource(s)
  -------------------------------------------------------------------    -------------------
                         (clock dbg_hub/inst/BSCANID.u_xsdbm_id/SWITCH_N_EXT_BSCAN.bscan_inst/SERIES7_BSCAN.bscan_inst/TCK rise edge)
                                                      0.000     0.000 r  
    BSCAN_X0Y0           BSCANE2                      0.000     0.000 r  dbg_hub/inst/BSCANID.u_xsdbm_id/SWITCH_N_EXT_BSCAN.bscan_inst/SERIES7_BSCAN.bscan_inst/TCK
                         net (fo=1, routed)           0.685     0.685    dbg_hub/inst/BSCANID.u_xsdbm_id/tck_bs
    BUFGCTRL_X0Y1        BUFG (Prop_bufg_I_O)         0.026     0.711 r  dbg_hub/inst/BSCANID.u_xsdbm_id/SWITCH_N_EXT_BSCAN.u_bufg_icon_tck/O
                         net (fo=482, routed)         0.564     1.275    dbg_hub/inst/BSCANID.u_xsdbm_id/CORE_XSDB.UUT_MASTER/U_ICON_INTERFACE/U_CMD4/m_bscan_tck[0]
    SLICE_X32Y49         FDRE                                         r  dbg_hub/inst/BSCANID.u_xsdbm_id/CORE_XSDB.UUT_MASTER/U_ICON_INTERFACE/U_CMD4/shift_reg_in_reg[4]/C
  -------------------------------------------------------------------    -------------------
    SLICE_X32Y49         FDRE (Prop_fdre_C_Q)         0.128     1.403 r  dbg_hub/inst/BSCANID.u_xsdbm_id/CORE_XSDB.UUT_MASTER/U_ICON_INTERFACE/U_CMD4/shift_reg_in_reg[4]/Q
                         net (fo=2, routed)           0.172     1.574    dbg_hub/inst/BSCANID.u_xsdbm_id/CORE_XSDB.UUT_MASTER/U_ICON_INTERFACE/U_CMD4/shift_reg_in[4]
    SLICE_X32Y50         FDRE                                         r  dbg_hub/inst/BSCANID.u_xsdbm_id/CORE_XSDB.UUT_MASTER/U_ICON_INTERFACE/U_CMD4/shift_reg_in_reg[3]/D
  -------------------------------------------------------------------    -------------------

                         (clock dbg_hub/inst/BSCANID.u_xsdbm_id/SWITCH_N_EXT_BSCAN.bscan_inst/SERIES7_BSCAN.bscan_inst/TCK rise edge)
                                                      0.000     0.000 r  
    BSCAN_X0Y0           BSCANE2                      0.000     0.000 r  dbg_hub/inst/BSCANID.u_xsdbm_id/SWITCH_N_EXT_BSCAN.bscan_inst/SERIES7_BSCAN.bscan_inst/TCK
                         net (fo=1, routed)           0.791     0.791    dbg_hub/inst/BSCANID.u_xsdbm_id/tck_bs
    BUFGCTRL_X0Y1        BUFG (Prop_bufg_I_O)         0.029     0.820 r  dbg_hub/inst/BSCANID.u_xsdbm_id/SWITCH_N_EXT_BSCAN.u_bufg_icon_tck/O
                         net (fo=482, routed)         0.830     1.651    dbg_hub/inst/BSCANID.u_xsdbm_id/CORE_XSDB.UUT_MASTER/U_ICON_INTERFACE/U_CMD4/m_bscan_tck[0]
    SLICE_X32Y50         FDRE                                         r  dbg_hub/inst/BSCANID.u_xsdbm_id/CORE_XSDB.UUT_MASTER/U_ICON_INTERFACE/U_CMD4/shift_reg_in_reg[3]/C
                         clock pessimism             -0.109     1.542    
    SLICE_X32Y50         FDRE (Hold_fdre_C_D)        -0.006     1.536    dbg_hub/inst/BSCANID.u_xsdbm_id/CORE_XSDB.UUT_MASTER/U_ICON_INTERFACE/U_CMD4/shift_reg_in_reg[3]
  -------------------------------------------------------------------
                         required time                         -1.536    
                         arrival time                           1.574    
  -------------------------------------------------------------------
                         slack                                  0.039    

Slack (MET) :             0.080ns  (arrival time - required time)
  Source:                 dbg_hub/inst/BSCANID.u_xsdbm_id/CORE_XSDB.UUT_MASTER/U_ICON_INTERFACE/icn_cmd_en_reg[6]/C
                            (rising edge-triggered cell FDRE clocked by dbg_hub/inst/BSCANID.u_xsdbm_id/SWITCH_N_EXT_BSCAN.bscan_inst/SERIES7_BSCAN.bscan_inst/TCK  {rise@0.000ns fall@16.500ns period=33.000ns})
  Destination:            dbg_hub/inst/BSCANID.u_xsdbm_id/CORE_XSDB.UUT_MASTER/U_ICON_INTERFACE/U_CMD6_RD/shift_reg_in_reg[1]/D
                            (rising edge-triggered cell FDCE clocked by dbg_hub/inst/BSCANID.u_xsdbm_id/SWITCH_N_EXT_BSCAN.bscan_inst/SERIES7_BSCAN.bscan_inst/TCK  {rise@0.000ns fall@16.500ns period=33.000ns})
  Path Group:             dbg_hub/inst/BSCANID.u_xsdbm_id/SWITCH_N_EXT_BSCAN.bscan_inst/SERIES7_BSCAN.bscan_inst/TCK
  Path Type:              Hold (Min at Fast Process Corner)
  Requirement:            0.000ns  (dbg_hub/inst/BSCANID.u_xsdbm_id/SWITCH_N_EXT_BSCAN.bscan_inst/SERIES7_BSCAN.bscan_inst/TCK rise@0.000ns - dbg_hub/inst/BSCANID.u_xsdbm_id/SWITCH_N_EXT_BSCAN.bscan_inst/SERIES7_BSCAN.bscan_inst/TCK rise@0.000ns)
  Data Path Delay:        0.445ns  (logic 0.209ns (46.951%)  route 0.236ns (53.049%))
  Logic Levels:           1  (LUT5=1)
  Clock Path Skew:        0.273ns (DCD - SCD - CPR)
    Destination Clock Delay (DCD):    1.655ns
    Source Clock Delay      (SCD):    1.273ns
    Clock Pessimism Removal (CPR):    0.109ns

    Location             Delay type                Incr(ns)  Path(ns)    Netlist Resource(s)
  -------------------------------------------------------------------    -------------------
                         (clock dbg_hub/inst/BSCANID.u_xsdbm_id/SWITCH_N_EXT_BSCAN.bscan_inst/SERIES7_BSCAN.bscan_inst/TCK rise edge)
                                                      0.000     0.000 r  
    BSCAN_X0Y0           BSCANE2                      0.000     0.000 r  dbg_hub/inst/BSCANID.u_xsdbm_id/SWITCH_N_EXT_BSCAN.bscan_inst/SERIES7_BSCAN.bscan_inst/TCK
                         net (fo=1, routed)           0.685     0.685    dbg_hub/inst/BSCANID.u_xsdbm_id/tck_bs
    BUFGCTRL_X0Y1        BUFG (Prop_bufg_I_O)         0.026     0.711 r  dbg_hub/inst/BSCANID.u_xsdbm_id/SWITCH_N_EXT_BSCAN.u_bufg_icon_tck/O
                         net (fo=482, routed)         0.562     1.273    dbg_hub/inst/BSCANID.u_xsdbm_id/CORE_XSDB.UUT_MASTER/U_ICON_INTERFACE/m_bscan_tck[0]
    SLICE_X38Y52         FDRE                                         r  dbg_hub/inst/BSCANID.u_xsdbm_id/CORE_XSDB.UUT_MASTER/U_ICON_INTERFACE/icn_cmd_en_reg[6]/C
  -------------------------------------------------------------------    -------------------
    SLICE_X38Y52         FDRE (Prop_fdre_C_Q)         0.164     1.437 r  dbg_hub/inst/BSCANID.u_xsdbm_id/CORE_XSDB.UUT_MASTER/U_ICON_INTERFACE/icn_cmd_en_reg[6]/Q
                         net (fo=25, routed)          0.236     1.673    dbg_hub/inst/BSCANID.u_xsdbm_id/CORE_XSDB.UUT_MASTER/U_ICON_INTERFACE/U_CMD6_RD/U_RD_FIFO/p_0_in_0
    SLICE_X44Y47         LUT5 (Prop_lut5_I2_O)        0.045     1.718 r  dbg_hub/inst/BSCANID.u_xsdbm_id/CORE_XSDB.UUT_MASTER/U_ICON_INTERFACE/U_CMD6_RD/U_RD_FIFO/shift_reg_in[1]_i_1__2/O
                         net (fo=1, routed)           0.000     1.718    dbg_hub/inst/BSCANID.u_xsdbm_id/CORE_XSDB.UUT_MASTER/U_ICON_INTERFACE/U_CMD6_RD/U_RD_FIFO_n_14
    SLICE_X44Y47         FDCE                                         r  dbg_hub/inst/BSCANID.u_xsdbm_id/CORE_XSDB.UUT_MASTER/U_ICON_INTERFACE/U_CMD6_RD/shift_reg_in_reg[1]/D
  -------------------------------------------------------------------    -------------------

                         (clock dbg_hub/inst/BSCANID.u_xsdbm_id/SWITCH_N_EXT_BSCAN.bscan_inst/SERIES7_BSCAN.bscan_inst/TCK rise edge)
                                                      0.000     0.000 r  
    BSCAN_X0Y0           BSCANE2                      0.000     0.000 r  dbg_hub/inst/BSCANID.u_xsdbm_id/SWITCH_N_EXT_BSCAN.bscan_inst/SERIES7_BSCAN.bscan_inst/TCK
                         net (fo=1, routed)           0.791     0.791    dbg_hub/inst/BSCANID.u_xsdbm_id/tck_bs
    BUFGCTRL_X0Y1        BUFG (Prop_bufg_I_O)         0.029     0.820 r  dbg_hub/inst/BSCANID.u_xsdbm_id/SWITCH_N_EXT_BSCAN.u_bufg_icon_tck/O
                         net (fo=482, routed)         0.835     1.655    dbg_hub/inst/BSCANID.u_xsdbm_id/CORE_XSDB.UUT_MASTER/U_ICON_INTERFACE/U_CMD6_RD/m_bscan_tck[0]
    SLICE_X44Y47         FDCE                                         r  dbg_hub/inst/BSCANID.u_xsdbm_id/CORE_XSDB.UUT_MASTER/U_ICON_INTERFACE/U_CMD6_RD/shift_reg_in_reg[1]/C
                         clock pessimism             -0.109     1.546    
    SLICE_X44Y47         FDCE (Hold_fdce_C_D)         0.092     1.638    dbg_hub/inst/BSCANID.u_xsdbm_id/CORE_XSDB.UUT_MASTER/U_ICON_INTERFACE/U_CMD6_RD/shift_reg_in_reg[1]
  -------------------------------------------------------------------
                         required time                         -1.638    
                         arrival time                           1.718    
  -------------------------------------------------------------------
                         slack                                  0.080    

Slack (MET) :             0.087ns  (arrival time - required time)
  Source:                 dbg_hub/inst/BSCANID.u_xsdbm_id/CORE_XSDB.UUT_MASTER/U_ICON_INTERFACE/U_CMD6_WR/shift_reg_in_reg[5]/C
                            (rising edge-triggered cell FDCE clocked by dbg_hub/inst/BSCANID.u_xsdbm_id/SWITCH_N_EXT_BSCAN.bscan_inst/SERIES7_BSCAN.bscan_inst/TCK  {rise@0.000ns fall@16.500ns period=33.000ns})
  Destination:            dbg_hub/inst/BSCANID.u_xsdbm_id/CORE_XSDB.UUT_MASTER/U_ICON_INTERFACE/U_CMD6_WR/U_WR_FIFO/SUBCORE_FIFO.xsdbm_v3_0_0_wrfifo_inst/inst_fifo_gen/gconvfifo.rf/grf.rf/gntv_or_sync_fifo.mem/gdm.dm_gen.dm/RAM_reg_0_15_0_5/RAMC/I
                            (rising edge-triggered cell RAMD32 clocked by dbg_hub/inst/BSCANID.u_xsdbm_id/SWITCH_N_EXT_BSCAN.bscan_inst/SERIES7_BSCAN.bscan_inst/TCK  {rise@0.000ns fall@16.500ns period=33.000ns})
  Path Group:             dbg_hub/inst/BSCANID.u_xsdbm_id/SWITCH_N_EXT_BSCAN.bscan_inst/SERIES7_BSCAN.bscan_inst/TCK
  Path Type:              Hold (Min at Fast Process Corner)
  Requirement:            0.000ns  (dbg_hub/inst/BSCANID.u_xsdbm_id/SWITCH_N_EXT_BSCAN.bscan_inst/SERIES7_BSCAN.bscan_inst/TCK rise@0.000ns - dbg_hub/inst/BSCANID.u_xsdbm_id/SWITCH_N_EXT_BSCAN.bscan_inst/SERIES7_BSCAN.bscan_inst/TCK rise@0.000ns)
  Data Path Delay:        0.265ns  (logic 0.141ns (53.251%)  route 0.124ns (46.749%))
  Logic Levels:           0  
  Clock Path Skew:        0.034ns (DCD - SCD - CPR)
    Destination Clock Delay (DCD):    1.650ns
    Source Clock Delay      (SCD):    1.273ns
    Clock Pessimism Removal (CPR):    0.343ns

    Location             Delay type                Incr(ns)  Path(ns)    Netlist Resource(s)
  -------------------------------------------------------------------    -------------------
                         (clock dbg_hub/inst/BSCANID.u_xsdbm_id/SWITCH_N_EXT_BSCAN.bscan_inst/SERIES7_BSCAN.bscan_inst/TCK rise edge)
                                                      0.000     0.000 r  
    BSCAN_X0Y0           BSCANE2                      0.000     0.000 r  dbg_hub/inst/BSCANID.u_xsdbm_id/SWITCH_N_EXT_BSCAN.bscan_inst/SERIES7_BSCAN.bscan_inst/TCK
                         net (fo=1, routed)           0.685     0.685    dbg_hub/inst/BSCANID.u_xsdbm_id/tck_bs
    BUFGCTRL_X0Y1        BUFG (Prop_bufg_I_O)         0.026     0.711 r  dbg_hub/inst/BSCANID.u_xsdbm_id/SWITCH_N_EXT_BSCAN.u_bufg_icon_tck/O
                         net (fo=482, routed)         0.562     1.273    dbg_hub/inst/BSCANID.u_xsdbm_id/CORE_XSDB.UUT_MASTER/U_ICON_INTERFACE/U_CMD6_WR/m_bscan_tck[0]
    SLICE_X33Y40         FDCE                                         r  dbg_hub/inst/BSCANID.u_xsdbm_id/CORE_XSDB.UUT_MASTER/U_ICON_INTERFACE/U_CMD6_WR/shift_reg_in_reg[5]/C
  -------------------------------------------------------------------    -------------------
    SLICE_X33Y40         FDCE (Prop_fdce_C_Q)         0.141     1.414 r  dbg_hub/inst/BSCANID.u_xsdbm_id/CORE_XSDB.UUT_MASTER/U_ICON_INTERFACE/U_CMD6_WR/shift_reg_in_reg[5]/Q
                         net (fo=2, routed)           0.124     1.537    dbg_hub/inst/BSCANID.u_xsdbm_id/CORE_XSDB.UUT_MASTER/U_ICON_INTERFACE/U_CMD6_WR/U_WR_FIFO/SUBCORE_FIFO.xsdbm_v3_0_0_wrfifo_inst/inst_fifo_gen/gconvfifo.rf/grf.rf/gntv_or_sync_fifo.mem/gdm.dm_gen.dm/RAM_reg_0_15_0_5/DIC0
    SLICE_X34Y40         RAMD32                                       r  dbg_hub/inst/BSCANID.u_xsdbm_id/CORE_XSDB.UUT_MASTER/U_ICON_INTERFACE/U_CMD6_WR/U_WR_FIFO/SUBCORE_FIFO.xsdbm_v3_0_0_wrfifo_inst/inst_fifo_gen/gconvfifo.rf/grf.rf/gntv_or_sync_fifo.mem/gdm.dm_gen.dm/RAM_reg_0_15_0_5/RAMC/I
  -------------------------------------------------------------------    -------------------

                         (clock dbg_hub/inst/BSCANID.u_xsdbm_id/SWITCH_N_EXT_BSCAN.bscan_inst/SERIES7_BSCAN.bscan_inst/TCK rise edge)
                                                      0.000     0.000 r  
    BSCAN_X0Y0           BSCANE2                      0.000     0.000 r  dbg_hub/inst/BSCANID.u_xsdbm_id/SWITCH_N_EXT_BSCAN.bscan_inst/SERIES7_BSCAN.bscan_inst/TCK
                         net (fo=1, routed)           0.791     0.791    dbg_hub/inst/BSCANID.u_xsdbm_id/tck_bs
    BUFGCTRL_X0Y1        BUFG (Prop_bufg_I_O)         0.029     0.820 r  dbg_hub/inst/BSCANID.u_xsdbm_id/SWITCH_N_EXT_BSCAN.u_bufg_icon_tck/O
                         net (fo=482, routed)         0.830     1.650    dbg_hub/inst/BSCANID.u_xsdbm_id/CORE_XSDB.UUT_MASTER/U_ICON_INTERFACE/U_CMD6_WR/U_WR_FIFO/SUBCORE_FIFO.xsdbm_v3_0_0_wrfifo_inst/inst_fifo_gen/gconvfifo.rf/grf.rf/gntv_or_sync_fifo.mem/gdm.dm_gen.dm/RAM_reg_0_15_0_5/WCLK
    SLICE_X34Y40         RAMD32                                       r  dbg_hub/inst/BSCANID.u_xsdbm_id/CORE_XSDB.UUT_MASTER/U_ICON_INTERFACE/U_CMD6_WR/U_WR_FIFO/SUBCORE_FIFO.xsdbm_v3_0_0_wrfifo_inst/inst_fifo_gen/gconvfifo.rf/grf.rf/gntv_or_sync_fifo.mem/gdm.dm_gen.dm/RAM_reg_0_15_0_5/RAMC/CLK
                         clock pessimism             -0.343     1.307    
    SLICE_X34Y40         RAMD32 (Hold_ramd32_CLK_I)
                                                      0.144     1.451    dbg_hub/inst/BSCANID.u_xsdbm_id/CORE_XSDB.UUT_MASTER/U_ICON_INTERFACE/U_CMD6_WR/U_WR_FIFO/SUBCORE_FIFO.xsdbm_v3_0_0_wrfifo_inst/inst_fifo_gen/gconvfifo.rf/grf.rf/gntv_or_sync_fifo.mem/gdm.dm_gen.dm/RAM_reg_0_15_0_5/RAMC
  -------------------------------------------------------------------
                         required time                         -1.451    
                         arrival time                           1.537    
  -------------------------------------------------------------------
                         slack                                  0.087    

Slack (MET) :             0.089ns  (arrival time - required time)
  Source:                 dbg_hub/inst/BSCANID.u_xsdbm_id/CORE_XSDB.UUT_MASTER/U_ICON_INTERFACE/U_CMD3/stat_reg_2_reg[2]/C
                            (rising edge-triggered cell FDRE clocked by dbg_hub/inst/BSCANID.u_xsdbm_id/SWITCH_N_EXT_BSCAN.bscan_inst/SERIES7_BSCAN.bscan_inst/TCK  {rise@0.000ns fall@16.500ns period=33.000ns})
  Destination:            dbg_hub/inst/BSCANID.u_xsdbm_id/CORE_XSDB.UUT_MASTER/U_ICON_INTERFACE/U_CMD3/shift_reg_in_reg[1]/D
                            (rising edge-triggered cell FDRE clocked by dbg_hub/inst/BSCANID.u_xsdbm_id/SWITCH_N_EXT_BSCAN.bscan_inst/SERIES7_BSCAN.bscan_inst/TCK  {rise@0.000ns fall@16.500ns period=33.000ns})
  Path Group:             dbg_hub/inst/BSCANID.u_xsdbm_id/SWITCH_N_EXT_BSCAN.bscan_inst/SERIES7_BSCAN.bscan_inst/TCK
  Path Type:              Hold (Min at Fast Process Corner)
  Requirement:            0.000ns  (dbg_hub/inst/BSCANID.u_xsdbm_id/SWITCH_N_EXT_BSCAN.bscan_inst/SERIES7_BSCAN.bscan_inst/TCK rise@0.000ns - dbg_hub/inst/BSCANID.u_xsdbm_id/SWITCH_N_EXT_BSCAN.bscan_inst/SERIES7_BSCAN.bscan_inst/TCK rise@0.000ns)
  Data Path Delay:        0.444ns  (logic 0.186ns (41.883%)  route 0.258ns (58.117%))
  Logic Levels:           1  (LUT3=1)
  Clock Path Skew:        0.264ns (DCD - SCD - CPR)
    Destination Clock Delay (DCD):    1.651ns
    Source Clock Delay      (SCD):    1.273ns
    Clock Pessimism Removal (CPR):    0.114ns

    Location             Delay type                Incr(ns)  Path(ns)    Netlist Resource(s)
  -------------------------------------------------------------------    -------------------
                         (clock dbg_hub/inst/BSCANID.u_xsdbm_id/SWITCH_N_EXT_BSCAN.bscan_inst/SERIES7_BSCAN.bscan_inst/TCK rise edge)
                                                      0.000     0.000 r  
    BSCAN_X0Y0           BSCANE2                      0.000     0.000 r  dbg_hub/inst/BSCANID.u_xsdbm_id/SWITCH_N_EXT_BSCAN.bscan_inst/SERIES7_BSCAN.bscan_inst/TCK
                         net (fo=1, routed)           0.685     0.685    dbg_hub/inst/BSCANID.u_xsdbm_id/tck_bs
    BUFGCTRL_X0Y1        BUFG (Prop_bufg_I_O)         0.026     0.711 r  dbg_hub/inst/BSCANID.u_xsdbm_id/SWITCH_N_EXT_BSCAN.u_bufg_icon_tck/O
                         net (fo=482, routed)         0.562     1.273    dbg_hub/inst/BSCANID.u_xsdbm_id/CORE_XSDB.UUT_MASTER/U_ICON_INTERFACE/U_CMD3/m_bscan_tck[0]
    SLICE_X33Y51         FDRE                                         r  dbg_hub/inst/BSCANID.u_xsdbm_id/CORE_XSDB.UUT_MASTER/U_ICON_INTERFACE/U_CMD3/stat_reg_2_reg[2]/C
  -------------------------------------------------------------------    -------------------
    SLICE_X33Y51         FDRE (Prop_fdre_C_Q)         0.141     1.414 r  dbg_hub/inst/BSCANID.u_xsdbm_id/CORE_XSDB.UUT_MASTER/U_ICON_INTERFACE/U_CMD3/stat_reg_2_reg[2]/Q
                         net (fo=1, routed)           0.258     1.672    dbg_hub/inst/BSCANID.u_xsdbm_id/CORE_XSDB.UUT_MASTER/U_ICON_INTERFACE/U_CMD3/stat_reg_2[2]
    SLICE_X37Y51         LUT3 (Prop_lut3_I2_O)        0.045     1.717 r  dbg_hub/inst/BSCANID.u_xsdbm_id/CORE_XSDB.UUT_MASTER/U_ICON_INTERFACE/U_CMD3/shift_reg_in[1]_i_1__0/O
                         net (fo=1, routed)           0.000     1.717    dbg_hub/inst/BSCANID.u_xsdbm_id/CORE_XSDB.UUT_MASTER/U_ICON_INTERFACE/U_CMD3/shift_reg_in[1]_i_1__0_n_0
    SLICE_X37Y51         FDRE                                         r  dbg_hub/inst/BSCANID.u_xsdbm_id/CORE_XSDB.UUT_MASTER/U_ICON_INTERFACE/U_CMD3/shift_reg_in_reg[1]/D
  -------------------------------------------------------------------    -------------------

                         (clock dbg_hub/inst/BSCANID.u_xsdbm_id/SWITCH_N_EXT_BSCAN.bscan_inst/SERIES7_BSCAN.bscan_inst/TCK rise edge)
                                                      0.000     0.000 r  
    BSCAN_X0Y0           BSCANE2                      0.000     0.000 r  dbg_hub/inst/BSCANID.u_xsdbm_id/SWITCH_N_EXT_BSCAN.bscan_inst/SERIES7_BSCAN.bscan_inst/TCK
                         net (fo=1, routed)           0.791     0.791    dbg_hub/inst/BSCANID.u_xsdbm_id/tck_bs
    BUFGCTRL_X0Y1        BUFG (Prop_bufg_I_O)         0.029     0.820 r  dbg_hub/inst/BSCANID.u_xsdbm_id/SWITCH_N_EXT_BSCAN.u_bufg_icon_tck/O
                         net (fo=482, routed)         0.830     1.651    dbg_hub/inst/BSCANID.u_xsdbm_id/CORE_XSDB.UUT_MASTER/U_ICON_INTERFACE/U_CMD3/m_bscan_tck[0]
    SLICE_X37Y51         FDRE                                         r  dbg_hub/inst/BSCANID.u_xsdbm_id/CORE_XSDB.UUT_MASTER/U_ICON_INTERFACE/U_CMD3/shift_reg_in_reg[1]/C
                         clock pessimism             -0.114     1.537    
    SLICE_X37Y51         FDRE (Hold_fdre_C_D)         0.091     1.628    dbg_hub/inst/BSCANID.u_xsdbm_id/CORE_XSDB.UUT_MASTER/U_ICON_INTERFACE/U_CMD3/shift_reg_in_reg[1]
  -------------------------------------------------------------------
                         required time                         -1.628    
                         arrival time                           1.717    
  -------------------------------------------------------------------
                         slack                                  0.089    

Slack (MET) :             0.099ns  (arrival time - required time)
  Source:                 dbg_hub/inst/BSCANID.u_xsdbm_id/SWITCH_N_EXT_BSCAN.bscan_switch/counter_reg[5]/C
                            (rising edge-triggered cell FDRE clocked by dbg_hub/inst/BSCANID.u_xsdbm_id/SWITCH_N_EXT_BSCAN.bscan_inst/SERIES7_BSCAN.bscan_inst/TCK  {rise@0.000ns fall@16.500ns period=33.000ns})
  Destination:            dbg_hub/inst/BSCANID.u_xsdbm_id/SWITCH_N_EXT_BSCAN.bscan_switch/counter_reg[0]/D
                            (rising edge-triggered cell FDRE clocked by dbg_hub/inst/BSCANID.u_xsdbm_id/SWITCH_N_EXT_BSCAN.bscan_inst/SERIES7_BSCAN.bscan_inst/TCK  {rise@0.000ns fall@16.500ns period=33.000ns})
  Path Group:             dbg_hub/inst/BSCANID.u_xsdbm_id/SWITCH_N_EXT_BSCAN.bscan_inst/SERIES7_BSCAN.bscan_inst/TCK
  Path Type:              Hold (Min at Fast Process Corner)
  Requirement:            0.000ns  (dbg_hub/inst/BSCANID.u_xsdbm_id/SWITCH_N_EXT_BSCAN.bscan_inst/SERIES7_BSCAN.bscan_inst/TCK rise@0.000ns - dbg_hub/inst/BSCANID.u_xsdbm_id/SWITCH_N_EXT_BSCAN.bscan_inst/SERIES7_BSCAN.bscan_inst/TCK rise@0.000ns)
  Data Path Delay:        0.456ns  (logic 0.186ns (40.788%)  route 0.270ns (59.212%))
  Logic Levels:           1  (LUT6=1)
  Clock Path Skew:        0.266ns (DCD - SCD - CPR)
    Destination Clock Delay (DCD):    1.650ns
    Source Clock Delay      (SCD):    1.275ns
    Clock Pessimism Removal (CPR):    0.109ns

    Location             Delay type                Incr(ns)  Path(ns)    Netlist Resource(s)
  -------------------------------------------------------------------    -------------------
                         (clock dbg_hub/inst/BSCANID.u_xsdbm_id/SWITCH_N_EXT_BSCAN.bscan_inst/SERIES7_BSCAN.bscan_inst/TCK rise edge)
                                                      0.000     0.000 r  
    BSCAN_X0Y0           BSCANE2                      0.000     0.000 r  dbg_hub/inst/BSCANID.u_xsdbm_id/SWITCH_N_EXT_BSCAN.bscan_inst/SERIES7_BSCAN.bscan_inst/TCK
                         net (fo=1, routed)           0.685     0.685    dbg_hub/inst/BSCANID.u_xsdbm_id/tck_bs
    BUFGCTRL_X0Y1        BUFG (Prop_bufg_I_O)         0.026     0.711 r  dbg_hub/inst/BSCANID.u_xsdbm_id/SWITCH_N_EXT_BSCAN.u_bufg_icon_tck/O
                         net (fo=482, routed)         0.564     1.275    dbg_hub/inst/BSCANID.u_xsdbm_id/SWITCH_N_EXT_BSCAN.bscan_switch/s_bscan_tck
    SLICE_X36Y49         FDRE                                         r  dbg_hub/inst/BSCANID.u_xsdbm_id/SWITCH_N_EXT_BSCAN.bscan_switch/counter_reg[5]/C
  -------------------------------------------------------------------    -------------------
    SLICE_X36Y49         FDRE (Prop_fdre_C_Q)         0.141     1.416 r  dbg_hub/inst/BSCANID.u_xsdbm_id/SWITCH_N_EXT_BSCAN.bscan_switch/counter_reg[5]/Q
                         net (fo=4, routed)           0.270     1.686    dbg_hub/inst/BSCANID.u_xsdbm_id/SWITCH_N_EXT_BSCAN.bscan_switch/counter[5]
    SLICE_X36Y56         LUT6 (Prop_lut6_I1_O)        0.045     1.731 r  dbg_hub/inst/BSCANID.u_xsdbm_id/SWITCH_N_EXT_BSCAN.bscan_switch/counter[0]_i_1/O
                         net (fo=1, routed)           0.000     1.731    dbg_hub/inst/BSCANID.u_xsdbm_id/SWITCH_N_EXT_BSCAN.bscan_switch/counter__0[0]
    SLICE_X36Y56         FDRE                                         r  dbg_hub/inst/BSCANID.u_xsdbm_id/SWITCH_N_EXT_BSCAN.bscan_switch/counter_reg[0]/D
  -------------------------------------------------------------------    -------------------

                         (clock dbg_hub/inst/BSCANID.u_xsdbm_id/SWITCH_N_EXT_BSCAN.bscan_inst/SERIES7_BSCAN.bscan_inst/TCK rise edge)
                                                      0.000     0.000 r  
    BSCAN_X0Y0           BSCANE2                      0.000     0.000 r  dbg_hub/inst/BSCANID.u_xsdbm_id/SWITCH_N_EXT_BSCAN.bscan_inst/SERIES7_BSCAN.bscan_inst/TCK
                         net (fo=1, routed)           0.791     0.791    dbg_hub/inst/BSCANID.u_xsdbm_id/tck_bs
    BUFGCTRL_X0Y1        BUFG (Prop_bufg_I_O)         0.029     0.820 r  dbg_hub/inst/BSCANID.u_xsdbm_id/SWITCH_N_EXT_BSCAN.u_bufg_icon_tck/O
                         net (fo=482, routed)         0.829     1.650    dbg_hub/inst/BSCANID.u_xsdbm_id/SWITCH_N_EXT_BSCAN.bscan_switch/s_bscan_tck
    SLICE_X36Y56         FDRE                                         r  dbg_hub/inst/BSCANID.u_xsdbm_id/SWITCH_N_EXT_BSCAN.bscan_switch/counter_reg[0]/C
                         clock pessimism             -0.109     1.541    
    SLICE_X36Y56         FDRE (Hold_fdre_C_D)         0.091     1.632    dbg_hub/inst/BSCANID.u_xsdbm_id/SWITCH_N_EXT_BSCAN.bscan_switch/counter_reg[0]
  -------------------------------------------------------------------
                         required time                         -1.632    
                         arrival time                           1.731    
  -------------------------------------------------------------------
                         slack                                  0.099    

Slack (MET) :             0.103ns  (arrival time - required time)
  Source:                 dbg_hub/inst/BSCANID.u_xsdbm_id/CORE_XSDB.UUT_MASTER/U_ICON_INTERFACE/icn_cmd_en_reg[7]/C
                            (rising edge-triggered cell FDRE clocked by dbg_hub/inst/BSCANID.u_xsdbm_id/SWITCH_N_EXT_BSCAN.bscan_inst/SERIES7_BSCAN.bscan_inst/TCK  {rise@0.000ns fall@16.500ns period=33.000ns})
  Destination:            dbg_hub/inst/BSCANID.u_xsdbm_id/CORE_XSDB.UUT_MASTER/U_ICON_INTERFACE/U_CMD7_STAT/icn_cmd_en_temp_reg/D
                            (rising edge-triggered cell FDRE clocked by dbg_hub/inst/BSCANID.u_xsdbm_id/SWITCH_N_EXT_BSCAN.bscan_inst/SERIES7_BSCAN.bscan_inst/TCK  {rise@0.000ns fall@16.500ns period=33.000ns})
  Path Group:             dbg_hub/inst/BSCANID.u_xsdbm_id/SWITCH_N_EXT_BSCAN.bscan_inst/SERIES7_BSCAN.bscan_inst/TCK
  Path Type:              Hold (Min at Fast Process Corner)
  Requirement:            0.000ns  (dbg_hub/inst/BSCANID.u_xsdbm_id/SWITCH_N_EXT_BSCAN.bscan_inst/SERIES7_BSCAN.bscan_inst/TCK rise@0.000ns - dbg_hub/inst/BSCANID.u_xsdbm_id/SWITCH_N_EXT_BSCAN.bscan_inst/SERIES7_BSCAN.bscan_inst/TCK rise@0.000ns)
  Data Path Delay:        0.419ns  (logic 0.164ns (39.153%)  route 0.255ns (60.847%))
  Logic Levels:           0  
  Clock Path Skew:        0.264ns (DCD - SCD - CPR)
    Destination Clock Delay (DCD):    1.651ns
    Source Clock Delay      (SCD):    1.273ns
    Clock Pessimism Removal (CPR):    0.114ns

    Location             Delay type                Incr(ns)  Path(ns)    Netlist Resource(s)
  -------------------------------------------------------------------    -------------------
                         (clock dbg_hub/inst/BSCANID.u_xsdbm_id/SWITCH_N_EXT_BSCAN.bscan_inst/SERIES7_BSCAN.bscan_inst/TCK rise edge)
                                                      0.000     0.000 r  
    BSCAN_X0Y0           BSCANE2                      0.000     0.000 r  dbg_hub/inst/BSCANID.u_xsdbm_id/SWITCH_N_EXT_BSCAN.bscan_inst/SERIES7_BSCAN.bscan_inst/TCK
                         net (fo=1, routed)           0.685     0.685    dbg_hub/inst/BSCANID.u_xsdbm_id/tck_bs
    BUFGCTRL_X0Y1        BUFG (Prop_bufg_I_O)         0.026     0.711 r  dbg_hub/inst/BSCANID.u_xsdbm_id/SWITCH_N_EXT_BSCAN.u_bufg_icon_tck/O
                         net (fo=482, routed)         0.562     1.273    dbg_hub/inst/BSCANID.u_xsdbm_id/CORE_XSDB.UUT_MASTER/U_ICON_INTERFACE/m_bscan_tck[0]
    SLICE_X38Y52         FDRE                                         r  dbg_hub/inst/BSCANID.u_xsdbm_id/CORE_XSDB.UUT_MASTER/U_ICON_INTERFACE/icn_cmd_en_reg[7]/C
  -------------------------------------------------------------------    -------------------
    SLICE_X38Y52         FDRE (Prop_fdre_C_Q)         0.164     1.437 r  dbg_hub/inst/BSCANID.u_xsdbm_id/CORE_XSDB.UUT_MASTER/U_ICON_INTERFACE/icn_cmd_en_reg[7]/Q
                         net (fo=5, routed)           0.255     1.692    dbg_hub/inst/BSCANID.u_xsdbm_id/CORE_XSDB.UUT_MASTER/U_ICON_INTERFACE/U_CMD7_STAT/icn_cmd_en_temp_reg_0
    SLICE_X30Y50         FDRE                                         r  dbg_hub/inst/BSCANID.u_xsdbm_id/CORE_XSDB.UUT_MASTER/U_ICON_INTERFACE/U_CMD7_STAT/icn_cmd_en_temp_reg/D
  -------------------------------------------------------------------    -------------------

                         (clock dbg_hub/inst/BSCANID.u_xsdbm_id/SWITCH_N_EXT_BSCAN.bscan_inst/SERIES7_BSCAN.bscan_inst/TCK rise edge)
                                                      0.000     0.000 r  
    BSCAN_X0Y0           BSCANE2                      0.000     0.000 r  dbg_hub/inst/BSCANID.u_xsdbm_id/SWITCH_N_EXT_BSCAN.bscan_inst/SERIES7_BSCAN.bscan_inst/TCK
                         net (fo=1, routed)           0.791     0.791    dbg_hub/inst/BSCANID.u_xsdbm_id/tck_bs
    BUFGCTRL_X0Y1        BUFG (Prop_bufg_I_O)         0.029     0.820 r  dbg_hub/inst/BSCANID.u_xsdbm_id/SWITCH_N_EXT_BSCAN.u_bufg_icon_tck/O
                         net (fo=482, routed)         0.830     1.651    dbg_hub/inst/BSCANID.u_xsdbm_id/CORE_XSDB.UUT_MASTER/U_ICON_INTERFACE/U_CMD7_STAT/m_bscan_tck[0]
    SLICE_X30Y50         FDRE                                         r  dbg_hub/inst/BSCANID.u_xsdbm_id/CORE_XSDB.UUT_MASTER/U_ICON_INTERFACE/U_CMD7_STAT/icn_cmd_en_temp_reg/C
                         clock pessimism             -0.114     1.537    
    SLICE_X30Y50         FDRE (Hold_fdre_C_D)         0.052     1.589    dbg_hub/inst/BSCANID.u_xsdbm_id/CORE_XSDB.UUT_MASTER/U_ICON_INTERFACE/U_CMD7_STAT/icn_cmd_en_temp_reg
  -------------------------------------------------------------------
                         required time                         -1.589    
                         arrival time                           1.692    
  -------------------------------------------------------------------
                         slack                                  0.103    

Slack (MET) :             0.106ns  (arrival time - required time)
  Source:                 dbg_hub/inst/BSCANID.u_xsdbm_id/CORE_XSDB.UUT_MASTER/U_ICON_INTERFACE/U_CMD6_WR/shift_reg_in_reg[13]/C
                            (rising edge-triggered cell FDCE clocked by dbg_hub/inst/BSCANID.u_xsdbm_id/SWITCH_N_EXT_BSCAN.bscan_inst/SERIES7_BSCAN.bscan_inst/TCK  {rise@0.000ns fall@16.500ns period=33.000ns})
  Destination:            dbg_hub/inst/BSCANID.u_xsdbm_id/CORE_XSDB.UUT_MASTER/U_ICON_INTERFACE/U_CMD6_WR/U_WR_FIFO/SUBCORE_FIFO.xsdbm_v3_0_0_wrfifo_inst/inst_fifo_gen/gconvfifo.rf/grf.rf/gntv_or_sync_fifo.mem/gdm.dm_gen.dm/RAM_reg_0_15_12_15/RAMA/I
                            (rising edge-triggered cell RAMD32 clocked by dbg_hub/inst/BSCANID.u_xsdbm_id/SWITCH_N_EXT_BSCAN.bscan_inst/SERIES7_BSCAN.bscan_inst/TCK  {rise@0.000ns fall@16.500ns period=33.000ns})
  Path Group:             dbg_hub/inst/BSCANID.u_xsdbm_id/SWITCH_N_EXT_BSCAN.bscan_inst/SERIES7_BSCAN.bscan_inst/TCK
  Path Type:              Hold (Min at Fast Process Corner)
  Requirement:            0.000ns  (dbg_hub/inst/BSCANID.u_xsdbm_id/SWITCH_N_EXT_BSCAN.bscan_inst/SERIES7_BSCAN.bscan_inst/TCK rise@0.000ns - dbg_hub/inst/BSCANID.u_xsdbm_id/SWITCH_N_EXT_BSCAN.bscan_inst/SERIES7_BSCAN.bscan_inst/TCK rise@0.000ns)
  Data Path Delay:        0.266ns  (logic 0.141ns (52.967%)  route 0.125ns (47.033%))
  Logic Levels:           0  
  Clock Path Skew:        0.013ns (DCD - SCD - CPR)
    Destination Clock Delay (DCD):    1.650ns
    Source Clock Delay      (SCD):    1.272ns
    Clock Pessimism Removal (CPR):    0.365ns

    Location             Delay type                Incr(ns)  Path(ns)    Netlist Resource(s)
  -------------------------------------------------------------------    -------------------
                         (clock dbg_hub/inst/BSCANID.u_xsdbm_id/SWITCH_N_EXT_BSCAN.bscan_inst/SERIES7_BSCAN.bscan_inst/TCK rise edge)
                                                      0.000     0.000 r  
    BSCAN_X0Y0           BSCANE2                      0.000     0.000 r  dbg_hub/inst/BSCANID.u_xsdbm_id/SWITCH_N_EXT_BSCAN.bscan_inst/SERIES7_BSCAN.bscan_inst/TCK
                         net (fo=1, routed)           0.685     0.685    dbg_hub/inst/BSCANID.u_xsdbm_id/tck_bs
    BUFGCTRL_X0Y1        BUFG (Prop_bufg_I_O)         0.026     0.711 r  dbg_hub/inst/BSCANID.u_xsdbm_id/SWITCH_N_EXT_BSCAN.u_bufg_icon_tck/O
                         net (fo=482, routed)         0.561     1.272    dbg_hub/inst/BSCANID.u_xsdbm_id/CORE_XSDB.UUT_MASTER/U_ICON_INTERFACE/U_CMD6_WR/m_bscan_tck[0]
    SLICE_X35Y42         FDCE                                         r  dbg_hub/inst/BSCANID.u_xsdbm_id/CORE_XSDB.UUT_MASTER/U_ICON_INTERFACE/U_CMD6_WR/shift_reg_in_reg[13]/C
  -------------------------------------------------------------------    -------------------
    SLICE_X35Y42         FDCE (Prop_fdce_C_Q)         0.141     1.413 r  dbg_hub/inst/BSCANID.u_xsdbm_id/CORE_XSDB.UUT_MASTER/U_ICON_INTERFACE/U_CMD6_WR/shift_reg_in_reg[13]/Q
                         net (fo=2, routed)           0.125     1.538    dbg_hub/inst/BSCANID.u_xsdbm_id/CORE_XSDB.UUT_MASTER/U_ICON_INTERFACE/U_CMD6_WR/U_WR_FIFO/SUBCORE_FIFO.xsdbm_v3_0_0_wrfifo_inst/inst_fifo_gen/gconvfifo.rf/grf.rf/gntv_or_sync_fifo.mem/gdm.dm_gen.dm/RAM_reg_0_15_12_15/DIA0
    SLICE_X34Y42         RAMD32                                       r  dbg_hub/inst/BSCANID.u_xsdbm_id/CORE_XSDB.UUT_MASTER/U_ICON_INTERFACE/U_CMD6_WR/U_WR_FIFO/SUBCORE_FIFO.xsdbm_v3_0_0_wrfifo_inst/inst_fifo_gen/gconvfifo.rf/grf.rf/gntv_or_sync_fifo.mem/gdm.dm_gen.dm/RAM_reg_0_15_12_15/RAMA/I
  -------------------------------------------------------------------    -------------------

                         (clock dbg_hub/inst/BSCANID.u_xsdbm_id/SWITCH_N_EXT_BSCAN.bscan_inst/SERIES7_BSCAN.bscan_inst/TCK rise edge)
                                                      0.000     0.000 r  
    BSCAN_X0Y0           BSCANE2                      0.000     0.000 r  dbg_hub/inst/BSCANID.u_xsdbm_id/SWITCH_N_EXT_BSCAN.bscan_inst/SERIES7_BSCAN.bscan_inst/TCK
                         net (fo=1, routed)           0.791     0.791    dbg_hub/inst/BSCANID.u_xsdbm_id/tck_bs
    BUFGCTRL_X0Y1        BUFG (Prop_bufg_I_O)         0.029     0.820 r  dbg_hub/inst/BSCANID.u_xsdbm_id/SWITCH_N_EXT_BSCAN.u_bufg_icon_tck/O
                         net (fo=482, routed)         0.830     1.650    dbg_hub/inst/BSCANID.u_xsdbm_id/CORE_XSDB.UUT_MASTER/U_ICON_INTERFACE/U_CMD6_WR/U_WR_FIFO/SUBCORE_FIFO.xsdbm_v3_0_0_wrfifo_inst/inst_fifo_gen/gconvfifo.rf/grf.rf/gntv_or_sync_fifo.mem/gdm.dm_gen.dm/RAM_reg_0_15_12_15/WCLK
    SLICE_X34Y42         RAMD32                                       r  dbg_hub/inst/BSCANID.u_xsdbm_id/CORE_XSDB.UUT_MASTER/U_ICON_INTERFACE/U_CMD6_WR/U_WR_FIFO/SUBCORE_FIFO.xsdbm_v3_0_0_wrfifo_inst/inst_fifo_gen/gconvfifo.rf/grf.rf/gntv_or_sync_fifo.mem/gdm.dm_gen.dm/RAM_reg_0_15_12_15/RAMA/CLK
                         clock pessimism             -0.365     1.285    
    SLICE_X34Y42         RAMD32 (Hold_ramd32_CLK_I)
                                                      0.147     1.432    dbg_hub/inst/BSCANID.u_xsdbm_id/CORE_XSDB.UUT_MASTER/U_ICON_INTERFACE/U_CMD6_WR/U_WR_FIFO/SUBCORE_FIFO.xsdbm_v3_0_0_wrfifo_inst/inst_fifo_gen/gconvfifo.rf/grf.rf/gntv_or_sync_fifo.mem/gdm.dm_gen.dm/RAM_reg_0_15_12_15/RAMA
  -------------------------------------------------------------------
                         required time                         -1.432    
                         arrival time                           1.538    
  -------------------------------------------------------------------
                         slack                                  0.106    

Slack (MET) :             0.108ns  (arrival time - required time)
  Source:                 dbg_hub/inst/BSCANID.u_xsdbm_id/CORE_XSDB.UUT_MASTER/U_ICON_INTERFACE/U_CMD6_WR/shift_reg_in_reg[4]/C
                            (rising edge-triggered cell FDCE clocked by dbg_hub/inst/BSCANID.u_xsdbm_id/SWITCH_N_EXT_BSCAN.bscan_inst/SERIES7_BSCAN.bscan_inst/TCK  {rise@0.000ns fall@16.500ns period=33.000ns})
  Destination:            dbg_hub/inst/BSCANID.u_xsdbm_id/CORE_XSDB.UUT_MASTER/U_ICON_INTERFACE/U_CMD6_WR/U_WR_FIFO/SUBCORE_FIFO.xsdbm_v3_0_0_wrfifo_inst/inst_fifo_gen/gconvfifo.rf/grf.rf/gntv_or_sync_fifo.mem/gdm.dm_gen.dm/RAM_reg_0_15_0_5/RAMB_D1/I
                            (rising edge-triggered cell RAMD32 clocked by dbg_hub/inst/BSCANID.u_xsdbm_id/SWITCH_N_EXT_BSCAN.bscan_inst/SERIES7_BSCAN.bscan_inst/TCK  {rise@0.000ns fall@16.500ns period=33.000ns})
  Path Group:             dbg_hub/inst/BSCANID.u_xsdbm_id/SWITCH_N_EXT_BSCAN.bscan_inst/SERIES7_BSCAN.bscan_inst/TCK
  Path Type:              Hold (Min at Fast Process Corner)
  Requirement:            0.000ns  (dbg_hub/inst/BSCANID.u_xsdbm_id/SWITCH_N_EXT_BSCAN.bscan_inst/SERIES7_BSCAN.bscan_inst/TCK rise@0.000ns - dbg_hub/inst/BSCANID.u_xsdbm_id/SWITCH_N_EXT_BSCAN.bscan_inst/SERIES7_BSCAN.bscan_inst/TCK rise@0.000ns)
  Data Path Delay:        0.266ns  (logic 0.141ns (52.991%)  route 0.125ns (47.009%))
  Logic Levels:           0  
  Clock Path Skew:        0.034ns (DCD - SCD - CPR)
    Destination Clock Delay (DCD):    1.650ns
    Source Clock Delay      (SCD):    1.273ns
    Clock Pessimism Removal (CPR):    0.343ns

    Location             Delay type                Incr(ns)  Path(ns)    Netlist Resource(s)
  -------------------------------------------------------------------    -------------------
                         (clock dbg_hub/inst/BSCANID.u_xsdbm_id/SWITCH_N_EXT_BSCAN.bscan_inst/SERIES7_BSCAN.bscan_inst/TCK rise edge)
                                                      0.000     0.000 r  
    BSCAN_X0Y0           BSCANE2                      0.000     0.000 r  dbg_hub/inst/BSCANID.u_xsdbm_id/SWITCH_N_EXT_BSCAN.bscan_inst/SERIES7_BSCAN.bscan_inst/TCK
                         net (fo=1, routed)           0.685     0.685    dbg_hub/inst/BSCANID.u_xsdbm_id/tck_bs
    BUFGCTRL_X0Y1        BUFG (Prop_bufg_I_O)         0.026     0.711 r  dbg_hub/inst/BSCANID.u_xsdbm_id/SWITCH_N_EXT_BSCAN.u_bufg_icon_tck/O
                         net (fo=482, routed)         0.562     1.273    dbg_hub/inst/BSCANID.u_xsdbm_id/CORE_XSDB.UUT_MASTER/U_ICON_INTERFACE/U_CMD6_WR/m_bscan_tck[0]
    SLICE_X33Y40         FDCE                                         r  dbg_hub/inst/BSCANID.u_xsdbm_id/CORE_XSDB.UUT_MASTER/U_ICON_INTERFACE/U_CMD6_WR/shift_reg_in_reg[4]/C
  -------------------------------------------------------------------    -------------------
    SLICE_X33Y40         FDCE (Prop_fdce_C_Q)         0.141     1.414 r  dbg_hub/inst/BSCANID.u_xsdbm_id/CORE_XSDB.UUT_MASTER/U_ICON_INTERFACE/U_CMD6_WR/shift_reg_in_reg[4]/Q
                         net (fo=2, routed)           0.125     1.539    dbg_hub/inst/BSCANID.u_xsdbm_id/CORE_XSDB.UUT_MASTER/U_ICON_INTERFACE/U_CMD6_WR/U_WR_FIFO/SUBCORE_FIFO.xsdbm_v3_0_0_wrfifo_inst/inst_fifo_gen/gconvfifo.rf/grf.rf/gntv_or_sync_fifo.mem/gdm.dm_gen.dm/RAM_reg_0_15_0_5/DIB1
    SLICE_X34Y40         RAMD32                                       r  dbg_hub/inst/BSCANID.u_xsdbm_id/CORE_XSDB.UUT_MASTER/U_ICON_INTERFACE/U_CMD6_WR/U_WR_FIFO/SUBCORE_FIFO.xsdbm_v3_0_0_wrfifo_inst/inst_fifo_gen/gconvfifo.rf/grf.rf/gntv_or_sync_fifo.mem/gdm.dm_gen.dm/RAM_reg_0_15_0_5/RAMB_D1/I
  -------------------------------------------------------------------    -------------------

                         (clock dbg_hub/inst/BSCANID.u_xsdbm_id/SWITCH_N_EXT_BSCAN.bscan_inst/SERIES7_BSCAN.bscan_inst/TCK rise edge)
                                                      0.000     0.000 r  
    BSCAN_X0Y0           BSCANE2                      0.000     0.000 r  dbg_hub/inst/BSCANID.u_xsdbm_id/SWITCH_N_EXT_BSCAN.bscan_inst/SERIES7_BSCAN.bscan_inst/TCK
                         net (fo=1, routed)           0.791     0.791    dbg_hub/inst/BSCANID.u_xsdbm_id/tck_bs
    BUFGCTRL_X0Y1        BUFG (Prop_bufg_I_O)         0.029     0.820 r  dbg_hub/inst/BSCANID.u_xsdbm_id/SWITCH_N_EXT_BSCAN.u_bufg_icon_tck/O
                         net (fo=482, routed)         0.830     1.650    dbg_hub/inst/BSCANID.u_xsdbm_id/CORE_XSDB.UUT_MASTER/U_ICON_INTERFACE/U_CMD6_WR/U_WR_FIFO/SUBCORE_FIFO.xsdbm_v3_0_0_wrfifo_inst/inst_fifo_gen/gconvfifo.rf/grf.rf/gntv_or_sync_fifo.mem/gdm.dm_gen.dm/RAM_reg_0_15_0_5/WCLK
    SLICE_X34Y40         RAMD32                                       r  dbg_hub/inst/BSCANID.u_xsdbm_id/CORE_XSDB.UUT_MASTER/U_ICON_INTERFACE/U_CMD6_WR/U_WR_FIFO/SUBCORE_FIFO.xsdbm_v3_0_0_wrfifo_inst/inst_fifo_gen/gconvfifo.rf/grf.rf/gntv_or_sync_fifo.mem/gdm.dm_gen.dm/RAM_reg_0_15_0_5/RAMB_D1/CLK
                         clock pessimism             -0.343     1.307    
    SLICE_X34Y40         RAMD32 (Hold_ramd32_CLK_I)
                                                      0.124     1.431    dbg_hub/inst/BSCANID.u_xsdbm_id/CORE_XSDB.UUT_MASTER/U_ICON_INTERFACE/U_CMD6_WR/U_WR_FIFO/SUBCORE_FIFO.xsdbm_v3_0_0_wrfifo_inst/inst_fifo_gen/gconvfifo.rf/grf.rf/gntv_or_sync_fifo.mem/gdm.dm_gen.dm/RAM_reg_0_15_0_5/RAMB_D1
  -------------------------------------------------------------------
                         required time                         -1.431    
                         arrival time                           1.539    
  -------------------------------------------------------------------
                         slack                                  0.108    

Slack (MET) :             0.111ns  (arrival time - required time)
  Source:                 dbg_hub/inst/BSCANID.u_xsdbm_id/CORE_XSDB.UUT_MASTER/U_ICON_INTERFACE/U_CMD6_WR/U_WR_FIFO/SUBCORE_FIFO.xsdbm_v3_0_0_wrfifo_inst/inst_fifo_gen/gconvfifo.rf/grf.rf/gntv_or_sync_fifo.gl0.wr/wpntr/gic0.gc0.count_d2_reg[2]/C
                            (rising edge-triggered cell FDCE clocked by dbg_hub/inst/BSCANID.u_xsdbm_id/SWITCH_N_EXT_BSCAN.bscan_inst/SERIES7_BSCAN.bscan_inst/TCK  {rise@0.000ns fall@16.500ns period=33.000ns})
  Destination:            dbg_hub/inst/BSCANID.u_xsdbm_id/CORE_XSDB.UUT_MASTER/U_ICON_INTERFACE/U_CMD6_WR/U_WR_FIFO/SUBCORE_FIFO.xsdbm_v3_0_0_wrfifo_inst/inst_fifo_gen/gconvfifo.rf/grf.rf/gntv_or_sync_fifo.mem/gdm.dm_gen.dm/RAM_reg_0_15_6_11/RAMA/WADR2
                            (rising edge-triggered cell RAMD32 clocked by dbg_hub/inst/BSCANID.u_xsdbm_id/SWITCH_N_EXT_BSCAN.bscan_inst/SERIES7_BSCAN.bscan_inst/TCK  {rise@0.000ns fall@16.500ns period=33.000ns})
  Path Group:             dbg_hub/inst/BSCANID.u_xsdbm_id/SWITCH_N_EXT_BSCAN.bscan_inst/SERIES7_BSCAN.bscan_inst/TCK
  Path Type:              Hold (Min at Fast Process Corner)
  Requirement:            0.000ns  (dbg_hub/inst/BSCANID.u_xsdbm_id/SWITCH_N_EXT_BSCAN.bscan_inst/SERIES7_BSCAN.bscan_inst/TCK rise@0.000ns - dbg_hub/inst/BSCANID.u_xsdbm_id/SWITCH_N_EXT_BSCAN.bscan_inst/SERIES7_BSCAN.bscan_inst/TCK rise@0.000ns)
  Data Path Delay:        0.382ns  (logic 0.164ns (42.970%)  route 0.218ns (57.030%))
  Logic Levels:           0  
  Clock Path Skew:        0.017ns (DCD - SCD - CPR)
    Destination Clock Delay (DCD):    1.651ns
    Source Clock Delay      (SCD):    1.272ns
    Clock Pessimism Removal (CPR):    0.362ns

    Location             Delay type                Incr(ns)  Path(ns)    Netlist Resource(s)
  -------------------------------------------------------------------    -------------------
                         (clock dbg_hub/inst/BSCANID.u_xsdbm_id/SWITCH_N_EXT_BSCAN.bscan_inst/SERIES7_BSCAN.bscan_inst/TCK rise edge)
                                                      0.000     0.000 r  
    BSCAN_X0Y0           BSCANE2                      0.000     0.000 r  dbg_hub/inst/BSCANID.u_xsdbm_id/SWITCH_N_EXT_BSCAN.bscan_inst/SERIES7_BSCAN.bscan_inst/TCK
                         net (fo=1, routed)           0.685     0.685    dbg_hub/inst/BSCANID.u_xsdbm_id/tck_bs
    BUFGCTRL_X0Y1        BUFG (Prop_bufg_I_O)         0.026     0.711 r  dbg_hub/inst/BSCANID.u_xsdbm_id/SWITCH_N_EXT_BSCAN.u_bufg_icon_tck/O
                         net (fo=482, routed)         0.561     1.272    dbg_hub/inst/BSCANID.u_xsdbm_id/CORE_XSDB.UUT_MASTER/U_ICON_INTERFACE/U_CMD6_WR/U_WR_FIFO/SUBCORE_FIFO.xsdbm_v3_0_0_wrfifo_inst/inst_fifo_gen/gconvfifo.rf/grf.rf/gntv_or_sync_fifo.gl0.wr/wpntr/wr_clk
    SLICE_X30Y38         FDCE                                         r  dbg_hub/inst/BSCANID.u_xsdbm_id/CORE_XSDB.UUT_MASTER/U_ICON_INTERFACE/U_CMD6_WR/U_WR_FIFO/SUBCORE_FIFO.xsdbm_v3_0_0_wrfifo_inst/inst_fifo_gen/gconvfifo.rf/grf.rf/gntv_or_sync_fifo.gl0.wr/wpntr/gic0.gc0.count_d2_reg[2]/C
  -------------------------------------------------------------------    -------------------
    SLICE_X30Y38         FDCE (Prop_fdce_C_Q)         0.164     1.436 r  dbg_hub/inst/BSCANID.u_xsdbm_id/CORE_XSDB.UUT_MASTER/U_ICON_INTERFACE/U_CMD6_WR/U_WR_FIFO/SUBCORE_FIFO.xsdbm_v3_0_0_wrfifo_inst/inst_fifo_gen/gconvfifo.rf/grf.rf/gntv_or_sync_fifo.gl0.wr/wpntr/gic0.gc0.count_d2_reg[2]/Q
                         net (fo=26, routed)          0.218     1.653    dbg_hub/inst/BSCANID.u_xsdbm_id/CORE_XSDB.UUT_MASTER/U_ICON_INTERFACE/U_CMD6_WR/U_WR_FIFO/SUBCORE_FIFO.xsdbm_v3_0_0_wrfifo_inst/inst_fifo_gen/gconvfifo.rf/grf.rf/gntv_or_sync_fifo.mem/gdm.dm_gen.dm/RAM_reg_0_15_6_11/ADDRD2
    SLICE_X30Y40         RAMD32                                       r  dbg_hub/inst/BSCANID.u_xsdbm_id/CORE_XSDB.UUT_MASTER/U_ICON_INTERFACE/U_CMD6_WR/U_WR_FIFO/SUBCORE_FIFO.xsdbm_v3_0_0_wrfifo_inst/inst_fifo_gen/gconvfifo.rf/grf.rf/gntv_or_sync_fifo.mem/gdm.dm_gen.dm/RAM_reg_0_15_6_11/RAMA/WADR2
  -------------------------------------------------------------------    -------------------

                         (clock dbg_hub/inst/BSCANID.u_xsdbm_id/SWITCH_N_EXT_BSCAN.bscan_inst/SERIES7_BSCAN.bscan_inst/TCK rise edge)
                                                      0.000     0.000 r  
    BSCAN_X0Y0           BSCANE2                      0.000     0.000 r  dbg_hub/inst/BSCANID.u_xsdbm_id/SWITCH_N_EXT_BSCAN.bscan_inst/SERIES7_BSCAN.bscan_inst/TCK
                         net (fo=1, routed)           0.791     0.791    dbg_hub/inst/BSCANID.u_xsdbm_id/tck_bs
    BUFGCTRL_X0Y1        BUFG (Prop_bufg_I_O)         0.029     0.820 r  dbg_hub/inst/BSCANID.u_xsdbm_id/SWITCH_N_EXT_BSCAN.u_bufg_icon_tck/O
                         net (fo=482, routed)         0.831     1.651    dbg_hub/inst/BSCANID.u_xsdbm_id/CORE_XSDB.UUT_MASTER/U_ICON_INTERFACE/U_CMD6_WR/U_WR_FIFO/SUBCORE_FIFO.xsdbm_v3_0_0_wrfifo_inst/inst_fifo_gen/gconvfifo.rf/grf.rf/gntv_or_sync_fifo.mem/gdm.dm_gen.dm/RAM_reg_0_15_6_11/WCLK
    SLICE_X30Y40         RAMD32                                       r  dbg_hub/inst/BSCANID.u_xsdbm_id/CORE_XSDB.UUT_MASTER/U_ICON_INTERFACE/U_CMD6_WR/U_WR_FIFO/SUBCORE_FIFO.xsdbm_v3_0_0_wrfifo_inst/inst_fifo_gen/gconvfifo.rf/grf.rf/gntv_or_sync_fifo.mem/gdm.dm_gen.dm/RAM_reg_0_15_6_11/RAMA/CLK
                         clock pessimism             -0.362     1.289    
    SLICE_X30Y40         RAMD32 (Hold_ramd32_CLK_WADR2)
                                                      0.254     1.543    dbg_hub/inst/BSCANID.u_xsdbm_id/CORE_XSDB.UUT_MASTER/U_ICON_INTERFACE/U_CMD6_WR/U_WR_FIFO/SUBCORE_FIFO.xsdbm_v3_0_0_wrfifo_inst/inst_fifo_gen/gconvfifo.rf/grf.rf/gntv_or_sync_fifo.mem/gdm.dm_gen.dm/RAM_reg_0_15_6_11/RAMA
  -------------------------------------------------------------------
                         required time                         -1.543    
                         arrival time                           1.653    
  -------------------------------------------------------------------
                         slack                                  0.111    





Pulse Width Checks
--------------------------------------------------------------------------------------
Clock Name:         dbg_hub/inst/BSCANID.u_xsdbm_id/SWITCH_N_EXT_BSCAN.bscan_inst/SERIES7_BSCAN.bscan_inst/TCK
Waveform(ns):       { 0.000 16.500 }
Period(ns):         33.000
Sources:            { dbg_hub/inst/BSCANID.u_xsdbm_id/SWITCH_N_EXT_BSCAN.bscan_inst/SERIES7_BSCAN.bscan_inst/TCK }

Check Type        Corner  Lib Pin     Reference Pin  Required(ns)  Actual(ns)  Slack(ns)  Location       Pin
Min Period        n/a     BUFG/I      n/a            2.155         33.000      30.845     BUFGCTRL_X0Y1  dbg_hub/inst/BSCANID.u_xsdbm_id/SWITCH_N_EXT_BSCAN.u_bufg_icon_tck/I
Min Period        n/a     FDRE/C      n/a            1.000         33.000      32.000     SLICE_X41Y55   dbg_hub/inst/BSCANID.u_xsdbm_id/SWITCH_N_EXT_BSCAN.bscanid_reg[0]/C
Min Period        n/a     FDRE/C      n/a            1.000         33.000      32.000     SLICE_X40Y56   dbg_hub/inst/BSCANID.u_xsdbm_id/SWITCH_N_EXT_BSCAN.bscanid_reg[10]/C
Min Period        n/a     FDRE/C      n/a            1.000         33.000      32.000     SLICE_X41Y56   dbg_hub/inst/BSCANID.u_xsdbm_id/SWITCH_N_EXT_BSCAN.bscanid_reg[11]/C
Min Period        n/a     FDRE/C      n/a            1.000         33.000      32.000     SLICE_X41Y56   dbg_hub/inst/BSCANID.u_xsdbm_id/SWITCH_N_EXT_BSCAN.bscanid_reg[12]/C
Min Period        n/a     FDRE/C      n/a            1.000         33.000      32.000     SLICE_X41Y56   dbg_hub/inst/BSCANID.u_xsdbm_id/SWITCH_N_EXT_BSCAN.bscanid_reg[13]/C
Min Period        n/a     FDRE/C      n/a            1.000         33.000      32.000     SLICE_X41Y56   dbg_hub/inst/BSCANID.u_xsdbm_id/SWITCH_N_EXT_BSCAN.bscanid_reg[14]/C
Min Period        n/a     FDRE/C      n/a            1.000         33.000      32.000     SLICE_X42Y56   dbg_hub/inst/BSCANID.u_xsdbm_id/SWITCH_N_EXT_BSCAN.bscanid_reg[15]/C
Min Period        n/a     FDRE/C      n/a            1.000         33.000      32.000     SLICE_X42Y56   dbg_hub/inst/BSCANID.u_xsdbm_id/SWITCH_N_EXT_BSCAN.bscanid_reg[16]/C
Min Period        n/a     FDRE/C      n/a            1.000         33.000      32.000     SLICE_X43Y56   dbg_hub/inst/BSCANID.u_xsdbm_id/SWITCH_N_EXT_BSCAN.bscanid_reg[17]/C
Low Pulse Width   Slow    RAMD32/CLK  n/a            1.250         16.500      15.250     SLICE_X34Y40   dbg_hub/inst/BSCANID.u_xsdbm_id/CORE_XSDB.UUT_MASTER/U_ICON_INTERFACE/U_CMD6_WR/U_WR_FIFO/SUBCORE_FIFO.xsdbm_v3_0_0_wrfifo_inst/inst_fifo_gen/gconvfifo.rf/grf.rf/gntv_or_sync_fifo.mem/gdm.dm_gen.dm/RAM_reg_0_15_0_5/RAMA/CLK
Low Pulse Width   Fast    RAMD32/CLK  n/a            1.250         16.500      15.250     SLICE_X34Y40   dbg_hub/inst/BSCANID.u_xsdbm_id/CORE_XSDB.UUT_MASTER/U_ICON_INTERFACE/U_CMD6_WR/U_WR_FIFO/SUBCORE_FIFO.xsdbm_v3_0_0_wrfifo_inst/inst_fifo_gen/gconvfifo.rf/grf.rf/gntv_or_sync_fifo.mem/gdm.dm_gen.dm/RAM_reg_0_15_0_5/RAMA/CLK
Low Pulse Width   Slow    RAMD32/CLK  n/a            1.250         16.500      15.250     SLICE_X34Y40   dbg_hub/inst/BSCANID.u_xsdbm_id/CORE_XSDB.UUT_MASTER/U_ICON_INTERFACE/U_CMD6_WR/U_WR_FIFO/SUBCORE_FIFO.xsdbm_v3_0_0_wrfifo_inst/inst_fifo_gen/gconvfifo.rf/grf.rf/gntv_or_sync_fifo.mem/gdm.dm_gen.dm/RAM_reg_0_15_0_5/RAMA_D1/CLK
Low Pulse Width   Fast    RAMD32/CLK  n/a            1.250         16.500      15.250     SLICE_X34Y40   dbg_hub/inst/BSCANID.u_xsdbm_id/CORE_XSDB.UUT_MASTER/U_ICON_INTERFACE/U_CMD6_WR/U_WR_FIFO/SUBCORE_FIFO.xsdbm_v3_0_0_wrfifo_inst/inst_fifo_gen/gconvfifo.rf/grf.rf/gntv_or_sync_fifo.mem/gdm.dm_gen.dm/RAM_reg_0_15_0_5/RAMA_D1/CLK
Low Pulse Width   Slow    RAMD32/CLK  n/a            1.250         16.500      15.250     SLICE_X34Y40   dbg_hub/inst/BSCANID.u_xsdbm_id/CORE_XSDB.UUT_MASTER/U_ICON_INTERFACE/U_CMD6_WR/U_WR_FIFO/SUBCORE_FIFO.xsdbm_v3_0_0_wrfifo_inst/inst_fifo_gen/gconvfifo.rf/grf.rf/gntv_or_sync_fifo.mem/gdm.dm_gen.dm/RAM_reg_0_15_0_5/RAMB/CLK
Low Pulse Width   Fast    RAMD32/CLK  n/a            1.250         16.500      15.250     SLICE_X34Y40   dbg_hub/inst/BSCANID.u_xsdbm_id/CORE_XSDB.UUT_MASTER/U_ICON_INTERFACE/U_CMD6_WR/U_WR_FIFO/SUBCORE_FIFO.xsdbm_v3_0_0_wrfifo_inst/inst_fifo_gen/gconvfifo.rf/grf.rf/gntv_or_sync_fifo.mem/gdm.dm_gen.dm/RAM_reg_0_15_0_5/RAMB/CLK
Low Pulse Width   Slow    RAMD32/CLK  n/a            1.250         16.500      15.250     SLICE_X34Y40   dbg_hub/inst/BSCANID.u_xsdbm_id/CORE_XSDB.UUT_MASTER/U_ICON_INTERFACE/U_CMD6_WR/U_WR_FIFO/SUBCORE_FIFO.xsdbm_v3_0_0_wrfifo_inst/inst_fifo_gen/gconvfifo.rf/grf.rf/gntv_or_sync_fifo.mem/gdm.dm_gen.dm/RAM_reg_0_15_0_5/RAMB_D1/CLK
Low Pulse Width   Fast    RAMD32/CLK  n/a            1.250         16.500      15.250     SLICE_X34Y40   dbg_hub/inst/BSCANID.u_xsdbm_id/CORE_XSDB.UUT_MASTER/U_ICON_INTERFACE/U_CMD6_WR/U_WR_FIFO/SUBCORE_FIFO.xsdbm_v3_0_0_wrfifo_inst/inst_fifo_gen/gconvfifo.rf/grf.rf/gntv_or_sync_fifo.mem/gdm.dm_gen.dm/RAM_reg_0_15_0_5/RAMB_D1/CLK
Low Pulse Width   Slow    RAMD32/CLK  n/a            1.250         16.500      15.250     SLICE_X34Y40   dbg_hub/inst/BSCANID.u_xsdbm_id/CORE_XSDB.UUT_MASTER/U_ICON_INTERFACE/U_CMD6_WR/U_WR_FIFO/SUBCORE_FIFO.xsdbm_v3_0_0_wrfifo_inst/inst_fifo_gen/gconvfifo.rf/grf.rf/gntv_or_sync_fifo.mem/gdm.dm_gen.dm/RAM_reg_0_15_0_5/RAMC/CLK
Low Pulse Width   Fast    RAMD32/CLK  n/a            1.250         16.500      15.250     SLICE_X34Y40   dbg_hub/inst/BSCANID.u_xsdbm_id/CORE_XSDB.UUT_MASTER/U_ICON_INTERFACE/U_CMD6_WR/U_WR_FIFO/SUBCORE_FIFO.xsdbm_v3_0_0_wrfifo_inst/inst_fifo_gen/gconvfifo.rf/grf.rf/gntv_or_sync_fifo.mem/gdm.dm_gen.dm/RAM_reg_0_15_0_5/RAMC/CLK
High Pulse Width  Slow    RAMD32/CLK  n/a            1.250         16.500      15.250     SLICE_X34Y40   dbg_hub/inst/BSCANID.u_xsdbm_id/CORE_XSDB.UUT_MASTER/U_ICON_INTERFACE/U_CMD6_WR/U_WR_FIFO/SUBCORE_FIFO.xsdbm_v3_0_0_wrfifo_inst/inst_fifo_gen/gconvfifo.rf/grf.rf/gntv_or_sync_fifo.mem/gdm.dm_gen.dm/RAM_reg_0_15_0_5/RAMA/CLK
High Pulse Width  Fast    RAMD32/CLK  n/a            1.250         16.500      15.250     SLICE_X34Y40   dbg_hub/inst/BSCANID.u_xsdbm_id/CORE_XSDB.UUT_MASTER/U_ICON_INTERFACE/U_CMD6_WR/U_WR_FIFO/SUBCORE_FIFO.xsdbm_v3_0_0_wrfifo_inst/inst_fifo_gen/gconvfifo.rf/grf.rf/gntv_or_sync_fifo.mem/gdm.dm_gen.dm/RAM_reg_0_15_0_5/RAMA/CLK
High Pulse Width  Slow    RAMD32/CLK  n/a            1.250         16.500      15.250     SLICE_X34Y40   dbg_hub/inst/BSCANID.u_xsdbm_id/CORE_XSDB.UUT_MASTER/U_ICON_INTERFACE/U_CMD6_WR/U_WR_FIFO/SUBCORE_FIFO.xsdbm_v3_0_0_wrfifo_inst/inst_fifo_gen/gconvfifo.rf/grf.rf/gntv_or_sync_fifo.mem/gdm.dm_gen.dm/RAM_reg_0_15_0_5/RAMA_D1/CLK
High Pulse Width  Fast    RAMD32/CLK  n/a            1.250         16.500      15.250     SLICE_X34Y40   dbg_hub/inst/BSCANID.u_xsdbm_id/CORE_XSDB.UUT_MASTER/U_ICON_INTERFACE/U_CMD6_WR/U_WR_FIFO/SUBCORE_FIFO.xsdbm_v3_0_0_wrfifo_inst/inst_fifo_gen/gconvfifo.rf/grf.rf/gntv_or_sync_fifo.mem/gdm.dm_gen.dm/RAM_reg_0_15_0_5/RAMA_D1/CLK
High Pulse Width  Slow    RAMD32/CLK  n/a            1.250         16.500      15.250     SLICE_X34Y40   dbg_hub/inst/BSCANID.u_xsdbm_id/CORE_XSDB.UUT_MASTER/U_ICON_INTERFACE/U_CMD6_WR/U_WR_FIFO/SUBCORE_FIFO.xsdbm_v3_0_0_wrfifo_inst/inst_fifo_gen/gconvfifo.rf/grf.rf/gntv_or_sync_fifo.mem/gdm.dm_gen.dm/RAM_reg_0_15_0_5/RAMB/CLK
High Pulse Width  Fast    RAMD32/CLK  n/a            1.250         16.500      15.250     SLICE_X34Y40   dbg_hub/inst/BSCANID.u_xsdbm_id/CORE_XSDB.UUT_MASTER/U_ICON_INTERFACE/U_CMD6_WR/U_WR_FIFO/SUBCORE_FIFO.xsdbm_v3_0_0_wrfifo_inst/inst_fifo_gen/gconvfifo.rf/grf.rf/gntv_or_sync_fifo.mem/gdm.dm_gen.dm/RAM_reg_0_15_0_5/RAMB/CLK
High Pulse Width  Slow    RAMD32/CLK  n/a            1.250         16.500      15.250     SLICE_X34Y40   dbg_hub/inst/BSCANID.u_xsdbm_id/CORE_XSDB.UUT_MASTER/U_ICON_INTERFACE/U_CMD6_WR/U_WR_FIFO/SUBCORE_FIFO.xsdbm_v3_0_0_wrfifo_inst/inst_fifo_gen/gconvfifo.rf/grf.rf/gntv_or_sync_fifo.mem/gdm.dm_gen.dm/RAM_reg_0_15_0_5/RAMB_D1/CLK
High Pulse Width  Fast    RAMD32/CLK  n/a            1.250         16.500      15.250     SLICE_X34Y40   dbg_hub/inst/BSCANID.u_xsdbm_id/CORE_XSDB.UUT_MASTER/U_ICON_INTERFACE/U_CMD6_WR/U_WR_FIFO/SUBCORE_FIFO.xsdbm_v3_0_0_wrfifo_inst/inst_fifo_gen/gconvfifo.rf/grf.rf/gntv_or_sync_fifo.mem/gdm.dm_gen.dm/RAM_reg_0_15_0_5/RAMB_D1/CLK
High Pulse Width  Slow    RAMD32/CLK  n/a            1.250         16.500      15.250     SLICE_X34Y40   dbg_hub/inst/BSCANID.u_xsdbm_id/CORE_XSDB.UUT_MASTER/U_ICON_INTERFACE/U_CMD6_WR/U_WR_FIFO/SUBCORE_FIFO.xsdbm_v3_0_0_wrfifo_inst/inst_fifo_gen/gconvfifo.rf/grf.rf/gntv_or_sync_fifo.mem/gdm.dm_gen.dm/RAM_reg_0_15_0_5/RAMC/CLK
High Pulse Width  Fast    RAMD32/CLK  n/a            1.250         16.500      15.250     SLICE_X34Y40   dbg_hub/inst/BSCANID.u_xsdbm_id/CORE_XSDB.UUT_MASTER/U_ICON_INTERFACE/U_CMD6_WR/U_WR_FIFO/SUBCORE_FIFO.xsdbm_v3_0_0_wrfifo_inst/inst_fifo_gen/gconvfifo.rf/grf.rf/gntv_or_sync_fifo.mem/gdm.dm_gen.dm/RAM_reg_0_15_0_5/RAMC/CLK



---------------------------------------------------------------------------------------------------
Path Group:  **async_default**
From Clock:  dbg_hub/inst/BSCANID.u_xsdbm_id/SWITCH_N_EXT_BSCAN.bscan_inst/SERIES7_BSCAN.bscan_inst/TCK
  To Clock:  dbg_hub/inst/BSCANID.u_xsdbm_id/SWITCH_N_EXT_BSCAN.bscan_inst/SERIES7_BSCAN.bscan_inst/TCK

Setup :            0  Failing Endpoints,  Worst Slack       28.626ns,  Total Violation        0.000ns
Hold  :            0  Failing Endpoints,  Worst Slack        0.361ns,  Total Violation        0.000ns
---------------------------------------------------------------------------------------------------


Max Delay Paths
--------------------------------------------------------------------------------------
Slack (MET) :             28.626ns  (required time - arrival time)
  Source:                 dbg_hub/inst/BSCANID.u_xsdbm_id/SWITCH_N_EXT_BSCAN.bscan_switch/portno_reg[1]/C
                            (rising edge-triggered cell FDRE clocked by dbg_hub/inst/BSCANID.u_xsdbm_id/SWITCH_N_EXT_BSCAN.bscan_inst/SERIES7_BSCAN.bscan_inst/TCK  {rise@0.000ns fall@16.500ns period=33.000ns})
  Destination:            dbg_hub/inst/BSCANID.u_xsdbm_id/CORE_XSDB.U_ICON/U_CMD/iTARGET_reg[11]/CLR
                            (recovery check against rising-edge clock dbg_hub/inst/BSCANID.u_xsdbm_id/SWITCH_N_EXT_BSCAN.bscan_inst/SERIES7_BSCAN.bscan_inst/TCK  {rise@0.000ns fall@16.500ns period=33.000ns})
  Path Group:             **async_default**
  Path Type:              Recovery (Max at Slow Process Corner)
  Requirement:            33.000ns  (dbg_hub/inst/BSCANID.u_xsdbm_id/SWITCH_N_EXT_BSCAN.bscan_inst/SERIES7_BSCAN.bscan_inst/TCK rise@33.000ns - dbg_hub/inst/BSCANID.u_xsdbm_id/SWITCH_N_EXT_BSCAN.bscan_inst/SERIES7_BSCAN.bscan_inst/TCK rise@0.000ns)
  Data Path Delay:        3.893ns  (logic 1.058ns (27.179%)  route 2.835ns (72.821%))
  Logic Levels:           3  (LUT1=1 LUT4=1 LUT6=1)
  Clock Path Skew:        -0.041ns (DCD - SCD + CPR)
    Destination Clock Delay (DCD):    3.013ns = ( 36.013 - 33.000 ) 
    Source Clock Delay      (SCD):    3.378ns
    Clock Pessimism Removal (CPR):    0.324ns
  Clock Uncertainty:      0.035ns  ((TSJ^2 + TIJ^2)^1/2 + DJ) / 2 + PE
    Total System Jitter     (TSJ):    0.071ns
    Total Input Jitter      (TIJ):    0.000ns
    Discrete Jitter          (DJ):    0.000ns
    Phase Error              (PE):    0.000ns

    Location             Delay type                Incr(ns)  Path(ns)    Netlist Resource(s)
  -------------------------------------------------------------------    -------------------
                         (clock dbg_hub/inst/BSCANID.u_xsdbm_id/SWITCH_N_EXT_BSCAN.bscan_inst/SERIES7_BSCAN.bscan_inst/TCK rise edge)
                                                      0.000     0.000 r  
    BSCAN_X0Y0           BSCANE2                      0.000     0.000 r  dbg_hub/inst/BSCANID.u_xsdbm_id/SWITCH_N_EXT_BSCAN.bscan_inst/SERIES7_BSCAN.bscan_inst/TCK
                         net (fo=1, routed)           1.728     1.728    dbg_hub/inst/BSCANID.u_xsdbm_id/tck_bs
    BUFGCTRL_X0Y1        BUFG (Prop_bufg_I_O)         0.096     1.824 r  dbg_hub/inst/BSCANID.u_xsdbm_id/SWITCH_N_EXT_BSCAN.u_bufg_icon_tck/O
                         net (fo=482, routed)         1.554     3.378    dbg_hub/inst/BSCANID.u_xsdbm_id/SWITCH_N_EXT_BSCAN.bscan_switch/s_bscan_tck
    SLICE_X45Y58         FDRE                                         r  dbg_hub/inst/BSCANID.u_xsdbm_id/SWITCH_N_EXT_BSCAN.bscan_switch/portno_reg[1]/C
  -------------------------------------------------------------------    -------------------
    SLICE_X45Y58         FDRE (Prop_fdre_C_Q)         0.456     3.834 f  dbg_hub/inst/BSCANID.u_xsdbm_id/SWITCH_N_EXT_BSCAN.bscan_switch/portno_reg[1]/Q
                         net (fo=1, routed)           0.855     4.689    dbg_hub/inst/BSCANID.u_xsdbm_id/SWITCH_N_EXT_BSCAN.bscan_switch/portno[1]
    SLICE_X45Y58         LUT6 (Prop_lut6_I3_O)        0.124     4.813 f  dbg_hub/inst/BSCANID.u_xsdbm_id/SWITCH_N_EXT_BSCAN.bscan_switch/m_bscan_drck[0]_INST_0_i_1/O
                         net (fo=5, routed)           0.766     5.580    dbg_hub/inst/BSCANID.u_xsdbm_id/SWITCH_N_EXT_BSCAN.bscan_switch/m_bscan_drck[0]_INST_0_i_1_n_0
    SLICE_X38Y58         LUT4 (Prop_lut4_I3_O)        0.150     5.730 r  dbg_hub/inst/BSCANID.u_xsdbm_id/SWITCH_N_EXT_BSCAN.bscan_switch/m_bscan_sel[0]_INST_0/O
                         net (fo=2, routed)           0.725     6.454    dbg_hub/inst/BSCANID.u_xsdbm_id/CORE_XSDB.U_ICON/U_CMD/iTARGET_reg[6]_0
    SLICE_X39Y55         LUT1 (Prop_lut1_I0_O)        0.328     6.782 f  dbg_hub/inst/BSCANID.u_xsdbm_id/CORE_XSDB.U_ICON/U_CMD/iTARGET[15]_i_2/O
                         net (fo=10, routed)          0.488     7.271    dbg_hub/inst/BSCANID.u_xsdbm_id/CORE_XSDB.U_ICON/U_CMD/iSEL_n
    SLICE_X39Y54         FDCE                                         f  dbg_hub/inst/BSCANID.u_xsdbm_id/CORE_XSDB.U_ICON/U_CMD/iTARGET_reg[11]/CLR
  -------------------------------------------------------------------    -------------------

                         (clock dbg_hub/inst/BSCANID.u_xsdbm_id/SWITCH_N_EXT_BSCAN.bscan_inst/SERIES7_BSCAN.bscan_inst/TCK rise edge)
                                                     33.000    33.000 r  
    BSCAN_X0Y0           BSCANE2                      0.000    33.000 r  dbg_hub/inst/BSCANID.u_xsdbm_id/SWITCH_N_EXT_BSCAN.bscan_inst/SERIES7_BSCAN.bscan_inst/TCK
                         net (fo=1, routed)           1.487    34.487    dbg_hub/inst/BSCANID.u_xsdbm_id/tck_bs
    BUFGCTRL_X0Y1        BUFG (Prop_bufg_I_O)         0.091    34.578 r  dbg_hub/inst/BSCANID.u_xsdbm_id/SWITCH_N_EXT_BSCAN.u_bufg_icon_tck/O
                         net (fo=482, routed)         1.435    36.013    dbg_hub/inst/BSCANID.u_xsdbm_id/CORE_XSDB.U_ICON/U_CMD/m_bscan_tck[0]
    SLICE_X39Y54         FDCE                                         r  dbg_hub/inst/BSCANID.u_xsdbm_id/CORE_XSDB.U_ICON/U_CMD/iTARGET_reg[11]/C
                         clock pessimism              0.324    36.337    
                         clock uncertainty           -0.035    36.302    
    SLICE_X39Y54         FDCE (Recov_fdce_C_CLR)     -0.405    35.897    dbg_hub/inst/BSCANID.u_xsdbm_id/CORE_XSDB.U_ICON/U_CMD/iTARGET_reg[11]
  -------------------------------------------------------------------
                         required time                         35.897    
                         arrival time                          -7.271    
  -------------------------------------------------------------------
                         slack                                 28.626    

Slack (MET) :             28.626ns  (required time - arrival time)
  Source:                 dbg_hub/inst/BSCANID.u_xsdbm_id/SWITCH_N_EXT_BSCAN.bscan_switch/portno_reg[1]/C
                            (rising edge-triggered cell FDRE clocked by dbg_hub/inst/BSCANID.u_xsdbm_id/SWITCH_N_EXT_BSCAN.bscan_inst/SERIES7_BSCAN.bscan_inst/TCK  {rise@0.000ns fall@16.500ns period=33.000ns})
  Destination:            dbg_hub/inst/BSCANID.u_xsdbm_id/CORE_XSDB.U_ICON/U_CMD/iTARGET_reg[12]/CLR
                            (recovery check against rising-edge clock dbg_hub/inst/BSCANID.u_xsdbm_id/SWITCH_N_EXT_BSCAN.bscan_inst/SERIES7_BSCAN.bscan_inst/TCK  {rise@0.000ns fall@16.500ns period=33.000ns})
  Path Group:             **async_default**
  Path Type:              Recovery (Max at Slow Process Corner)
  Requirement:            33.000ns  (dbg_hub/inst/BSCANID.u_xsdbm_id/SWITCH_N_EXT_BSCAN.bscan_inst/SERIES7_BSCAN.bscan_inst/TCK rise@33.000ns - dbg_hub/inst/BSCANID.u_xsdbm_id/SWITCH_N_EXT_BSCAN.bscan_inst/SERIES7_BSCAN.bscan_inst/TCK rise@0.000ns)
  Data Path Delay:        3.893ns  (logic 1.058ns (27.179%)  route 2.835ns (72.821%))
  Logic Levels:           3  (LUT1=1 LUT4=1 LUT6=1)
  Clock Path Skew:        -0.041ns (DCD - SCD + CPR)
    Destination Clock Delay (DCD):    3.013ns = ( 36.013 - 33.000 ) 
    Source Clock Delay      (SCD):    3.378ns
    Clock Pessimism Removal (CPR):    0.324ns
  Clock Uncertainty:      0.035ns  ((TSJ^2 + TIJ^2)^1/2 + DJ) / 2 + PE
    Total System Jitter     (TSJ):    0.071ns
    Total Input Jitter      (TIJ):    0.000ns
    Discrete Jitter          (DJ):    0.000ns
    Phase Error              (PE):    0.000ns

    Location             Delay type                Incr(ns)  Path(ns)    Netlist Resource(s)
  -------------------------------------------------------------------    -------------------
                         (clock dbg_hub/inst/BSCANID.u_xsdbm_id/SWITCH_N_EXT_BSCAN.bscan_inst/SERIES7_BSCAN.bscan_inst/TCK rise edge)
                                                      0.000     0.000 r  
    BSCAN_X0Y0           BSCANE2                      0.000     0.000 r  dbg_hub/inst/BSCANID.u_xsdbm_id/SWITCH_N_EXT_BSCAN.bscan_inst/SERIES7_BSCAN.bscan_inst/TCK
                         net (fo=1, routed)           1.728     1.728    dbg_hub/inst/BSCANID.u_xsdbm_id/tck_bs
    BUFGCTRL_X0Y1        BUFG (Prop_bufg_I_O)         0.096     1.824 r  dbg_hub/inst/BSCANID.u_xsdbm_id/SWITCH_N_EXT_BSCAN.u_bufg_icon_tck/O
                         net (fo=482, routed)         1.554     3.378    dbg_hub/inst/BSCANID.u_xsdbm_id/SWITCH_N_EXT_BSCAN.bscan_switch/s_bscan_tck
    SLICE_X45Y58         FDRE                                         r  dbg_hub/inst/BSCANID.u_xsdbm_id/SWITCH_N_EXT_BSCAN.bscan_switch/portno_reg[1]/C
  -------------------------------------------------------------------    -------------------
    SLICE_X45Y58         FDRE (Prop_fdre_C_Q)         0.456     3.834 f  dbg_hub/inst/BSCANID.u_xsdbm_id/SWITCH_N_EXT_BSCAN.bscan_switch/portno_reg[1]/Q
                         net (fo=1, routed)           0.855     4.689    dbg_hub/inst/BSCANID.u_xsdbm_id/SWITCH_N_EXT_BSCAN.bscan_switch/portno[1]
    SLICE_X45Y58         LUT6 (Prop_lut6_I3_O)        0.124     4.813 f  dbg_hub/inst/BSCANID.u_xsdbm_id/SWITCH_N_EXT_BSCAN.bscan_switch/m_bscan_drck[0]_INST_0_i_1/O
                         net (fo=5, routed)           0.766     5.580    dbg_hub/inst/BSCANID.u_xsdbm_id/SWITCH_N_EXT_BSCAN.bscan_switch/m_bscan_drck[0]_INST_0_i_1_n_0
    SLICE_X38Y58         LUT4 (Prop_lut4_I3_O)        0.150     5.730 r  dbg_hub/inst/BSCANID.u_xsdbm_id/SWITCH_N_EXT_BSCAN.bscan_switch/m_bscan_sel[0]_INST_0/O
                         net (fo=2, routed)           0.725     6.454    dbg_hub/inst/BSCANID.u_xsdbm_id/CORE_XSDB.U_ICON/U_CMD/iTARGET_reg[6]_0
    SLICE_X39Y55         LUT1 (Prop_lut1_I0_O)        0.328     6.782 f  dbg_hub/inst/BSCANID.u_xsdbm_id/CORE_XSDB.U_ICON/U_CMD/iTARGET[15]_i_2/O
                         net (fo=10, routed)          0.488     7.271    dbg_hub/inst/BSCANID.u_xsdbm_id/CORE_XSDB.U_ICON/U_CMD/iSEL_n
    SLICE_X39Y54         FDCE                                         f  dbg_hub/inst/BSCANID.u_xsdbm_id/CORE_XSDB.U_ICON/U_CMD/iTARGET_reg[12]/CLR
  -------------------------------------------------------------------    -------------------

                         (clock dbg_hub/inst/BSCANID.u_xsdbm_id/SWITCH_N_EXT_BSCAN.bscan_inst/SERIES7_BSCAN.bscan_inst/TCK rise edge)
                                                     33.000    33.000 r  
    BSCAN_X0Y0           BSCANE2                      0.000    33.000 r  dbg_hub/inst/BSCANID.u_xsdbm_id/SWITCH_N_EXT_BSCAN.bscan_inst/SERIES7_BSCAN.bscan_inst/TCK
                         net (fo=1, routed)           1.487    34.487    dbg_hub/inst/BSCANID.u_xsdbm_id/tck_bs
    BUFGCTRL_X0Y1        BUFG (Prop_bufg_I_O)         0.091    34.578 r  dbg_hub/inst/BSCANID.u_xsdbm_id/SWITCH_N_EXT_BSCAN.u_bufg_icon_tck/O
                         net (fo=482, routed)         1.435    36.013    dbg_hub/inst/BSCANID.u_xsdbm_id/CORE_XSDB.U_ICON/U_CMD/m_bscan_tck[0]
    SLICE_X39Y54         FDCE                                         r  dbg_hub/inst/BSCANID.u_xsdbm_id/CORE_XSDB.U_ICON/U_CMD/iTARGET_reg[12]/C
                         clock pessimism              0.324    36.337    
                         clock uncertainty           -0.035    36.302    
    SLICE_X39Y54         FDCE (Recov_fdce_C_CLR)     -0.405    35.897    dbg_hub/inst/BSCANID.u_xsdbm_id/CORE_XSDB.U_ICON/U_CMD/iTARGET_reg[12]
  -------------------------------------------------------------------
                         required time                         35.897    
                         arrival time                          -7.271    
  -------------------------------------------------------------------
                         slack                                 28.626    

Slack (MET) :             28.626ns  (required time - arrival time)
  Source:                 dbg_hub/inst/BSCANID.u_xsdbm_id/SWITCH_N_EXT_BSCAN.bscan_switch/portno_reg[1]/C
                            (rising edge-triggered cell FDRE clocked by dbg_hub/inst/BSCANID.u_xsdbm_id/SWITCH_N_EXT_BSCAN.bscan_inst/SERIES7_BSCAN.bscan_inst/TCK  {rise@0.000ns fall@16.500ns period=33.000ns})
  Destination:            dbg_hub/inst/BSCANID.u_xsdbm_id/CORE_XSDB.U_ICON/U_CMD/iTARGET_reg[13]/CLR
                            (recovery check against rising-edge clock dbg_hub/inst/BSCANID.u_xsdbm_id/SWITCH_N_EXT_BSCAN.bscan_inst/SERIES7_BSCAN.bscan_inst/TCK  {rise@0.000ns fall@16.500ns period=33.000ns})
  Path Group:             **async_default**
  Path Type:              Recovery (Max at Slow Process Corner)
  Requirement:            33.000ns  (dbg_hub/inst/BSCANID.u_xsdbm_id/SWITCH_N_EXT_BSCAN.bscan_inst/SERIES7_BSCAN.bscan_inst/TCK rise@33.000ns - dbg_hub/inst/BSCANID.u_xsdbm_id/SWITCH_N_EXT_BSCAN.bscan_inst/SERIES7_BSCAN.bscan_inst/TCK rise@0.000ns)
  Data Path Delay:        3.893ns  (logic 1.058ns (27.179%)  route 2.835ns (72.821%))
  Logic Levels:           3  (LUT1=1 LUT4=1 LUT6=1)
  Clock Path Skew:        -0.041ns (DCD - SCD + CPR)
    Destination Clock Delay (DCD):    3.013ns = ( 36.013 - 33.000 ) 
    Source Clock Delay      (SCD):    3.378ns
    Clock Pessimism Removal (CPR):    0.324ns
  Clock Uncertainty:      0.035ns  ((TSJ^2 + TIJ^2)^1/2 + DJ) / 2 + PE
    Total System Jitter     (TSJ):    0.071ns
    Total Input Jitter      (TIJ):    0.000ns
    Discrete Jitter          (DJ):    0.000ns
    Phase Error              (PE):    0.000ns

    Location             Delay type                Incr(ns)  Path(ns)    Netlist Resource(s)
  -------------------------------------------------------------------    -------------------
                         (clock dbg_hub/inst/BSCANID.u_xsdbm_id/SWITCH_N_EXT_BSCAN.bscan_inst/SERIES7_BSCAN.bscan_inst/TCK rise edge)
                                                      0.000     0.000 r  
    BSCAN_X0Y0           BSCANE2                      0.000     0.000 r  dbg_hub/inst/BSCANID.u_xsdbm_id/SWITCH_N_EXT_BSCAN.bscan_inst/SERIES7_BSCAN.bscan_inst/TCK
                         net (fo=1, routed)           1.728     1.728    dbg_hub/inst/BSCANID.u_xsdbm_id/tck_bs
    BUFGCTRL_X0Y1        BUFG (Prop_bufg_I_O)         0.096     1.824 r  dbg_hub/inst/BSCANID.u_xsdbm_id/SWITCH_N_EXT_BSCAN.u_bufg_icon_tck/O
                         net (fo=482, routed)         1.554     3.378    dbg_hub/inst/BSCANID.u_xsdbm_id/SWITCH_N_EXT_BSCAN.bscan_switch/s_bscan_tck
    SLICE_X45Y58         FDRE                                         r  dbg_hub/inst/BSCANID.u_xsdbm_id/SWITCH_N_EXT_BSCAN.bscan_switch/portno_reg[1]/C
  -------------------------------------------------------------------    -------------------
    SLICE_X45Y58         FDRE (Prop_fdre_C_Q)         0.456     3.834 f  dbg_hub/inst/BSCANID.u_xsdbm_id/SWITCH_N_EXT_BSCAN.bscan_switch/portno_reg[1]/Q
                         net (fo=1, routed)           0.855     4.689    dbg_hub/inst/BSCANID.u_xsdbm_id/SWITCH_N_EXT_BSCAN.bscan_switch/portno[1]
    SLICE_X45Y58         LUT6 (Prop_lut6_I3_O)        0.124     4.813 f  dbg_hub/inst/BSCANID.u_xsdbm_id/SWITCH_N_EXT_BSCAN.bscan_switch/m_bscan_drck[0]_INST_0_i_1/O
                         net (fo=5, routed)           0.766     5.580    dbg_hub/inst/BSCANID.u_xsdbm_id/SWITCH_N_EXT_BSCAN.bscan_switch/m_bscan_drck[0]_INST_0_i_1_n_0
    SLICE_X38Y58         LUT4 (Prop_lut4_I3_O)        0.150     5.730 r  dbg_hub/inst/BSCANID.u_xsdbm_id/SWITCH_N_EXT_BSCAN.bscan_switch/m_bscan_sel[0]_INST_0/O
                         net (fo=2, routed)           0.725     6.454    dbg_hub/inst/BSCANID.u_xsdbm_id/CORE_XSDB.U_ICON/U_CMD/iTARGET_reg[6]_0
    SLICE_X39Y55         LUT1 (Prop_lut1_I0_O)        0.328     6.782 f  dbg_hub/inst/BSCANID.u_xsdbm_id/CORE_XSDB.U_ICON/U_CMD/iTARGET[15]_i_2/O
                         net (fo=10, routed)          0.488     7.271    dbg_hub/inst/BSCANID.u_xsdbm_id/CORE_XSDB.U_ICON/U_CMD/iSEL_n
    SLICE_X39Y54         FDCE                                         f  dbg_hub/inst/BSCANID.u_xsdbm_id/CORE_XSDB.U_ICON/U_CMD/iTARGET_reg[13]/CLR
  -------------------------------------------------------------------    -------------------

                         (clock dbg_hub/inst/BSCANID.u_xsdbm_id/SWITCH_N_EXT_BSCAN.bscan_inst/SERIES7_BSCAN.bscan_inst/TCK rise edge)
                                                     33.000    33.000 r  
    BSCAN_X0Y0           BSCANE2                      0.000    33.000 r  dbg_hub/inst/BSCANID.u_xsdbm_id/SWITCH_N_EXT_BSCAN.bscan_inst/SERIES7_BSCAN.bscan_inst/TCK
                         net (fo=1, routed)           1.487    34.487    dbg_hub/inst/BSCANID.u_xsdbm_id/tck_bs
    BUFGCTRL_X0Y1        BUFG (Prop_bufg_I_O)         0.091    34.578 r  dbg_hub/inst/BSCANID.u_xsdbm_id/SWITCH_N_EXT_BSCAN.u_bufg_icon_tck/O
                         net (fo=482, routed)         1.435    36.013    dbg_hub/inst/BSCANID.u_xsdbm_id/CORE_XSDB.U_ICON/U_CMD/m_bscan_tck[0]
    SLICE_X39Y54         FDCE                                         r  dbg_hub/inst/BSCANID.u_xsdbm_id/CORE_XSDB.U_ICON/U_CMD/iTARGET_reg[13]/C
                         clock pessimism              0.324    36.337    
                         clock uncertainty           -0.035    36.302    
    SLICE_X39Y54         FDCE (Recov_fdce_C_CLR)     -0.405    35.897    dbg_hub/inst/BSCANID.u_xsdbm_id/CORE_XSDB.U_ICON/U_CMD/iTARGET_reg[13]
  -------------------------------------------------------------------
                         required time                         35.897    
                         arrival time                          -7.271    
  -------------------------------------------------------------------
                         slack                                 28.626    

Slack (MET) :             28.626ns  (required time - arrival time)
  Source:                 dbg_hub/inst/BSCANID.u_xsdbm_id/SWITCH_N_EXT_BSCAN.bscan_switch/portno_reg[1]/C
                            (rising edge-triggered cell FDRE clocked by dbg_hub/inst/BSCANID.u_xsdbm_id/SWITCH_N_EXT_BSCAN.bscan_inst/SERIES7_BSCAN.bscan_inst/TCK  {rise@0.000ns fall@16.500ns period=33.000ns})
  Destination:            dbg_hub/inst/BSCANID.u_xsdbm_id/CORE_XSDB.U_ICON/U_CMD/iTARGET_reg[14]/CLR
                            (recovery check against rising-edge clock dbg_hub/inst/BSCANID.u_xsdbm_id/SWITCH_N_EXT_BSCAN.bscan_inst/SERIES7_BSCAN.bscan_inst/TCK  {rise@0.000ns fall@16.500ns period=33.000ns})
  Path Group:             **async_default**
  Path Type:              Recovery (Max at Slow Process Corner)
  Requirement:            33.000ns  (dbg_hub/inst/BSCANID.u_xsdbm_id/SWITCH_N_EXT_BSCAN.bscan_inst/SERIES7_BSCAN.bscan_inst/TCK rise@33.000ns - dbg_hub/inst/BSCANID.u_xsdbm_id/SWITCH_N_EXT_BSCAN.bscan_inst/SERIES7_BSCAN.bscan_inst/TCK rise@0.000ns)
  Data Path Delay:        3.893ns  (logic 1.058ns (27.179%)  route 2.835ns (72.821%))
  Logic Levels:           3  (LUT1=1 LUT4=1 LUT6=1)
  Clock Path Skew:        -0.041ns (DCD - SCD + CPR)
    Destination Clock Delay (DCD):    3.013ns = ( 36.013 - 33.000 ) 
    Source Clock Delay      (SCD):    3.378ns
    Clock Pessimism Removal (CPR):    0.324ns
  Clock Uncertainty:      0.035ns  ((TSJ^2 + TIJ^2)^1/2 + DJ) / 2 + PE
    Total System Jitter     (TSJ):    0.071ns
    Total Input Jitter      (TIJ):    0.000ns
    Discrete Jitter          (DJ):    0.000ns
    Phase Error              (PE):    0.000ns

    Location             Delay type                Incr(ns)  Path(ns)    Netlist Resource(s)
  -------------------------------------------------------------------    -------------------
                         (clock dbg_hub/inst/BSCANID.u_xsdbm_id/SWITCH_N_EXT_BSCAN.bscan_inst/SERIES7_BSCAN.bscan_inst/TCK rise edge)
                                                      0.000     0.000 r  
    BSCAN_X0Y0           BSCANE2                      0.000     0.000 r  dbg_hub/inst/BSCANID.u_xsdbm_id/SWITCH_N_EXT_BSCAN.bscan_inst/SERIES7_BSCAN.bscan_inst/TCK
                         net (fo=1, routed)           1.728     1.728    dbg_hub/inst/BSCANID.u_xsdbm_id/tck_bs
    BUFGCTRL_X0Y1        BUFG (Prop_bufg_I_O)         0.096     1.824 r  dbg_hub/inst/BSCANID.u_xsdbm_id/SWITCH_N_EXT_BSCAN.u_bufg_icon_tck/O
                         net (fo=482, routed)         1.554     3.378    dbg_hub/inst/BSCANID.u_xsdbm_id/SWITCH_N_EXT_BSCAN.bscan_switch/s_bscan_tck
    SLICE_X45Y58         FDRE                                         r  dbg_hub/inst/BSCANID.u_xsdbm_id/SWITCH_N_EXT_BSCAN.bscan_switch/portno_reg[1]/C
  -------------------------------------------------------------------    -------------------
    SLICE_X45Y58         FDRE (Prop_fdre_C_Q)         0.456     3.834 f  dbg_hub/inst/BSCANID.u_xsdbm_id/SWITCH_N_EXT_BSCAN.bscan_switch/portno_reg[1]/Q
                         net (fo=1, routed)           0.855     4.689    dbg_hub/inst/BSCANID.u_xsdbm_id/SWITCH_N_EXT_BSCAN.bscan_switch/portno[1]
    SLICE_X45Y58         LUT6 (Prop_lut6_I3_O)        0.124     4.813 f  dbg_hub/inst/BSCANID.u_xsdbm_id/SWITCH_N_EXT_BSCAN.bscan_switch/m_bscan_drck[0]_INST_0_i_1/O
                         net (fo=5, routed)           0.766     5.580    dbg_hub/inst/BSCANID.u_xsdbm_id/SWITCH_N_EXT_BSCAN.bscan_switch/m_bscan_drck[0]_INST_0_i_1_n_0
    SLICE_X38Y58         LUT4 (Prop_lut4_I3_O)        0.150     5.730 r  dbg_hub/inst/BSCANID.u_xsdbm_id/SWITCH_N_EXT_BSCAN.bscan_switch/m_bscan_sel[0]_INST_0/O
                         net (fo=2, routed)           0.725     6.454    dbg_hub/inst/BSCANID.u_xsdbm_id/CORE_XSDB.U_ICON/U_CMD/iTARGET_reg[6]_0
    SLICE_X39Y55         LUT1 (Prop_lut1_I0_O)        0.328     6.782 f  dbg_hub/inst/BSCANID.u_xsdbm_id/CORE_XSDB.U_ICON/U_CMD/iTARGET[15]_i_2/O
                         net (fo=10, routed)          0.488     7.271    dbg_hub/inst/BSCANID.u_xsdbm_id/CORE_XSDB.U_ICON/U_CMD/iSEL_n
    SLICE_X39Y54         FDCE                                         f  dbg_hub/inst/BSCANID.u_xsdbm_id/CORE_XSDB.U_ICON/U_CMD/iTARGET_reg[14]/CLR
  -------------------------------------------------------------------    -------------------

                         (clock dbg_hub/inst/BSCANID.u_xsdbm_id/SWITCH_N_EXT_BSCAN.bscan_inst/SERIES7_BSCAN.bscan_inst/TCK rise edge)
                                                     33.000    33.000 r  
    BSCAN_X0Y0           BSCANE2                      0.000    33.000 r  dbg_hub/inst/BSCANID.u_xsdbm_id/SWITCH_N_EXT_BSCAN.bscan_inst/SERIES7_BSCAN.bscan_inst/TCK
                         net (fo=1, routed)           1.487    34.487    dbg_hub/inst/BSCANID.u_xsdbm_id/tck_bs
    BUFGCTRL_X0Y1        BUFG (Prop_bufg_I_O)         0.091    34.578 r  dbg_hub/inst/BSCANID.u_xsdbm_id/SWITCH_N_EXT_BSCAN.u_bufg_icon_tck/O
                         net (fo=482, routed)         1.435    36.013    dbg_hub/inst/BSCANID.u_xsdbm_id/CORE_XSDB.U_ICON/U_CMD/m_bscan_tck[0]
    SLICE_X39Y54         FDCE                                         r  dbg_hub/inst/BSCANID.u_xsdbm_id/CORE_XSDB.U_ICON/U_CMD/iTARGET_reg[14]/C
                         clock pessimism              0.324    36.337    
                         clock uncertainty           -0.035    36.302    
    SLICE_X39Y54         FDCE (Recov_fdce_C_CLR)     -0.405    35.897    dbg_hub/inst/BSCANID.u_xsdbm_id/CORE_XSDB.U_ICON/U_CMD/iTARGET_reg[14]
  -------------------------------------------------------------------
                         required time                         35.897    
                         arrival time                          -7.271    
  -------------------------------------------------------------------
                         slack                                 28.626    

Slack (MET) :             28.626ns  (required time - arrival time)
  Source:                 dbg_hub/inst/BSCANID.u_xsdbm_id/SWITCH_N_EXT_BSCAN.bscan_switch/portno_reg[1]/C
                            (rising edge-triggered cell FDRE clocked by dbg_hub/inst/BSCANID.u_xsdbm_id/SWITCH_N_EXT_BSCAN.bscan_inst/SERIES7_BSCAN.bscan_inst/TCK  {rise@0.000ns fall@16.500ns period=33.000ns})
  Destination:            dbg_hub/inst/BSCANID.u_xsdbm_id/CORE_XSDB.U_ICON/U_CMD/iTARGET_reg[15]/CLR
                            (recovery check against rising-edge clock dbg_hub/inst/BSCANID.u_xsdbm_id/SWITCH_N_EXT_BSCAN.bscan_inst/SERIES7_BSCAN.bscan_inst/TCK  {rise@0.000ns fall@16.500ns period=33.000ns})
  Path Group:             **async_default**
  Path Type:              Recovery (Max at Slow Process Corner)
  Requirement:            33.000ns  (dbg_hub/inst/BSCANID.u_xsdbm_id/SWITCH_N_EXT_BSCAN.bscan_inst/SERIES7_BSCAN.bscan_inst/TCK rise@33.000ns - dbg_hub/inst/BSCANID.u_xsdbm_id/SWITCH_N_EXT_BSCAN.bscan_inst/SERIES7_BSCAN.bscan_inst/TCK rise@0.000ns)
  Data Path Delay:        3.893ns  (logic 1.058ns (27.179%)  route 2.835ns (72.821%))
  Logic Levels:           3  (LUT1=1 LUT4=1 LUT6=1)
  Clock Path Skew:        -0.041ns (DCD - SCD + CPR)
    Destination Clock Delay (DCD):    3.013ns = ( 36.013 - 33.000 ) 
    Source Clock Delay      (SCD):    3.378ns
    Clock Pessimism Removal (CPR):    0.324ns
  Clock Uncertainty:      0.035ns  ((TSJ^2 + TIJ^2)^1/2 + DJ) / 2 + PE
    Total System Jitter     (TSJ):    0.071ns
    Total Input Jitter      (TIJ):    0.000ns
    Discrete Jitter          (DJ):    0.000ns
    Phase Error              (PE):    0.000ns

    Location             Delay type                Incr(ns)  Path(ns)    Netlist Resource(s)
  -------------------------------------------------------------------    -------------------
                         (clock dbg_hub/inst/BSCANID.u_xsdbm_id/SWITCH_N_EXT_BSCAN.bscan_inst/SERIES7_BSCAN.bscan_inst/TCK rise edge)
                                                      0.000     0.000 r  
    BSCAN_X0Y0           BSCANE2                      0.000     0.000 r  dbg_hub/inst/BSCANID.u_xsdbm_id/SWITCH_N_EXT_BSCAN.bscan_inst/SERIES7_BSCAN.bscan_inst/TCK
                         net (fo=1, routed)           1.728     1.728    dbg_hub/inst/BSCANID.u_xsdbm_id/tck_bs
    BUFGCTRL_X0Y1        BUFG (Prop_bufg_I_O)         0.096     1.824 r  dbg_hub/inst/BSCANID.u_xsdbm_id/SWITCH_N_EXT_BSCAN.u_bufg_icon_tck/O
                         net (fo=482, routed)         1.554     3.378    dbg_hub/inst/BSCANID.u_xsdbm_id/SWITCH_N_EXT_BSCAN.bscan_switch/s_bscan_tck
    SLICE_X45Y58         FDRE                                         r  dbg_hub/inst/BSCANID.u_xsdbm_id/SWITCH_N_EXT_BSCAN.bscan_switch/portno_reg[1]/C
  -------------------------------------------------------------------    -------------------
    SLICE_X45Y58         FDRE (Prop_fdre_C_Q)         0.456     3.834 f  dbg_hub/inst/BSCANID.u_xsdbm_id/SWITCH_N_EXT_BSCAN.bscan_switch/portno_reg[1]/Q
                         net (fo=1, routed)           0.855     4.689    dbg_hub/inst/BSCANID.u_xsdbm_id/SWITCH_N_EXT_BSCAN.bscan_switch/portno[1]
    SLICE_X45Y58         LUT6 (Prop_lut6_I3_O)        0.124     4.813 f  dbg_hub/inst/BSCANID.u_xsdbm_id/SWITCH_N_EXT_BSCAN.bscan_switch/m_bscan_drck[0]_INST_0_i_1/O
                         net (fo=5, routed)           0.766     5.580    dbg_hub/inst/BSCANID.u_xsdbm_id/SWITCH_N_EXT_BSCAN.bscan_switch/m_bscan_drck[0]_INST_0_i_1_n_0
    SLICE_X38Y58         LUT4 (Prop_lut4_I3_O)        0.150     5.730 r  dbg_hub/inst/BSCANID.u_xsdbm_id/SWITCH_N_EXT_BSCAN.bscan_switch/m_bscan_sel[0]_INST_0/O
                         net (fo=2, routed)           0.725     6.454    dbg_hub/inst/BSCANID.u_xsdbm_id/CORE_XSDB.U_ICON/U_CMD/iTARGET_reg[6]_0
    SLICE_X39Y55         LUT1 (Prop_lut1_I0_O)        0.328     6.782 f  dbg_hub/inst/BSCANID.u_xsdbm_id/CORE_XSDB.U_ICON/U_CMD/iTARGET[15]_i_2/O
                         net (fo=10, routed)          0.488     7.271    dbg_hub/inst/BSCANID.u_xsdbm_id/CORE_XSDB.U_ICON/U_CMD/iSEL_n
    SLICE_X39Y54         FDCE                                         f  dbg_hub/inst/BSCANID.u_xsdbm_id/CORE_XSDB.U_ICON/U_CMD/iTARGET_reg[15]/CLR
  -------------------------------------------------------------------    -------------------

                         (clock dbg_hub/inst/BSCANID.u_xsdbm_id/SWITCH_N_EXT_BSCAN.bscan_inst/SERIES7_BSCAN.bscan_inst/TCK rise edge)
                                                     33.000    33.000 r  
    BSCAN_X0Y0           BSCANE2                      0.000    33.000 r  dbg_hub/inst/BSCANID.u_xsdbm_id/SWITCH_N_EXT_BSCAN.bscan_inst/SERIES7_BSCAN.bscan_inst/TCK
                         net (fo=1, routed)           1.487    34.487    dbg_hub/inst/BSCANID.u_xsdbm_id/tck_bs
    BUFGCTRL_X0Y1        BUFG (Prop_bufg_I_O)         0.091    34.578 r  dbg_hub/inst/BSCANID.u_xsdbm_id/SWITCH_N_EXT_BSCAN.u_bufg_icon_tck/O
                         net (fo=482, routed)         1.435    36.013    dbg_hub/inst/BSCANID.u_xsdbm_id/CORE_XSDB.U_ICON/U_CMD/m_bscan_tck[0]
    SLICE_X39Y54         FDCE                                         r  dbg_hub/inst/BSCANID.u_xsdbm_id/CORE_XSDB.U_ICON/U_CMD/iTARGET_reg[15]/C
                         clock pessimism              0.324    36.337    
                         clock uncertainty           -0.035    36.302    
    SLICE_X39Y54         FDCE (Recov_fdce_C_CLR)     -0.405    35.897    dbg_hub/inst/BSCANID.u_xsdbm_id/CORE_XSDB.U_ICON/U_CMD/iTARGET_reg[15]
  -------------------------------------------------------------------
                         required time                         35.897    
                         arrival time                          -7.271    
  -------------------------------------------------------------------
                         slack                                 28.626    

Slack (MET) :             28.670ns  (required time - arrival time)
  Source:                 dbg_hub/inst/BSCANID.u_xsdbm_id/SWITCH_N_EXT_BSCAN.bscan_switch/portno_reg[1]/C
                            (rising edge-triggered cell FDRE clocked by dbg_hub/inst/BSCANID.u_xsdbm_id/SWITCH_N_EXT_BSCAN.bscan_inst/SERIES7_BSCAN.bscan_inst/TCK  {rise@0.000ns fall@16.500ns period=33.000ns})
  Destination:            dbg_hub/inst/BSCANID.u_xsdbm_id/CORE_XSDB.U_ICON/U_CMD/iTARGET_reg[9]/CLR
                            (recovery check against rising-edge clock dbg_hub/inst/BSCANID.u_xsdbm_id/SWITCH_N_EXT_BSCAN.bscan_inst/SERIES7_BSCAN.bscan_inst/TCK  {rise@0.000ns fall@16.500ns period=33.000ns})
  Path Group:             **async_default**
  Path Type:              Recovery (Max at Slow Process Corner)
  Requirement:            33.000ns  (dbg_hub/inst/BSCANID.u_xsdbm_id/SWITCH_N_EXT_BSCAN.bscan_inst/SERIES7_BSCAN.bscan_inst/TCK rise@33.000ns - dbg_hub/inst/BSCANID.u_xsdbm_id/SWITCH_N_EXT_BSCAN.bscan_inst/SERIES7_BSCAN.bscan_inst/TCK rise@0.000ns)
  Data Path Delay:        3.893ns  (logic 1.058ns (27.179%)  route 2.835ns (72.821%))
  Logic Levels:           3  (LUT1=1 LUT4=1 LUT6=1)
  Clock Path Skew:        -0.041ns (DCD - SCD + CPR)
    Destination Clock Delay (DCD):    3.013ns = ( 36.013 - 33.000 ) 
    Source Clock Delay      (SCD):    3.378ns
    Clock Pessimism Removal (CPR):    0.324ns
  Clock Uncertainty:      0.035ns  ((TSJ^2 + TIJ^2)^1/2 + DJ) / 2 + PE
    Total System Jitter     (TSJ):    0.071ns
    Total Input Jitter      (TIJ):    0.000ns
    Discrete Jitter          (DJ):    0.000ns
    Phase Error              (PE):    0.000ns

    Location             Delay type                Incr(ns)  Path(ns)    Netlist Resource(s)
  -------------------------------------------------------------------    -------------------
                         (clock dbg_hub/inst/BSCANID.u_xsdbm_id/SWITCH_N_EXT_BSCAN.bscan_inst/SERIES7_BSCAN.bscan_inst/TCK rise edge)
                                                      0.000     0.000 r  
    BSCAN_X0Y0           BSCANE2                      0.000     0.000 r  dbg_hub/inst/BSCANID.u_xsdbm_id/SWITCH_N_EXT_BSCAN.bscan_inst/SERIES7_BSCAN.bscan_inst/TCK
                         net (fo=1, routed)           1.728     1.728    dbg_hub/inst/BSCANID.u_xsdbm_id/tck_bs
    BUFGCTRL_X0Y1        BUFG (Prop_bufg_I_O)         0.096     1.824 r  dbg_hub/inst/BSCANID.u_xsdbm_id/SWITCH_N_EXT_BSCAN.u_bufg_icon_tck/O
                         net (fo=482, routed)         1.554     3.378    dbg_hub/inst/BSCANID.u_xsdbm_id/SWITCH_N_EXT_BSCAN.bscan_switch/s_bscan_tck
    SLICE_X45Y58         FDRE                                         r  dbg_hub/inst/BSCANID.u_xsdbm_id/SWITCH_N_EXT_BSCAN.bscan_switch/portno_reg[1]/C
  -------------------------------------------------------------------    -------------------
    SLICE_X45Y58         FDRE (Prop_fdre_C_Q)         0.456     3.834 f  dbg_hub/inst/BSCANID.u_xsdbm_id/SWITCH_N_EXT_BSCAN.bscan_switch/portno_reg[1]/Q
                         net (fo=1, routed)           0.855     4.689    dbg_hub/inst/BSCANID.u_xsdbm_id/SWITCH_N_EXT_BSCAN.bscan_switch/portno[1]
    SLICE_X45Y58         LUT6 (Prop_lut6_I3_O)        0.124     4.813 f  dbg_hub/inst/BSCANID.u_xsdbm_id/SWITCH_N_EXT_BSCAN.bscan_switch/m_bscan_drck[0]_INST_0_i_1/O
                         net (fo=5, routed)           0.766     5.580    dbg_hub/inst/BSCANID.u_xsdbm_id/SWITCH_N_EXT_BSCAN.bscan_switch/m_bscan_drck[0]_INST_0_i_1_n_0
    SLICE_X38Y58         LUT4 (Prop_lut4_I3_O)        0.150     5.730 r  dbg_hub/inst/BSCANID.u_xsdbm_id/SWITCH_N_EXT_BSCAN.bscan_switch/m_bscan_sel[0]_INST_0/O
                         net (fo=2, routed)           0.725     6.454    dbg_hub/inst/BSCANID.u_xsdbm_id/CORE_XSDB.U_ICON/U_CMD/iTARGET_reg[6]_0
    SLICE_X39Y55         LUT1 (Prop_lut1_I0_O)        0.328     6.782 f  dbg_hub/inst/BSCANID.u_xsdbm_id/CORE_XSDB.U_ICON/U_CMD/iTARGET[15]_i_2/O
                         net (fo=10, routed)          0.488     7.271    dbg_hub/inst/BSCANID.u_xsdbm_id/CORE_XSDB.U_ICON/U_CMD/iSEL_n
    SLICE_X38Y54         FDCE                                         f  dbg_hub/inst/BSCANID.u_xsdbm_id/CORE_XSDB.U_ICON/U_CMD/iTARGET_reg[9]/CLR
  -------------------------------------------------------------------    -------------------

                         (clock dbg_hub/inst/BSCANID.u_xsdbm_id/SWITCH_N_EXT_BSCAN.bscan_inst/SERIES7_BSCAN.bscan_inst/TCK rise edge)
                                                     33.000    33.000 r  
    BSCAN_X0Y0           BSCANE2                      0.000    33.000 r  dbg_hub/inst/BSCANID.u_xsdbm_id/SWITCH_N_EXT_BSCAN.bscan_inst/SERIES7_BSCAN.bscan_inst/TCK
                         net (fo=1, routed)           1.487    34.487    dbg_hub/inst/BSCANID.u_xsdbm_id/tck_bs
    BUFGCTRL_X0Y1        BUFG (Prop_bufg_I_O)         0.091    34.578 r  dbg_hub/inst/BSCANID.u_xsdbm_id/SWITCH_N_EXT_BSCAN.u_bufg_icon_tck/O
                         net (fo=482, routed)         1.435    36.013    dbg_hub/inst/BSCANID.u_xsdbm_id/CORE_XSDB.U_ICON/U_CMD/m_bscan_tck[0]
    SLICE_X38Y54         FDCE                                         r  dbg_hub/inst/BSCANID.u_xsdbm_id/CORE_XSDB.U_ICON/U_CMD/iTARGET_reg[9]/C
                         clock pessimism              0.324    36.337    
                         clock uncertainty           -0.035    36.302    
    SLICE_X38Y54         FDCE (Recov_fdce_C_CLR)     -0.361    35.941    dbg_hub/inst/BSCANID.u_xsdbm_id/CORE_XSDB.U_ICON/U_CMD/iTARGET_reg[9]
  -------------------------------------------------------------------
                         required time                         35.941    
                         arrival time                          -7.271    
  -------------------------------------------------------------------
                         slack                                 28.670    

Slack (MET) :             28.712ns  (required time - arrival time)
  Source:                 dbg_hub/inst/BSCANID.u_xsdbm_id/SWITCH_N_EXT_BSCAN.bscan_switch/portno_reg[1]/C
                            (rising edge-triggered cell FDRE clocked by dbg_hub/inst/BSCANID.u_xsdbm_id/SWITCH_N_EXT_BSCAN.bscan_inst/SERIES7_BSCAN.bscan_inst/TCK  {rise@0.000ns fall@16.500ns period=33.000ns})
  Destination:            dbg_hub/inst/BSCANID.u_xsdbm_id/CORE_XSDB.U_ICON/U_CMD/iTARGET_reg[10]/CLR
                            (recovery check against rising-edge clock dbg_hub/inst/BSCANID.u_xsdbm_id/SWITCH_N_EXT_BSCAN.bscan_inst/SERIES7_BSCAN.bscan_inst/TCK  {rise@0.000ns fall@16.500ns period=33.000ns})
  Path Group:             **async_default**
  Path Type:              Recovery (Max at Slow Process Corner)
  Requirement:            33.000ns  (dbg_hub/inst/BSCANID.u_xsdbm_id/SWITCH_N_EXT_BSCAN.bscan_inst/SERIES7_BSCAN.bscan_inst/TCK rise@33.000ns - dbg_hub/inst/BSCANID.u_xsdbm_id/SWITCH_N_EXT_BSCAN.bscan_inst/SERIES7_BSCAN.bscan_inst/TCK rise@0.000ns)
  Data Path Delay:        3.893ns  (logic 1.058ns (27.179%)  route 2.835ns (72.821%))
  Logic Levels:           3  (LUT1=1 LUT4=1 LUT6=1)
  Clock Path Skew:        -0.041ns (DCD - SCD + CPR)
    Destination Clock Delay (DCD):    3.013ns = ( 36.013 - 33.000 ) 
    Source Clock Delay      (SCD):    3.378ns
    Clock Pessimism Removal (CPR):    0.324ns
  Clock Uncertainty:      0.035ns  ((TSJ^2 + TIJ^2)^1/2 + DJ) / 2 + PE
    Total System Jitter     (TSJ):    0.071ns
    Total Input Jitter      (TIJ):    0.000ns
    Discrete Jitter          (DJ):    0.000ns
    Phase Error              (PE):    0.000ns

    Location             Delay type                Incr(ns)  Path(ns)    Netlist Resource(s)
  -------------------------------------------------------------------    -------------------
                         (clock dbg_hub/inst/BSCANID.u_xsdbm_id/SWITCH_N_EXT_BSCAN.bscan_inst/SERIES7_BSCAN.bscan_inst/TCK rise edge)
                                                      0.000     0.000 r  
    BSCAN_X0Y0           BSCANE2                      0.000     0.000 r  dbg_hub/inst/BSCANID.u_xsdbm_id/SWITCH_N_EXT_BSCAN.bscan_inst/SERIES7_BSCAN.bscan_inst/TCK
                         net (fo=1, routed)           1.728     1.728    dbg_hub/inst/BSCANID.u_xsdbm_id/tck_bs
    BUFGCTRL_X0Y1        BUFG (Prop_bufg_I_O)         0.096     1.824 r  dbg_hub/inst/BSCANID.u_xsdbm_id/SWITCH_N_EXT_BSCAN.u_bufg_icon_tck/O
                         net (fo=482, routed)         1.554     3.378    dbg_hub/inst/BSCANID.u_xsdbm_id/SWITCH_N_EXT_BSCAN.bscan_switch/s_bscan_tck
    SLICE_X45Y58         FDRE                                         r  dbg_hub/inst/BSCANID.u_xsdbm_id/SWITCH_N_EXT_BSCAN.bscan_switch/portno_reg[1]/C
  -------------------------------------------------------------------    -------------------
    SLICE_X45Y58         FDRE (Prop_fdre_C_Q)         0.456     3.834 f  dbg_hub/inst/BSCANID.u_xsdbm_id/SWITCH_N_EXT_BSCAN.bscan_switch/portno_reg[1]/Q
                         net (fo=1, routed)           0.855     4.689    dbg_hub/inst/BSCANID.u_xsdbm_id/SWITCH_N_EXT_BSCAN.bscan_switch/portno[1]
    SLICE_X45Y58         LUT6 (Prop_lut6_I3_O)        0.124     4.813 f  dbg_hub/inst/BSCANID.u_xsdbm_id/SWITCH_N_EXT_BSCAN.bscan_switch/m_bscan_drck[0]_INST_0_i_1/O
                         net (fo=5, routed)           0.766     5.580    dbg_hub/inst/BSCANID.u_xsdbm_id/SWITCH_N_EXT_BSCAN.bscan_switch/m_bscan_drck[0]_INST_0_i_1_n_0
    SLICE_X38Y58         LUT4 (Prop_lut4_I3_O)        0.150     5.730 r  dbg_hub/inst/BSCANID.u_xsdbm_id/SWITCH_N_EXT_BSCAN.bscan_switch/m_bscan_sel[0]_INST_0/O
                         net (fo=2, routed)           0.725     6.454    dbg_hub/inst/BSCANID.u_xsdbm_id/CORE_XSDB.U_ICON/U_CMD/iTARGET_reg[6]_0
    SLICE_X39Y55         LUT1 (Prop_lut1_I0_O)        0.328     6.782 f  dbg_hub/inst/BSCANID.u_xsdbm_id/CORE_XSDB.U_ICON/U_CMD/iTARGET[15]_i_2/O
                         net (fo=10, routed)          0.488     7.271    dbg_hub/inst/BSCANID.u_xsdbm_id/CORE_XSDB.U_ICON/U_CMD/iSEL_n
    SLICE_X38Y54         FDCE                                         f  dbg_hub/inst/BSCANID.u_xsdbm_id/CORE_XSDB.U_ICON/U_CMD/iTARGET_reg[10]/CLR
  -------------------------------------------------------------------    -------------------

                         (clock dbg_hub/inst/BSCANID.u_xsdbm_id/SWITCH_N_EXT_BSCAN.bscan_inst/SERIES7_BSCAN.bscan_inst/TCK rise edge)
                                                     33.000    33.000 r  
    BSCAN_X0Y0           BSCANE2                      0.000    33.000 r  dbg_hub/inst/BSCANID.u_xsdbm_id/SWITCH_N_EXT_BSCAN.bscan_inst/SERIES7_BSCAN.bscan_inst/TCK
                         net (fo=1, routed)           1.487    34.487    dbg_hub/inst/BSCANID.u_xsdbm_id/tck_bs
    BUFGCTRL_X0Y1        BUFG (Prop_bufg_I_O)         0.091    34.578 r  dbg_hub/inst/BSCANID.u_xsdbm_id/SWITCH_N_EXT_BSCAN.u_bufg_icon_tck/O
                         net (fo=482, routed)         1.435    36.013    dbg_hub/inst/BSCANID.u_xsdbm_id/CORE_XSDB.U_ICON/U_CMD/m_bscan_tck[0]
    SLICE_X38Y54         FDCE                                         r  dbg_hub/inst/BSCANID.u_xsdbm_id/CORE_XSDB.U_ICON/U_CMD/iTARGET_reg[10]/C
                         clock pessimism              0.324    36.337    
                         clock uncertainty           -0.035    36.302    
    SLICE_X38Y54         FDCE (Recov_fdce_C_CLR)     -0.319    35.983    dbg_hub/inst/BSCANID.u_xsdbm_id/CORE_XSDB.U_ICON/U_CMD/iTARGET_reg[10]
  -------------------------------------------------------------------
                         required time                         35.983    
                         arrival time                          -7.271    
  -------------------------------------------------------------------
                         slack                                 28.712    

Slack (MET) :             28.712ns  (required time - arrival time)
  Source:                 dbg_hub/inst/BSCANID.u_xsdbm_id/SWITCH_N_EXT_BSCAN.bscan_switch/portno_reg[1]/C
                            (rising edge-triggered cell FDRE clocked by dbg_hub/inst/BSCANID.u_xsdbm_id/SWITCH_N_EXT_BSCAN.bscan_inst/SERIES7_BSCAN.bscan_inst/TCK  {rise@0.000ns fall@16.500ns period=33.000ns})
  Destination:            dbg_hub/inst/BSCANID.u_xsdbm_id/CORE_XSDB.U_ICON/U_CMD/iTARGET_reg[6]/CLR
                            (recovery check against rising-edge clock dbg_hub/inst/BSCANID.u_xsdbm_id/SWITCH_N_EXT_BSCAN.bscan_inst/SERIES7_BSCAN.bscan_inst/TCK  {rise@0.000ns fall@16.500ns period=33.000ns})
  Path Group:             **async_default**
  Path Type:              Recovery (Max at Slow Process Corner)
  Requirement:            33.000ns  (dbg_hub/inst/BSCANID.u_xsdbm_id/SWITCH_N_EXT_BSCAN.bscan_inst/SERIES7_BSCAN.bscan_inst/TCK rise@33.000ns - dbg_hub/inst/BSCANID.u_xsdbm_id/SWITCH_N_EXT_BSCAN.bscan_inst/SERIES7_BSCAN.bscan_inst/TCK rise@0.000ns)
  Data Path Delay:        3.893ns  (logic 1.058ns (27.179%)  route 2.835ns (72.821%))
  Logic Levels:           3  (LUT1=1 LUT4=1 LUT6=1)
  Clock Path Skew:        -0.041ns (DCD - SCD + CPR)
    Destination Clock Delay (DCD):    3.013ns = ( 36.013 - 33.000 ) 
    Source Clock Delay      (SCD):    3.378ns
    Clock Pessimism Removal (CPR):    0.324ns
  Clock Uncertainty:      0.035ns  ((TSJ^2 + TIJ^2)^1/2 + DJ) / 2 + PE
    Total System Jitter     (TSJ):    0.071ns
    Total Input Jitter      (TIJ):    0.000ns
    Discrete Jitter          (DJ):    0.000ns
    Phase Error              (PE):    0.000ns

    Location             Delay type                Incr(ns)  Path(ns)    Netlist Resource(s)
  -------------------------------------------------------------------    -------------------
                         (clock dbg_hub/inst/BSCANID.u_xsdbm_id/SWITCH_N_EXT_BSCAN.bscan_inst/SERIES7_BSCAN.bscan_inst/TCK rise edge)
                                                      0.000     0.000 r  
    BSCAN_X0Y0           BSCANE2                      0.000     0.000 r  dbg_hub/inst/BSCANID.u_xsdbm_id/SWITCH_N_EXT_BSCAN.bscan_inst/SERIES7_BSCAN.bscan_inst/TCK
                         net (fo=1, routed)           1.728     1.728    dbg_hub/inst/BSCANID.u_xsdbm_id/tck_bs
    BUFGCTRL_X0Y1        BUFG (Prop_bufg_I_O)         0.096     1.824 r  dbg_hub/inst/BSCANID.u_xsdbm_id/SWITCH_N_EXT_BSCAN.u_bufg_icon_tck/O
                         net (fo=482, routed)         1.554     3.378    dbg_hub/inst/BSCANID.u_xsdbm_id/SWITCH_N_EXT_BSCAN.bscan_switch/s_bscan_tck
    SLICE_X45Y58         FDRE                                         r  dbg_hub/inst/BSCANID.u_xsdbm_id/SWITCH_N_EXT_BSCAN.bscan_switch/portno_reg[1]/C
  -------------------------------------------------------------------    -------------------
    SLICE_X45Y58         FDRE (Prop_fdre_C_Q)         0.456     3.834 f  dbg_hub/inst/BSCANID.u_xsdbm_id/SWITCH_N_EXT_BSCAN.bscan_switch/portno_reg[1]/Q
                         net (fo=1, routed)           0.855     4.689    dbg_hub/inst/BSCANID.u_xsdbm_id/SWITCH_N_EXT_BSCAN.bscan_switch/portno[1]
    SLICE_X45Y58         LUT6 (Prop_lut6_I3_O)        0.124     4.813 f  dbg_hub/inst/BSCANID.u_xsdbm_id/SWITCH_N_EXT_BSCAN.bscan_switch/m_bscan_drck[0]_INST_0_i_1/O
                         net (fo=5, routed)           0.766     5.580    dbg_hub/inst/BSCANID.u_xsdbm_id/SWITCH_N_EXT_BSCAN.bscan_switch/m_bscan_drck[0]_INST_0_i_1_n_0
    SLICE_X38Y58         LUT4 (Prop_lut4_I3_O)        0.150     5.730 r  dbg_hub/inst/BSCANID.u_xsdbm_id/SWITCH_N_EXT_BSCAN.bscan_switch/m_bscan_sel[0]_INST_0/O
                         net (fo=2, routed)           0.725     6.454    dbg_hub/inst/BSCANID.u_xsdbm_id/CORE_XSDB.U_ICON/U_CMD/iTARGET_reg[6]_0
    SLICE_X39Y55         LUT1 (Prop_lut1_I0_O)        0.328     6.782 f  dbg_hub/inst/BSCANID.u_xsdbm_id/CORE_XSDB.U_ICON/U_CMD/iTARGET[15]_i_2/O
                         net (fo=10, routed)          0.488     7.271    dbg_hub/inst/BSCANID.u_xsdbm_id/CORE_XSDB.U_ICON/U_CMD/iSEL_n
    SLICE_X38Y54         FDCE                                         f  dbg_hub/inst/BSCANID.u_xsdbm_id/CORE_XSDB.U_ICON/U_CMD/iTARGET_reg[6]/CLR
  -------------------------------------------------------------------    -------------------

                         (clock dbg_hub/inst/BSCANID.u_xsdbm_id/SWITCH_N_EXT_BSCAN.bscan_inst/SERIES7_BSCAN.bscan_inst/TCK rise edge)
                                                     33.000    33.000 r  
    BSCAN_X0Y0           BSCANE2                      0.000    33.000 r  dbg_hub/inst/BSCANID.u_xsdbm_id/SWITCH_N_EXT_BSCAN.bscan_inst/SERIES7_BSCAN.bscan_inst/TCK
                         net (fo=1, routed)           1.487    34.487    dbg_hub/inst/BSCANID.u_xsdbm_id/tck_bs
    BUFGCTRL_X0Y1        BUFG (Prop_bufg_I_O)         0.091    34.578 r  dbg_hub/inst/BSCANID.u_xsdbm_id/SWITCH_N_EXT_BSCAN.u_bufg_icon_tck/O
                         net (fo=482, routed)         1.435    36.013    dbg_hub/inst/BSCANID.u_xsdbm_id/CORE_XSDB.U_ICON/U_CMD/m_bscan_tck[0]
    SLICE_X38Y54         FDCE                                         r  dbg_hub/inst/BSCANID.u_xsdbm_id/CORE_XSDB.U_ICON/U_CMD/iTARGET_reg[6]/C
                         clock pessimism              0.324    36.337    
                         clock uncertainty           -0.035    36.302    
    SLICE_X38Y54         FDCE (Recov_fdce_C_CLR)     -0.319    35.983    dbg_hub/inst/BSCANID.u_xsdbm_id/CORE_XSDB.U_ICON/U_CMD/iTARGET_reg[6]
  -------------------------------------------------------------------
                         required time                         35.983    
                         arrival time                          -7.271    
  -------------------------------------------------------------------
                         slack                                 28.712    

Slack (MET) :             28.712ns  (required time - arrival time)
  Source:                 dbg_hub/inst/BSCANID.u_xsdbm_id/SWITCH_N_EXT_BSCAN.bscan_switch/portno_reg[1]/C
                            (rising edge-triggered cell FDRE clocked by dbg_hub/inst/BSCANID.u_xsdbm_id/SWITCH_N_EXT_BSCAN.bscan_inst/SERIES7_BSCAN.bscan_inst/TCK  {rise@0.000ns fall@16.500ns period=33.000ns})
  Destination:            dbg_hub/inst/BSCANID.u_xsdbm_id/CORE_XSDB.U_ICON/U_CMD/iTARGET_reg[7]/CLR
                            (recovery check against rising-edge clock dbg_hub/inst/BSCANID.u_xsdbm_id/SWITCH_N_EXT_BSCAN.bscan_inst/SERIES7_BSCAN.bscan_inst/TCK  {rise@0.000ns fall@16.500ns period=33.000ns})
  Path Group:             **async_default**
  Path Type:              Recovery (Max at Slow Process Corner)
  Requirement:            33.000ns  (dbg_hub/inst/BSCANID.u_xsdbm_id/SWITCH_N_EXT_BSCAN.bscan_inst/SERIES7_BSCAN.bscan_inst/TCK rise@33.000ns - dbg_hub/inst/BSCANID.u_xsdbm_id/SWITCH_N_EXT_BSCAN.bscan_inst/SERIES7_BSCAN.bscan_inst/TCK rise@0.000ns)
  Data Path Delay:        3.893ns  (logic 1.058ns (27.179%)  route 2.835ns (72.821%))
  Logic Levels:           3  (LUT1=1 LUT4=1 LUT6=1)
  Clock Path Skew:        -0.041ns (DCD - SCD + CPR)
    Destination Clock Delay (DCD):    3.013ns = ( 36.013 - 33.000 ) 
    Source Clock Delay      (SCD):    3.378ns
    Clock Pessimism Removal (CPR):    0.324ns
  Clock Uncertainty:      0.035ns  ((TSJ^2 + TIJ^2)^1/2 + DJ) / 2 + PE
    Total System Jitter     (TSJ):    0.071ns
    Total Input Jitter      (TIJ):    0.000ns
    Discrete Jitter          (DJ):    0.000ns
    Phase Error              (PE):    0.000ns

    Location             Delay type                Incr(ns)  Path(ns)    Netlist Resource(s)
  -------------------------------------------------------------------    -------------------
                         (clock dbg_hub/inst/BSCANID.u_xsdbm_id/SWITCH_N_EXT_BSCAN.bscan_inst/SERIES7_BSCAN.bscan_inst/TCK rise edge)
                                                      0.000     0.000 r  
    BSCAN_X0Y0           BSCANE2                      0.000     0.000 r  dbg_hub/inst/BSCANID.u_xsdbm_id/SWITCH_N_EXT_BSCAN.bscan_inst/SERIES7_BSCAN.bscan_inst/TCK
                         net (fo=1, routed)           1.728     1.728    dbg_hub/inst/BSCANID.u_xsdbm_id/tck_bs
    BUFGCTRL_X0Y1        BUFG (Prop_bufg_I_O)         0.096     1.824 r  dbg_hub/inst/BSCANID.u_xsdbm_id/SWITCH_N_EXT_BSCAN.u_bufg_icon_tck/O
                         net (fo=482, routed)         1.554     3.378    dbg_hub/inst/BSCANID.u_xsdbm_id/SWITCH_N_EXT_BSCAN.bscan_switch/s_bscan_tck
    SLICE_X45Y58         FDRE                                         r  dbg_hub/inst/BSCANID.u_xsdbm_id/SWITCH_N_EXT_BSCAN.bscan_switch/portno_reg[1]/C
  -------------------------------------------------------------------    -------------------
    SLICE_X45Y58         FDRE (Prop_fdre_C_Q)         0.456     3.834 f  dbg_hub/inst/BSCANID.u_xsdbm_id/SWITCH_N_EXT_BSCAN.bscan_switch/portno_reg[1]/Q
                         net (fo=1, routed)           0.855     4.689    dbg_hub/inst/BSCANID.u_xsdbm_id/SWITCH_N_EXT_BSCAN.bscan_switch/portno[1]
    SLICE_X45Y58         LUT6 (Prop_lut6_I3_O)        0.124     4.813 f  dbg_hub/inst/BSCANID.u_xsdbm_id/SWITCH_N_EXT_BSCAN.bscan_switch/m_bscan_drck[0]_INST_0_i_1/O
                         net (fo=5, routed)           0.766     5.580    dbg_hub/inst/BSCANID.u_xsdbm_id/SWITCH_N_EXT_BSCAN.bscan_switch/m_bscan_drck[0]_INST_0_i_1_n_0
    SLICE_X38Y58         LUT4 (Prop_lut4_I3_O)        0.150     5.730 r  dbg_hub/inst/BSCANID.u_xsdbm_id/SWITCH_N_EXT_BSCAN.bscan_switch/m_bscan_sel[0]_INST_0/O
                         net (fo=2, routed)           0.725     6.454    dbg_hub/inst/BSCANID.u_xsdbm_id/CORE_XSDB.U_ICON/U_CMD/iTARGET_reg[6]_0
    SLICE_X39Y55         LUT1 (Prop_lut1_I0_O)        0.328     6.782 f  dbg_hub/inst/BSCANID.u_xsdbm_id/CORE_XSDB.U_ICON/U_CMD/iTARGET[15]_i_2/O
                         net (fo=10, routed)          0.488     7.271    dbg_hub/inst/BSCANID.u_xsdbm_id/CORE_XSDB.U_ICON/U_CMD/iSEL_n
    SLICE_X38Y54         FDCE                                         f  dbg_hub/inst/BSCANID.u_xsdbm_id/CORE_XSDB.U_ICON/U_CMD/iTARGET_reg[7]/CLR
  -------------------------------------------------------------------    -------------------

                         (clock dbg_hub/inst/BSCANID.u_xsdbm_id/SWITCH_N_EXT_BSCAN.bscan_inst/SERIES7_BSCAN.bscan_inst/TCK rise edge)
                                                     33.000    33.000 r  
    BSCAN_X0Y0           BSCANE2                      0.000    33.000 r  dbg_hub/inst/BSCANID.u_xsdbm_id/SWITCH_N_EXT_BSCAN.bscan_inst/SERIES7_BSCAN.bscan_inst/TCK
                         net (fo=1, routed)           1.487    34.487    dbg_hub/inst/BSCANID.u_xsdbm_id/tck_bs
    BUFGCTRL_X0Y1        BUFG (Prop_bufg_I_O)         0.091    34.578 r  dbg_hub/inst/BSCANID.u_xsdbm_id/SWITCH_N_EXT_BSCAN.u_bufg_icon_tck/O
                         net (fo=482, routed)         1.435    36.013    dbg_hub/inst/BSCANID.u_xsdbm_id/CORE_XSDB.U_ICON/U_CMD/m_bscan_tck[0]
    SLICE_X38Y54         FDCE                                         r  dbg_hub/inst/BSCANID.u_xsdbm_id/CORE_XSDB.U_ICON/U_CMD/iTARGET_reg[7]/C
                         clock pessimism              0.324    36.337    
                         clock uncertainty           -0.035    36.302    
    SLICE_X38Y54         FDCE (Recov_fdce_C_CLR)     -0.319    35.983    dbg_hub/inst/BSCANID.u_xsdbm_id/CORE_XSDB.U_ICON/U_CMD/iTARGET_reg[7]
  -------------------------------------------------------------------
                         required time                         35.983    
                         arrival time                          -7.271    
  -------------------------------------------------------------------
                         slack                                 28.712    

Slack (MET) :             28.712ns  (required time - arrival time)
  Source:                 dbg_hub/inst/BSCANID.u_xsdbm_id/SWITCH_N_EXT_BSCAN.bscan_switch/portno_reg[1]/C
                            (rising edge-triggered cell FDRE clocked by dbg_hub/inst/BSCANID.u_xsdbm_id/SWITCH_N_EXT_BSCAN.bscan_inst/SERIES7_BSCAN.bscan_inst/TCK  {rise@0.000ns fall@16.500ns period=33.000ns})
  Destination:            dbg_hub/inst/BSCANID.u_xsdbm_id/CORE_XSDB.U_ICON/U_CMD/iTARGET_reg[8]/CLR
                            (recovery check against rising-edge clock dbg_hub/inst/BSCANID.u_xsdbm_id/SWITCH_N_EXT_BSCAN.bscan_inst/SERIES7_BSCAN.bscan_inst/TCK  {rise@0.000ns fall@16.500ns period=33.000ns})
  Path Group:             **async_default**
  Path Type:              Recovery (Max at Slow Process Corner)
  Requirement:            33.000ns  (dbg_hub/inst/BSCANID.u_xsdbm_id/SWITCH_N_EXT_BSCAN.bscan_inst/SERIES7_BSCAN.bscan_inst/TCK rise@33.000ns - dbg_hub/inst/BSCANID.u_xsdbm_id/SWITCH_N_EXT_BSCAN.bscan_inst/SERIES7_BSCAN.bscan_inst/TCK rise@0.000ns)
  Data Path Delay:        3.893ns  (logic 1.058ns (27.179%)  route 2.835ns (72.821%))
  Logic Levels:           3  (LUT1=1 LUT4=1 LUT6=1)
  Clock Path Skew:        -0.041ns (DCD - SCD + CPR)
    Destination Clock Delay (DCD):    3.013ns = ( 36.013 - 33.000 ) 
    Source Clock Delay      (SCD):    3.378ns
    Clock Pessimism Removal (CPR):    0.324ns
  Clock Uncertainty:      0.035ns  ((TSJ^2 + TIJ^2)^1/2 + DJ) / 2 + PE
    Total System Jitter     (TSJ):    0.071ns
    Total Input Jitter      (TIJ):    0.000ns
    Discrete Jitter          (DJ):    0.000ns
    Phase Error              (PE):    0.000ns

    Location             Delay type                Incr(ns)  Path(ns)    Netlist Resource(s)
  -------------------------------------------------------------------    -------------------
                         (clock dbg_hub/inst/BSCANID.u_xsdbm_id/SWITCH_N_EXT_BSCAN.bscan_inst/SERIES7_BSCAN.bscan_inst/TCK rise edge)
                                                      0.000     0.000 r  
    BSCAN_X0Y0           BSCANE2                      0.000     0.000 r  dbg_hub/inst/BSCANID.u_xsdbm_id/SWITCH_N_EXT_BSCAN.bscan_inst/SERIES7_BSCAN.bscan_inst/TCK
                         net (fo=1, routed)           1.728     1.728    dbg_hub/inst/BSCANID.u_xsdbm_id/tck_bs
    BUFGCTRL_X0Y1        BUFG (Prop_bufg_I_O)         0.096     1.824 r  dbg_hub/inst/BSCANID.u_xsdbm_id/SWITCH_N_EXT_BSCAN.u_bufg_icon_tck/O
                         net (fo=482, routed)         1.554     3.378    dbg_hub/inst/BSCANID.u_xsdbm_id/SWITCH_N_EXT_BSCAN.bscan_switch/s_bscan_tck
    SLICE_X45Y58         FDRE                                         r  dbg_hub/inst/BSCANID.u_xsdbm_id/SWITCH_N_EXT_BSCAN.bscan_switch/portno_reg[1]/C
  -------------------------------------------------------------------    -------------------
    SLICE_X45Y58         FDRE (Prop_fdre_C_Q)         0.456     3.834 f  dbg_hub/inst/BSCANID.u_xsdbm_id/SWITCH_N_EXT_BSCAN.bscan_switch/portno_reg[1]/Q
                         net (fo=1, routed)           0.855     4.689    dbg_hub/inst/BSCANID.u_xsdbm_id/SWITCH_N_EXT_BSCAN.bscan_switch/portno[1]
    SLICE_X45Y58         LUT6 (Prop_lut6_I3_O)        0.124     4.813 f  dbg_hub/inst/BSCANID.u_xsdbm_id/SWITCH_N_EXT_BSCAN.bscan_switch/m_bscan_drck[0]_INST_0_i_1/O
                         net (fo=5, routed)           0.766     5.580    dbg_hub/inst/BSCANID.u_xsdbm_id/SWITCH_N_EXT_BSCAN.bscan_switch/m_bscan_drck[0]_INST_0_i_1_n_0
    SLICE_X38Y58         LUT4 (Prop_lut4_I3_O)        0.150     5.730 r  dbg_hub/inst/BSCANID.u_xsdbm_id/SWITCH_N_EXT_BSCAN.bscan_switch/m_bscan_sel[0]_INST_0/O
                         net (fo=2, routed)           0.725     6.454    dbg_hub/inst/BSCANID.u_xsdbm_id/CORE_XSDB.U_ICON/U_CMD/iTARGET_reg[6]_0
    SLICE_X39Y55         LUT1 (Prop_lut1_I0_O)        0.328     6.782 f  dbg_hub/inst/BSCANID.u_xsdbm_id/CORE_XSDB.U_ICON/U_CMD/iTARGET[15]_i_2/O
                         net (fo=10, routed)          0.488     7.271    dbg_hub/inst/BSCANID.u_xsdbm_id/CORE_XSDB.U_ICON/U_CMD/iSEL_n
    SLICE_X38Y54         FDCE                                         f  dbg_hub/inst/BSCANID.u_xsdbm_id/CORE_XSDB.U_ICON/U_CMD/iTARGET_reg[8]/CLR
  -------------------------------------------------------------------    -------------------

                         (clock dbg_hub/inst/BSCANID.u_xsdbm_id/SWITCH_N_EXT_BSCAN.bscan_inst/SERIES7_BSCAN.bscan_inst/TCK rise edge)
                                                     33.000    33.000 r  
    BSCAN_X0Y0           BSCANE2                      0.000    33.000 r  dbg_hub/inst/BSCANID.u_xsdbm_id/SWITCH_N_EXT_BSCAN.bscan_inst/SERIES7_BSCAN.bscan_inst/TCK
                         net (fo=1, routed)           1.487    34.487    dbg_hub/inst/BSCANID.u_xsdbm_id/tck_bs
    BUFGCTRL_X0Y1        BUFG (Prop_bufg_I_O)         0.091    34.578 r  dbg_hub/inst/BSCANID.u_xsdbm_id/SWITCH_N_EXT_BSCAN.u_bufg_icon_tck/O
                         net (fo=482, routed)         1.435    36.013    dbg_hub/inst/BSCANID.u_xsdbm_id/CORE_XSDB.U_ICON/U_CMD/m_bscan_tck[0]
    SLICE_X38Y54         FDCE                                         r  dbg_hub/inst/BSCANID.u_xsdbm_id/CORE_XSDB.U_ICON/U_CMD/iTARGET_reg[8]/C
                         clock pessimism              0.324    36.337    
                         clock uncertainty           -0.035    36.302    
    SLICE_X38Y54         FDCE (Recov_fdce_C_CLR)     -0.319    35.983    dbg_hub/inst/BSCANID.u_xsdbm_id/CORE_XSDB.U_ICON/U_CMD/iTARGET_reg[8]
  -------------------------------------------------------------------
                         required time                         35.983    
                         arrival time                          -7.271    
  -------------------------------------------------------------------
                         slack                                 28.712    





Min Delay Paths
--------------------------------------------------------------------------------------
Slack (MET) :             0.361ns  (arrival time - required time)
  Source:                 dbg_hub/inst/BSCANID.u_xsdbm_id/CORE_XSDB.UUT_MASTER/U_ICON_INTERFACE/U_CMD6_RD/U_RD_FIFO/SUBCORE_FIFO.xsdbm_v3_0_0_rdfifo_inst/inst_fifo_gen/gconvfifo.rf/grf.rf/rstblk/ngwrdrst.grst.g7serrst.rd_rst_reg_reg[1]/C
                            (rising edge-triggered cell FDPE clocked by dbg_hub/inst/BSCANID.u_xsdbm_id/SWITCH_N_EXT_BSCAN.bscan_inst/SERIES7_BSCAN.bscan_inst/TCK  {rise@0.000ns fall@16.500ns period=33.000ns})
  Destination:            dbg_hub/inst/BSCANID.u_xsdbm_id/CORE_XSDB.UUT_MASTER/U_ICON_INTERFACE/U_CMD6_RD/U_RD_FIFO/SUBCORE_FIFO.xsdbm_v3_0_0_rdfifo_inst/inst_fifo_gen/gconvfifo.rf/grf.rf/gntv_or_sync_fifo.gcx.clkx/gnxpm_cdc.gsync_stage[1].rd_stg_inst/Q_reg_reg[0]/CLR
                            (removal check against rising-edge clock dbg_hub/inst/BSCANID.u_xsdbm_id/SWITCH_N_EXT_BSCAN.bscan_inst/SERIES7_BSCAN.bscan_inst/TCK  {rise@0.000ns fall@16.500ns period=33.000ns})
  Path Group:             **async_default**
  Path Type:              Removal (Min at Fast Process Corner)
  Requirement:            0.000ns  (dbg_hub/inst/BSCANID.u_xsdbm_id/SWITCH_N_EXT_BSCAN.bscan_inst/SERIES7_BSCAN.bscan_inst/TCK rise@0.000ns - dbg_hub/inst/BSCANID.u_xsdbm_id/SWITCH_N_EXT_BSCAN.bscan_inst/SERIES7_BSCAN.bscan_inst/TCK rise@0.000ns)
  Data Path Delay:        0.305ns  (logic 0.164ns (53.742%)  route 0.141ns (46.258%))
  Logic Levels:           0  
  Clock Path Skew:        0.036ns (DCD - SCD - CPR)
    Destination Clock Delay (DCD):    1.657ns
    Source Clock Delay      (SCD):    1.278ns
    Clock Pessimism Removal (CPR):    0.343ns

    Location             Delay type                Incr(ns)  Path(ns)    Netlist Resource(s)
  -------------------------------------------------------------------    -------------------
                         (clock dbg_hub/inst/BSCANID.u_xsdbm_id/SWITCH_N_EXT_BSCAN.bscan_inst/SERIES7_BSCAN.bscan_inst/TCK rise edge)
                                                      0.000     0.000 r  
    BSCAN_X0Y0           BSCANE2                      0.000     0.000 r  dbg_hub/inst/BSCANID.u_xsdbm_id/SWITCH_N_EXT_BSCAN.bscan_inst/SERIES7_BSCAN.bscan_inst/TCK
                         net (fo=1, routed)           0.685     0.685    dbg_hub/inst/BSCANID.u_xsdbm_id/tck_bs
    BUFGCTRL_X0Y1        BUFG (Prop_bufg_I_O)         0.026     0.711 r  dbg_hub/inst/BSCANID.u_xsdbm_id/SWITCH_N_EXT_BSCAN.u_bufg_icon_tck/O
                         net (fo=482, routed)         0.567     1.278    dbg_hub/inst/BSCANID.u_xsdbm_id/CORE_XSDB.UUT_MASTER/U_ICON_INTERFACE/U_CMD6_RD/U_RD_FIFO/SUBCORE_FIFO.xsdbm_v3_0_0_rdfifo_inst/inst_fifo_gen/gconvfifo.rf/grf.rf/rstblk/rd_clk
    SLICE_X50Y48         FDPE                                         r  dbg_hub/inst/BSCANID.u_xsdbm_id/CORE_XSDB.UUT_MASTER/U_ICON_INTERFACE/U_CMD6_RD/U_RD_FIFO/SUBCORE_FIFO.xsdbm_v3_0_0_rdfifo_inst/inst_fifo_gen/gconvfifo.rf/grf.rf/rstblk/ngwrdrst.grst.g7serrst.rd_rst_reg_reg[1]/C
  -------------------------------------------------------------------    -------------------
    SLICE_X50Y48         FDPE (Prop_fdpe_C_Q)         0.164     1.442 f  dbg_hub/inst/BSCANID.u_xsdbm_id/CORE_XSDB.UUT_MASTER/U_ICON_INTERFACE/U_CMD6_RD/U_RD_FIFO/SUBCORE_FIFO.xsdbm_v3_0_0_rdfifo_inst/inst_fifo_gen/gconvfifo.rf/grf.rf/rstblk/ngwrdrst.grst.g7serrst.rd_rst_reg_reg[1]/Q
                         net (fo=16, routed)          0.141     1.583    dbg_hub/inst/BSCANID.u_xsdbm_id/CORE_XSDB.UUT_MASTER/U_ICON_INTERFACE/U_CMD6_RD/U_RD_FIFO/SUBCORE_FIFO.xsdbm_v3_0_0_rdfifo_inst/inst_fifo_gen/gconvfifo.rf/grf.rf/gntv_or_sync_fifo.gcx.clkx/gnxpm_cdc.gsync_stage[1].rd_stg_inst/Q_reg_reg[0]_0[0]
    SLICE_X49Y48         FDCE                                         f  dbg_hub/inst/BSCANID.u_xsdbm_id/CORE_XSDB.UUT_MASTER/U_ICON_INTERFACE/U_CMD6_RD/U_RD_FIFO/SUBCORE_FIFO.xsdbm_v3_0_0_rdfifo_inst/inst_fifo_gen/gconvfifo.rf/grf.rf/gntv_or_sync_fifo.gcx.clkx/gnxpm_cdc.gsync_stage[1].rd_stg_inst/Q_reg_reg[0]/CLR
  -------------------------------------------------------------------    -------------------

                         (clock dbg_hub/inst/BSCANID.u_xsdbm_id/SWITCH_N_EXT_BSCAN.bscan_inst/SERIES7_BSCAN.bscan_inst/TCK rise edge)
                                                      0.000     0.000 r  
    BSCAN_X0Y0           BSCANE2                      0.000     0.000 r  dbg_hub/inst/BSCANID.u_xsdbm_id/SWITCH_N_EXT_BSCAN.bscan_inst/SERIES7_BSCAN.bscan_inst/TCK
                         net (fo=1, routed)           0.791     0.791    dbg_hub/inst/BSCANID.u_xsdbm_id/tck_bs
    BUFGCTRL_X0Y1        BUFG (Prop_bufg_I_O)         0.029     0.820 r  dbg_hub/inst/BSCANID.u_xsdbm_id/SWITCH_N_EXT_BSCAN.u_bufg_icon_tck/O
                         net (fo=482, routed)         0.837     1.657    dbg_hub/inst/BSCANID.u_xsdbm_id/CORE_XSDB.UUT_MASTER/U_ICON_INTERFACE/U_CMD6_RD/U_RD_FIFO/SUBCORE_FIFO.xsdbm_v3_0_0_rdfifo_inst/inst_fifo_gen/gconvfifo.rf/grf.rf/gntv_or_sync_fifo.gcx.clkx/gnxpm_cdc.gsync_stage[1].rd_stg_inst/rd_clk
    SLICE_X49Y48         FDCE                                         r  dbg_hub/inst/BSCANID.u_xsdbm_id/CORE_XSDB.UUT_MASTER/U_ICON_INTERFACE/U_CMD6_RD/U_RD_FIFO/SUBCORE_FIFO.xsdbm_v3_0_0_rdfifo_inst/inst_fifo_gen/gconvfifo.rf/grf.rf/gntv_or_sync_fifo.gcx.clkx/gnxpm_cdc.gsync_stage[1].rd_stg_inst/Q_reg_reg[0]/C
                         clock pessimism             -0.343     1.314    
    SLICE_X49Y48         FDCE (Remov_fdce_C_CLR)     -0.092     1.222    dbg_hub/inst/BSCANID.u_xsdbm_id/CORE_XSDB.UUT_MASTER/U_ICON_INTERFACE/U_CMD6_RD/U_RD_FIFO/SUBCORE_FIFO.xsdbm_v3_0_0_rdfifo_inst/inst_fifo_gen/gconvfifo.rf/grf.rf/gntv_or_sync_fifo.gcx.clkx/gnxpm_cdc.gsync_stage[1].rd_stg_inst/Q_reg_reg[0]
  -------------------------------------------------------------------
                         required time                         -1.222    
                         arrival time                           1.583    
  -------------------------------------------------------------------
                         slack                                  0.361    

Slack (MET) :             0.361ns  (arrival time - required time)
  Source:                 dbg_hub/inst/BSCANID.u_xsdbm_id/CORE_XSDB.UUT_MASTER/U_ICON_INTERFACE/U_CMD6_RD/U_RD_FIFO/SUBCORE_FIFO.xsdbm_v3_0_0_rdfifo_inst/inst_fifo_gen/gconvfifo.rf/grf.rf/rstblk/ngwrdrst.grst.g7serrst.rd_rst_reg_reg[1]/C
                            (rising edge-triggered cell FDPE clocked by dbg_hub/inst/BSCANID.u_xsdbm_id/SWITCH_N_EXT_BSCAN.bscan_inst/SERIES7_BSCAN.bscan_inst/TCK  {rise@0.000ns fall@16.500ns period=33.000ns})
  Destination:            dbg_hub/inst/BSCANID.u_xsdbm_id/CORE_XSDB.UUT_MASTER/U_ICON_INTERFACE/U_CMD6_RD/U_RD_FIFO/SUBCORE_FIFO.xsdbm_v3_0_0_rdfifo_inst/inst_fifo_gen/gconvfifo.rf/grf.rf/gntv_or_sync_fifo.gcx.clkx/gnxpm_cdc.gsync_stage[1].rd_stg_inst/Q_reg_reg[3]/CLR
                            (removal check against rising-edge clock dbg_hub/inst/BSCANID.u_xsdbm_id/SWITCH_N_EXT_BSCAN.bscan_inst/SERIES7_BSCAN.bscan_inst/TCK  {rise@0.000ns fall@16.500ns period=33.000ns})
  Path Group:             **async_default**
  Path Type:              Removal (Min at Fast Process Corner)
  Requirement:            0.000ns  (dbg_hub/inst/BSCANID.u_xsdbm_id/SWITCH_N_EXT_BSCAN.bscan_inst/SERIES7_BSCAN.bscan_inst/TCK rise@0.000ns - dbg_hub/inst/BSCANID.u_xsdbm_id/SWITCH_N_EXT_BSCAN.bscan_inst/SERIES7_BSCAN.bscan_inst/TCK rise@0.000ns)
  Data Path Delay:        0.305ns  (logic 0.164ns (53.742%)  route 0.141ns (46.258%))
  Logic Levels:           0  
  Clock Path Skew:        0.036ns (DCD - SCD - CPR)
    Destination Clock Delay (DCD):    1.657ns
    Source Clock Delay      (SCD):    1.278ns
    Clock Pessimism Removal (CPR):    0.343ns

    Location             Delay type                Incr(ns)  Path(ns)    Netlist Resource(s)
  -------------------------------------------------------------------    -------------------
                         (clock dbg_hub/inst/BSCANID.u_xsdbm_id/SWITCH_N_EXT_BSCAN.bscan_inst/SERIES7_BSCAN.bscan_inst/TCK rise edge)
                                                      0.000     0.000 r  
    BSCAN_X0Y0           BSCANE2                      0.000     0.000 r  dbg_hub/inst/BSCANID.u_xsdbm_id/SWITCH_N_EXT_BSCAN.bscan_inst/SERIES7_BSCAN.bscan_inst/TCK
                         net (fo=1, routed)           0.685     0.685    dbg_hub/inst/BSCANID.u_xsdbm_id/tck_bs
    BUFGCTRL_X0Y1        BUFG (Prop_bufg_I_O)         0.026     0.711 r  dbg_hub/inst/BSCANID.u_xsdbm_id/SWITCH_N_EXT_BSCAN.u_bufg_icon_tck/O
                         net (fo=482, routed)         0.567     1.278    dbg_hub/inst/BSCANID.u_xsdbm_id/CORE_XSDB.UUT_MASTER/U_ICON_INTERFACE/U_CMD6_RD/U_RD_FIFO/SUBCORE_FIFO.xsdbm_v3_0_0_rdfifo_inst/inst_fifo_gen/gconvfifo.rf/grf.rf/rstblk/rd_clk
    SLICE_X50Y48         FDPE                                         r  dbg_hub/inst/BSCANID.u_xsdbm_id/CORE_XSDB.UUT_MASTER/U_ICON_INTERFACE/U_CMD6_RD/U_RD_FIFO/SUBCORE_FIFO.xsdbm_v3_0_0_rdfifo_inst/inst_fifo_gen/gconvfifo.rf/grf.rf/rstblk/ngwrdrst.grst.g7serrst.rd_rst_reg_reg[1]/C
  -------------------------------------------------------------------    -------------------
    SLICE_X50Y48         FDPE (Prop_fdpe_C_Q)         0.164     1.442 f  dbg_hub/inst/BSCANID.u_xsdbm_id/CORE_XSDB.UUT_MASTER/U_ICON_INTERFACE/U_CMD6_RD/U_RD_FIFO/SUBCORE_FIFO.xsdbm_v3_0_0_rdfifo_inst/inst_fifo_gen/gconvfifo.rf/grf.rf/rstblk/ngwrdrst.grst.g7serrst.rd_rst_reg_reg[1]/Q
                         net (fo=16, routed)          0.141     1.583    dbg_hub/inst/BSCANID.u_xsdbm_id/CORE_XSDB.UUT_MASTER/U_ICON_INTERFACE/U_CMD6_RD/U_RD_FIFO/SUBCORE_FIFO.xsdbm_v3_0_0_rdfifo_inst/inst_fifo_gen/gconvfifo.rf/grf.rf/gntv_or_sync_fifo.gcx.clkx/gnxpm_cdc.gsync_stage[1].rd_stg_inst/Q_reg_reg[0]_0[0]
    SLICE_X49Y48         FDCE                                         f  dbg_hub/inst/BSCANID.u_xsdbm_id/CORE_XSDB.UUT_MASTER/U_ICON_INTERFACE/U_CMD6_RD/U_RD_FIFO/SUBCORE_FIFO.xsdbm_v3_0_0_rdfifo_inst/inst_fifo_gen/gconvfifo.rf/grf.rf/gntv_or_sync_fifo.gcx.clkx/gnxpm_cdc.gsync_stage[1].rd_stg_inst/Q_reg_reg[3]/CLR
  -------------------------------------------------------------------    -------------------

                         (clock dbg_hub/inst/BSCANID.u_xsdbm_id/SWITCH_N_EXT_BSCAN.bscan_inst/SERIES7_BSCAN.bscan_inst/TCK rise edge)
                                                      0.000     0.000 r  
    BSCAN_X0Y0           BSCANE2                      0.000     0.000 r  dbg_hub/inst/BSCANID.u_xsdbm_id/SWITCH_N_EXT_BSCAN.bscan_inst/SERIES7_BSCAN.bscan_inst/TCK
                         net (fo=1, routed)           0.791     0.791    dbg_hub/inst/BSCANID.u_xsdbm_id/tck_bs
    BUFGCTRL_X0Y1        BUFG (Prop_bufg_I_O)         0.029     0.820 r  dbg_hub/inst/BSCANID.u_xsdbm_id/SWITCH_N_EXT_BSCAN.u_bufg_icon_tck/O
                         net (fo=482, routed)         0.837     1.657    dbg_hub/inst/BSCANID.u_xsdbm_id/CORE_XSDB.UUT_MASTER/U_ICON_INTERFACE/U_CMD6_RD/U_RD_FIFO/SUBCORE_FIFO.xsdbm_v3_0_0_rdfifo_inst/inst_fifo_gen/gconvfifo.rf/grf.rf/gntv_or_sync_fifo.gcx.clkx/gnxpm_cdc.gsync_stage[1].rd_stg_inst/rd_clk
    SLICE_X49Y48         FDCE                                         r  dbg_hub/inst/BSCANID.u_xsdbm_id/CORE_XSDB.UUT_MASTER/U_ICON_INTERFACE/U_CMD6_RD/U_RD_FIFO/SUBCORE_FIFO.xsdbm_v3_0_0_rdfifo_inst/inst_fifo_gen/gconvfifo.rf/grf.rf/gntv_or_sync_fifo.gcx.clkx/gnxpm_cdc.gsync_stage[1].rd_stg_inst/Q_reg_reg[3]/C
                         clock pessimism             -0.343     1.314    
    SLICE_X49Y48         FDCE (Remov_fdce_C_CLR)     -0.092     1.222    dbg_hub/inst/BSCANID.u_xsdbm_id/CORE_XSDB.UUT_MASTER/U_ICON_INTERFACE/U_CMD6_RD/U_RD_FIFO/SUBCORE_FIFO.xsdbm_v3_0_0_rdfifo_inst/inst_fifo_gen/gconvfifo.rf/grf.rf/gntv_or_sync_fifo.gcx.clkx/gnxpm_cdc.gsync_stage[1].rd_stg_inst/Q_reg_reg[3]
  -------------------------------------------------------------------
                         required time                         -1.222    
                         arrival time                           1.583    
  -------------------------------------------------------------------
                         slack                                  0.361    

Slack (MET) :             0.361ns  (arrival time - required time)
  Source:                 dbg_hub/inst/BSCANID.u_xsdbm_id/CORE_XSDB.UUT_MASTER/U_ICON_INTERFACE/U_CMD6_RD/U_RD_FIFO/SUBCORE_FIFO.xsdbm_v3_0_0_rdfifo_inst/inst_fifo_gen/gconvfifo.rf/grf.rf/rstblk/ngwrdrst.grst.g7serrst.rd_rst_reg_reg[1]/C
                            (rising edge-triggered cell FDPE clocked by dbg_hub/inst/BSCANID.u_xsdbm_id/SWITCH_N_EXT_BSCAN.bscan_inst/SERIES7_BSCAN.bscan_inst/TCK  {rise@0.000ns fall@16.500ns period=33.000ns})
  Destination:            dbg_hub/inst/BSCANID.u_xsdbm_id/CORE_XSDB.UUT_MASTER/U_ICON_INTERFACE/U_CMD6_RD/U_RD_FIFO/SUBCORE_FIFO.xsdbm_v3_0_0_rdfifo_inst/inst_fifo_gen/gconvfifo.rf/grf.rf/gntv_or_sync_fifo.gcx.clkx/gnxpm_cdc.gsync_stage[2].rd_stg_inst/Q_reg_reg[0]/CLR
                            (removal check against rising-edge clock dbg_hub/inst/BSCANID.u_xsdbm_id/SWITCH_N_EXT_BSCAN.bscan_inst/SERIES7_BSCAN.bscan_inst/TCK  {rise@0.000ns fall@16.500ns period=33.000ns})
  Path Group:             **async_default**
  Path Type:              Removal (Min at Fast Process Corner)
  Requirement:            0.000ns  (dbg_hub/inst/BSCANID.u_xsdbm_id/SWITCH_N_EXT_BSCAN.bscan_inst/SERIES7_BSCAN.bscan_inst/TCK rise@0.000ns - dbg_hub/inst/BSCANID.u_xsdbm_id/SWITCH_N_EXT_BSCAN.bscan_inst/SERIES7_BSCAN.bscan_inst/TCK rise@0.000ns)
  Data Path Delay:        0.305ns  (logic 0.164ns (53.742%)  route 0.141ns (46.258%))
  Logic Levels:           0  
  Clock Path Skew:        0.036ns (DCD - SCD - CPR)
    Destination Clock Delay (DCD):    1.657ns
    Source Clock Delay      (SCD):    1.278ns
    Clock Pessimism Removal (CPR):    0.343ns

    Location             Delay type                Incr(ns)  Path(ns)    Netlist Resource(s)
  -------------------------------------------------------------------    -------------------
                         (clock dbg_hub/inst/BSCANID.u_xsdbm_id/SWITCH_N_EXT_BSCAN.bscan_inst/SERIES7_BSCAN.bscan_inst/TCK rise edge)
                                                      0.000     0.000 r  
    BSCAN_X0Y0           BSCANE2                      0.000     0.000 r  dbg_hub/inst/BSCANID.u_xsdbm_id/SWITCH_N_EXT_BSCAN.bscan_inst/SERIES7_BSCAN.bscan_inst/TCK
                         net (fo=1, routed)           0.685     0.685    dbg_hub/inst/BSCANID.u_xsdbm_id/tck_bs
    BUFGCTRL_X0Y1        BUFG (Prop_bufg_I_O)         0.026     0.711 r  dbg_hub/inst/BSCANID.u_xsdbm_id/SWITCH_N_EXT_BSCAN.u_bufg_icon_tck/O
                         net (fo=482, routed)         0.567     1.278    dbg_hub/inst/BSCANID.u_xsdbm_id/CORE_XSDB.UUT_MASTER/U_ICON_INTERFACE/U_CMD6_RD/U_RD_FIFO/SUBCORE_FIFO.xsdbm_v3_0_0_rdfifo_inst/inst_fifo_gen/gconvfifo.rf/grf.rf/rstblk/rd_clk
    SLICE_X50Y48         FDPE                                         r  dbg_hub/inst/BSCANID.u_xsdbm_id/CORE_XSDB.UUT_MASTER/U_ICON_INTERFACE/U_CMD6_RD/U_RD_FIFO/SUBCORE_FIFO.xsdbm_v3_0_0_rdfifo_inst/inst_fifo_gen/gconvfifo.rf/grf.rf/rstblk/ngwrdrst.grst.g7serrst.rd_rst_reg_reg[1]/C
  -------------------------------------------------------------------    -------------------
    SLICE_X50Y48         FDPE (Prop_fdpe_C_Q)         0.164     1.442 f  dbg_hub/inst/BSCANID.u_xsdbm_id/CORE_XSDB.UUT_MASTER/U_ICON_INTERFACE/U_CMD6_RD/U_RD_FIFO/SUBCORE_FIFO.xsdbm_v3_0_0_rdfifo_inst/inst_fifo_gen/gconvfifo.rf/grf.rf/rstblk/ngwrdrst.grst.g7serrst.rd_rst_reg_reg[1]/Q
                         net (fo=16, routed)          0.141     1.583    dbg_hub/inst/BSCANID.u_xsdbm_id/CORE_XSDB.UUT_MASTER/U_ICON_INTERFACE/U_CMD6_RD/U_RD_FIFO/SUBCORE_FIFO.xsdbm_v3_0_0_rdfifo_inst/inst_fifo_gen/gconvfifo.rf/grf.rf/gntv_or_sync_fifo.gcx.clkx/gnxpm_cdc.gsync_stage[2].rd_stg_inst/Q_reg_reg[0]_0[0]
    SLICE_X49Y48         FDCE                                         f  dbg_hub/inst/BSCANID.u_xsdbm_id/CORE_XSDB.UUT_MASTER/U_ICON_INTERFACE/U_CMD6_RD/U_RD_FIFO/SUBCORE_FIFO.xsdbm_v3_0_0_rdfifo_inst/inst_fifo_gen/gconvfifo.rf/grf.rf/gntv_or_sync_fifo.gcx.clkx/gnxpm_cdc.gsync_stage[2].rd_stg_inst/Q_reg_reg[0]/CLR
  -------------------------------------------------------------------    -------------------

                         (clock dbg_hub/inst/BSCANID.u_xsdbm_id/SWITCH_N_EXT_BSCAN.bscan_inst/SERIES7_BSCAN.bscan_inst/TCK rise edge)
                                                      0.000     0.000 r  
    BSCAN_X0Y0           BSCANE2                      0.000     0.000 r  dbg_hub/inst/BSCANID.u_xsdbm_id/SWITCH_N_EXT_BSCAN.bscan_inst/SERIES7_BSCAN.bscan_inst/TCK
                         net (fo=1, routed)           0.791     0.791    dbg_hub/inst/BSCANID.u_xsdbm_id/tck_bs
    BUFGCTRL_X0Y1        BUFG (Prop_bufg_I_O)         0.029     0.820 r  dbg_hub/inst/BSCANID.u_xsdbm_id/SWITCH_N_EXT_BSCAN.u_bufg_icon_tck/O
                         net (fo=482, routed)         0.837     1.657    dbg_hub/inst/BSCANID.u_xsdbm_id/CORE_XSDB.UUT_MASTER/U_ICON_INTERFACE/U_CMD6_RD/U_RD_FIFO/SUBCORE_FIFO.xsdbm_v3_0_0_rdfifo_inst/inst_fifo_gen/gconvfifo.rf/grf.rf/gntv_or_sync_fifo.gcx.clkx/gnxpm_cdc.gsync_stage[2].rd_stg_inst/rd_clk
    SLICE_X49Y48         FDCE                                         r  dbg_hub/inst/BSCANID.u_xsdbm_id/CORE_XSDB.UUT_MASTER/U_ICON_INTERFACE/U_CMD6_RD/U_RD_FIFO/SUBCORE_FIFO.xsdbm_v3_0_0_rdfifo_inst/inst_fifo_gen/gconvfifo.rf/grf.rf/gntv_or_sync_fifo.gcx.clkx/gnxpm_cdc.gsync_stage[2].rd_stg_inst/Q_reg_reg[0]/C
                         clock pessimism             -0.343     1.314    
    SLICE_X49Y48         FDCE (Remov_fdce_C_CLR)     -0.092     1.222    dbg_hub/inst/BSCANID.u_xsdbm_id/CORE_XSDB.UUT_MASTER/U_ICON_INTERFACE/U_CMD6_RD/U_RD_FIFO/SUBCORE_FIFO.xsdbm_v3_0_0_rdfifo_inst/inst_fifo_gen/gconvfifo.rf/grf.rf/gntv_or_sync_fifo.gcx.clkx/gnxpm_cdc.gsync_stage[2].rd_stg_inst/Q_reg_reg[0]
  -------------------------------------------------------------------
                         required time                         -1.222    
                         arrival time                           1.583    
  -------------------------------------------------------------------
                         slack                                  0.361    

Slack (MET) :             0.361ns  (arrival time - required time)
  Source:                 dbg_hub/inst/BSCANID.u_xsdbm_id/CORE_XSDB.UUT_MASTER/U_ICON_INTERFACE/U_CMD6_RD/U_RD_FIFO/SUBCORE_FIFO.xsdbm_v3_0_0_rdfifo_inst/inst_fifo_gen/gconvfifo.rf/grf.rf/rstblk/ngwrdrst.grst.g7serrst.rd_rst_reg_reg[1]/C
                            (rising edge-triggered cell FDPE clocked by dbg_hub/inst/BSCANID.u_xsdbm_id/SWITCH_N_EXT_BSCAN.bscan_inst/SERIES7_BSCAN.bscan_inst/TCK  {rise@0.000ns fall@16.500ns period=33.000ns})
  Destination:            dbg_hub/inst/BSCANID.u_xsdbm_id/CORE_XSDB.UUT_MASTER/U_ICON_INTERFACE/U_CMD6_RD/U_RD_FIFO/SUBCORE_FIFO.xsdbm_v3_0_0_rdfifo_inst/inst_fifo_gen/gconvfifo.rf/grf.rf/gntv_or_sync_fifo.gcx.clkx/gnxpm_cdc.gsync_stage[2].rd_stg_inst/Q_reg_reg[3]/CLR
                            (removal check against rising-edge clock dbg_hub/inst/BSCANID.u_xsdbm_id/SWITCH_N_EXT_BSCAN.bscan_inst/SERIES7_BSCAN.bscan_inst/TCK  {rise@0.000ns fall@16.500ns period=33.000ns})
  Path Group:             **async_default**
  Path Type:              Removal (Min at Fast Process Corner)
  Requirement:            0.000ns  (dbg_hub/inst/BSCANID.u_xsdbm_id/SWITCH_N_EXT_BSCAN.bscan_inst/SERIES7_BSCAN.bscan_inst/TCK rise@0.000ns - dbg_hub/inst/BSCANID.u_xsdbm_id/SWITCH_N_EXT_BSCAN.bscan_inst/SERIES7_BSCAN.bscan_inst/TCK rise@0.000ns)
  Data Path Delay:        0.305ns  (logic 0.164ns (53.742%)  route 0.141ns (46.258%))
  Logic Levels:           0  
  Clock Path Skew:        0.036ns (DCD - SCD - CPR)
    Destination Clock Delay (DCD):    1.657ns
    Source Clock Delay      (SCD):    1.278ns
    Clock Pessimism Removal (CPR):    0.343ns

    Location             Delay type                Incr(ns)  Path(ns)    Netlist Resource(s)
  -------------------------------------------------------------------    -------------------
                         (clock dbg_hub/inst/BSCANID.u_xsdbm_id/SWITCH_N_EXT_BSCAN.bscan_inst/SERIES7_BSCAN.bscan_inst/TCK rise edge)
                                                      0.000     0.000 r  
    BSCAN_X0Y0           BSCANE2                      0.000     0.000 r  dbg_hub/inst/BSCANID.u_xsdbm_id/SWITCH_N_EXT_BSCAN.bscan_inst/SERIES7_BSCAN.bscan_inst/TCK
                         net (fo=1, routed)           0.685     0.685    dbg_hub/inst/BSCANID.u_xsdbm_id/tck_bs
    BUFGCTRL_X0Y1        BUFG (Prop_bufg_I_O)         0.026     0.711 r  dbg_hub/inst/BSCANID.u_xsdbm_id/SWITCH_N_EXT_BSCAN.u_bufg_icon_tck/O
                         net (fo=482, routed)         0.567     1.278    dbg_hub/inst/BSCANID.u_xsdbm_id/CORE_XSDB.UUT_MASTER/U_ICON_INTERFACE/U_CMD6_RD/U_RD_FIFO/SUBCORE_FIFO.xsdbm_v3_0_0_rdfifo_inst/inst_fifo_gen/gconvfifo.rf/grf.rf/rstblk/rd_clk
    SLICE_X50Y48         FDPE                                         r  dbg_hub/inst/BSCANID.u_xsdbm_id/CORE_XSDB.UUT_MASTER/U_ICON_INTERFACE/U_CMD6_RD/U_RD_FIFO/SUBCORE_FIFO.xsdbm_v3_0_0_rdfifo_inst/inst_fifo_gen/gconvfifo.rf/grf.rf/rstblk/ngwrdrst.grst.g7serrst.rd_rst_reg_reg[1]/C
  -------------------------------------------------------------------    -------------------
    SLICE_X50Y48         FDPE (Prop_fdpe_C_Q)         0.164     1.442 f  dbg_hub/inst/BSCANID.u_xsdbm_id/CORE_XSDB.UUT_MASTER/U_ICON_INTERFACE/U_CMD6_RD/U_RD_FIFO/SUBCORE_FIFO.xsdbm_v3_0_0_rdfifo_inst/inst_fifo_gen/gconvfifo.rf/grf.rf/rstblk/ngwrdrst.grst.g7serrst.rd_rst_reg_reg[1]/Q
                         net (fo=16, routed)          0.141     1.583    dbg_hub/inst/BSCANID.u_xsdbm_id/CORE_XSDB.UUT_MASTER/U_ICON_INTERFACE/U_CMD6_RD/U_RD_FIFO/SUBCORE_FIFO.xsdbm_v3_0_0_rdfifo_inst/inst_fifo_gen/gconvfifo.rf/grf.rf/gntv_or_sync_fifo.gcx.clkx/gnxpm_cdc.gsync_stage[2].rd_stg_inst/Q_reg_reg[0]_0[0]
    SLICE_X49Y48         FDCE                                         f  dbg_hub/inst/BSCANID.u_xsdbm_id/CORE_XSDB.UUT_MASTER/U_ICON_INTERFACE/U_CMD6_RD/U_RD_FIFO/SUBCORE_FIFO.xsdbm_v3_0_0_rdfifo_inst/inst_fifo_gen/gconvfifo.rf/grf.rf/gntv_or_sync_fifo.gcx.clkx/gnxpm_cdc.gsync_stage[2].rd_stg_inst/Q_reg_reg[3]/CLR
  -------------------------------------------------------------------    -------------------

                         (clock dbg_hub/inst/BSCANID.u_xsdbm_id/SWITCH_N_EXT_BSCAN.bscan_inst/SERIES7_BSCAN.bscan_inst/TCK rise edge)
                                                      0.000     0.000 r  
    BSCAN_X0Y0           BSCANE2                      0.000     0.000 r  dbg_hub/inst/BSCANID.u_xsdbm_id/SWITCH_N_EXT_BSCAN.bscan_inst/SERIES7_BSCAN.bscan_inst/TCK
                         net (fo=1, routed)           0.791     0.791    dbg_hub/inst/BSCANID.u_xsdbm_id/tck_bs
    BUFGCTRL_X0Y1        BUFG (Prop_bufg_I_O)         0.029     0.820 r  dbg_hub/inst/BSCANID.u_xsdbm_id/SWITCH_N_EXT_BSCAN.u_bufg_icon_tck/O
                         net (fo=482, routed)         0.837     1.657    dbg_hub/inst/BSCANID.u_xsdbm_id/CORE_XSDB.UUT_MASTER/U_ICON_INTERFACE/U_CMD6_RD/U_RD_FIFO/SUBCORE_FIFO.xsdbm_v3_0_0_rdfifo_inst/inst_fifo_gen/gconvfifo.rf/grf.rf/gntv_or_sync_fifo.gcx.clkx/gnxpm_cdc.gsync_stage[2].rd_stg_inst/rd_clk
    SLICE_X49Y48         FDCE                                         r  dbg_hub/inst/BSCANID.u_xsdbm_id/CORE_XSDB.UUT_MASTER/U_ICON_INTERFACE/U_CMD6_RD/U_RD_FIFO/SUBCORE_FIFO.xsdbm_v3_0_0_rdfifo_inst/inst_fifo_gen/gconvfifo.rf/grf.rf/gntv_or_sync_fifo.gcx.clkx/gnxpm_cdc.gsync_stage[2].rd_stg_inst/Q_reg_reg[3]/C
                         clock pessimism             -0.343     1.314    
    SLICE_X49Y48         FDCE (Remov_fdce_C_CLR)     -0.092     1.222    dbg_hub/inst/BSCANID.u_xsdbm_id/CORE_XSDB.UUT_MASTER/U_ICON_INTERFACE/U_CMD6_RD/U_RD_FIFO/SUBCORE_FIFO.xsdbm_v3_0_0_rdfifo_inst/inst_fifo_gen/gconvfifo.rf/grf.rf/gntv_or_sync_fifo.gcx.clkx/gnxpm_cdc.gsync_stage[2].rd_stg_inst/Q_reg_reg[3]
  -------------------------------------------------------------------
                         required time                         -1.222    
                         arrival time                           1.583    
  -------------------------------------------------------------------
                         slack                                  0.361    

Slack (MET) :             0.366ns  (arrival time - required time)
  Source:                 dbg_hub/inst/BSCANID.u_xsdbm_id/CORE_XSDB.UUT_MASTER/U_ICON_INTERFACE/U_CMD6_RD/U_RD_FIFO/SUBCORE_FIFO.xsdbm_v3_0_0_rdfifo_inst/inst_fifo_gen/gconvfifo.rf/grf.rf/rstblk/ngwrdrst.grst.g7serrst.rd_rst_reg_reg[1]/C
                            (rising edge-triggered cell FDPE clocked by dbg_hub/inst/BSCANID.u_xsdbm_id/SWITCH_N_EXT_BSCAN.bscan_inst/SERIES7_BSCAN.bscan_inst/TCK  {rise@0.000ns fall@16.500ns period=33.000ns})
  Destination:            dbg_hub/inst/BSCANID.u_xsdbm_id/CORE_XSDB.UUT_MASTER/U_ICON_INTERFACE/U_CMD6_RD/U_RD_FIFO/SUBCORE_FIFO.xsdbm_v3_0_0_rdfifo_inst/inst_fifo_gen/gconvfifo.rf/grf.rf/gntv_or_sync_fifo.gcx.clkx/gnxpm_cdc.rd_pntr_gc_reg[0]/CLR
                            (removal check against rising-edge clock dbg_hub/inst/BSCANID.u_xsdbm_id/SWITCH_N_EXT_BSCAN.bscan_inst/SERIES7_BSCAN.bscan_inst/TCK  {rise@0.000ns fall@16.500ns period=33.000ns})
  Path Group:             **async_default**
  Path Type:              Removal (Min at Fast Process Corner)
  Requirement:            0.000ns  (dbg_hub/inst/BSCANID.u_xsdbm_id/SWITCH_N_EXT_BSCAN.bscan_inst/SERIES7_BSCAN.bscan_inst/TCK rise@0.000ns - dbg_hub/inst/BSCANID.u_xsdbm_id/SWITCH_N_EXT_BSCAN.bscan_inst/SERIES7_BSCAN.bscan_inst/TCK rise@0.000ns)
  Data Path Delay:        0.310ns  (logic 0.164ns (52.986%)  route 0.146ns (47.014%))
  Logic Levels:           0  
  Clock Path Skew:        0.036ns (DCD - SCD - CPR)
    Destination Clock Delay (DCD):    1.657ns
    Source Clock Delay      (SCD):    1.278ns
    Clock Pessimism Removal (CPR):    0.343ns

    Location             Delay type                Incr(ns)  Path(ns)    Netlist Resource(s)
  -------------------------------------------------------------------    -------------------
                         (clock dbg_hub/inst/BSCANID.u_xsdbm_id/SWITCH_N_EXT_BSCAN.bscan_inst/SERIES7_BSCAN.bscan_inst/TCK rise edge)
                                                      0.000     0.000 r  
    BSCAN_X0Y0           BSCANE2                      0.000     0.000 r  dbg_hub/inst/BSCANID.u_xsdbm_id/SWITCH_N_EXT_BSCAN.bscan_inst/SERIES7_BSCAN.bscan_inst/TCK
                         net (fo=1, routed)           0.685     0.685    dbg_hub/inst/BSCANID.u_xsdbm_id/tck_bs
    BUFGCTRL_X0Y1        BUFG (Prop_bufg_I_O)         0.026     0.711 r  dbg_hub/inst/BSCANID.u_xsdbm_id/SWITCH_N_EXT_BSCAN.u_bufg_icon_tck/O
                         net (fo=482, routed)         0.567     1.278    dbg_hub/inst/BSCANID.u_xsdbm_id/CORE_XSDB.UUT_MASTER/U_ICON_INTERFACE/U_CMD6_RD/U_RD_FIFO/SUBCORE_FIFO.xsdbm_v3_0_0_rdfifo_inst/inst_fifo_gen/gconvfifo.rf/grf.rf/rstblk/rd_clk
    SLICE_X50Y48         FDPE                                         r  dbg_hub/inst/BSCANID.u_xsdbm_id/CORE_XSDB.UUT_MASTER/U_ICON_INTERFACE/U_CMD6_RD/U_RD_FIFO/SUBCORE_FIFO.xsdbm_v3_0_0_rdfifo_inst/inst_fifo_gen/gconvfifo.rf/grf.rf/rstblk/ngwrdrst.grst.g7serrst.rd_rst_reg_reg[1]/C
  -------------------------------------------------------------------    -------------------
    SLICE_X50Y48         FDPE (Prop_fdpe_C_Q)         0.164     1.442 f  dbg_hub/inst/BSCANID.u_xsdbm_id/CORE_XSDB.UUT_MASTER/U_ICON_INTERFACE/U_CMD6_RD/U_RD_FIFO/SUBCORE_FIFO.xsdbm_v3_0_0_rdfifo_inst/inst_fifo_gen/gconvfifo.rf/grf.rf/rstblk/ngwrdrst.grst.g7serrst.rd_rst_reg_reg[1]/Q
                         net (fo=16, routed)          0.146     1.587    dbg_hub/inst/BSCANID.u_xsdbm_id/CORE_XSDB.UUT_MASTER/U_ICON_INTERFACE/U_CMD6_RD/U_RD_FIFO/SUBCORE_FIFO.xsdbm_v3_0_0_rdfifo_inst/inst_fifo_gen/gconvfifo.rf/grf.rf/gntv_or_sync_fifo.gcx.clkx/Q_reg_reg[0][0]
    SLICE_X48Y48         FDCE                                         f  dbg_hub/inst/BSCANID.u_xsdbm_id/CORE_XSDB.UUT_MASTER/U_ICON_INTERFACE/U_CMD6_RD/U_RD_FIFO/SUBCORE_FIFO.xsdbm_v3_0_0_rdfifo_inst/inst_fifo_gen/gconvfifo.rf/grf.rf/gntv_or_sync_fifo.gcx.clkx/gnxpm_cdc.rd_pntr_gc_reg[0]/CLR
  -------------------------------------------------------------------    -------------------

                         (clock dbg_hub/inst/BSCANID.u_xsdbm_id/SWITCH_N_EXT_BSCAN.bscan_inst/SERIES7_BSCAN.bscan_inst/TCK rise edge)
                                                      0.000     0.000 r  
    BSCAN_X0Y0           BSCANE2                      0.000     0.000 r  dbg_hub/inst/BSCANID.u_xsdbm_id/SWITCH_N_EXT_BSCAN.bscan_inst/SERIES7_BSCAN.bscan_inst/TCK
                         net (fo=1, routed)           0.791     0.791    dbg_hub/inst/BSCANID.u_xsdbm_id/tck_bs
    BUFGCTRL_X0Y1        BUFG (Prop_bufg_I_O)         0.029     0.820 r  dbg_hub/inst/BSCANID.u_xsdbm_id/SWITCH_N_EXT_BSCAN.u_bufg_icon_tck/O
                         net (fo=482, routed)         0.837     1.657    dbg_hub/inst/BSCANID.u_xsdbm_id/CORE_XSDB.UUT_MASTER/U_ICON_INTERFACE/U_CMD6_RD/U_RD_FIFO/SUBCORE_FIFO.xsdbm_v3_0_0_rdfifo_inst/inst_fifo_gen/gconvfifo.rf/grf.rf/gntv_or_sync_fifo.gcx.clkx/rd_clk
    SLICE_X48Y48         FDCE                                         r  dbg_hub/inst/BSCANID.u_xsdbm_id/CORE_XSDB.UUT_MASTER/U_ICON_INTERFACE/U_CMD6_RD/U_RD_FIFO/SUBCORE_FIFO.xsdbm_v3_0_0_rdfifo_inst/inst_fifo_gen/gconvfifo.rf/grf.rf/gntv_or_sync_fifo.gcx.clkx/gnxpm_cdc.rd_pntr_gc_reg[0]/C
                         clock pessimism             -0.343     1.314    
    SLICE_X48Y48         FDCE (Remov_fdce_C_CLR)     -0.092     1.222    dbg_hub/inst/BSCANID.u_xsdbm_id/CORE_XSDB.UUT_MASTER/U_ICON_INTERFACE/U_CMD6_RD/U_RD_FIFO/SUBCORE_FIFO.xsdbm_v3_0_0_rdfifo_inst/inst_fifo_gen/gconvfifo.rf/grf.rf/gntv_or_sync_fifo.gcx.clkx/gnxpm_cdc.rd_pntr_gc_reg[0]
  -------------------------------------------------------------------
                         required time                         -1.222    
                         arrival time                           1.587    
  -------------------------------------------------------------------
                         slack                                  0.366    

Slack (MET) :             0.366ns  (arrival time - required time)
  Source:                 dbg_hub/inst/BSCANID.u_xsdbm_id/CORE_XSDB.UUT_MASTER/U_ICON_INTERFACE/U_CMD6_RD/U_RD_FIFO/SUBCORE_FIFO.xsdbm_v3_0_0_rdfifo_inst/inst_fifo_gen/gconvfifo.rf/grf.rf/rstblk/ngwrdrst.grst.g7serrst.rd_rst_reg_reg[1]/C
                            (rising edge-triggered cell FDPE clocked by dbg_hub/inst/BSCANID.u_xsdbm_id/SWITCH_N_EXT_BSCAN.bscan_inst/SERIES7_BSCAN.bscan_inst/TCK  {rise@0.000ns fall@16.500ns period=33.000ns})
  Destination:            dbg_hub/inst/BSCANID.u_xsdbm_id/CORE_XSDB.UUT_MASTER/U_ICON_INTERFACE/U_CMD6_RD/U_RD_FIFO/SUBCORE_FIFO.xsdbm_v3_0_0_rdfifo_inst/inst_fifo_gen/gconvfifo.rf/grf.rf/gntv_or_sync_fifo.gcx.clkx/gnxpm_cdc.rd_pntr_gc_reg[2]/CLR
                            (removal check against rising-edge clock dbg_hub/inst/BSCANID.u_xsdbm_id/SWITCH_N_EXT_BSCAN.bscan_inst/SERIES7_BSCAN.bscan_inst/TCK  {rise@0.000ns fall@16.500ns period=33.000ns})
  Path Group:             **async_default**
  Path Type:              Removal (Min at Fast Process Corner)
  Requirement:            0.000ns  (dbg_hub/inst/BSCANID.u_xsdbm_id/SWITCH_N_EXT_BSCAN.bscan_inst/SERIES7_BSCAN.bscan_inst/TCK rise@0.000ns - dbg_hub/inst/BSCANID.u_xsdbm_id/SWITCH_N_EXT_BSCAN.bscan_inst/SERIES7_BSCAN.bscan_inst/TCK rise@0.000ns)
  Data Path Delay:        0.310ns  (logic 0.164ns (52.986%)  route 0.146ns (47.014%))
  Logic Levels:           0  
  Clock Path Skew:        0.036ns (DCD - SCD - CPR)
    Destination Clock Delay (DCD):    1.657ns
    Source Clock Delay      (SCD):    1.278ns
    Clock Pessimism Removal (CPR):    0.343ns

    Location             Delay type                Incr(ns)  Path(ns)    Netlist Resource(s)
  -------------------------------------------------------------------    -------------------
                         (clock dbg_hub/inst/BSCANID.u_xsdbm_id/SWITCH_N_EXT_BSCAN.bscan_inst/SERIES7_BSCAN.bscan_inst/TCK rise edge)
                                                      0.000     0.000 r  
    BSCAN_X0Y0           BSCANE2                      0.000     0.000 r  dbg_hub/inst/BSCANID.u_xsdbm_id/SWITCH_N_EXT_BSCAN.bscan_inst/SERIES7_BSCAN.bscan_inst/TCK
                         net (fo=1, routed)           0.685     0.685    dbg_hub/inst/BSCANID.u_xsdbm_id/tck_bs
    BUFGCTRL_X0Y1        BUFG (Prop_bufg_I_O)         0.026     0.711 r  dbg_hub/inst/BSCANID.u_xsdbm_id/SWITCH_N_EXT_BSCAN.u_bufg_icon_tck/O
                         net (fo=482, routed)         0.567     1.278    dbg_hub/inst/BSCANID.u_xsdbm_id/CORE_XSDB.UUT_MASTER/U_ICON_INTERFACE/U_CMD6_RD/U_RD_FIFO/SUBCORE_FIFO.xsdbm_v3_0_0_rdfifo_inst/inst_fifo_gen/gconvfifo.rf/grf.rf/rstblk/rd_clk
    SLICE_X50Y48         FDPE                                         r  dbg_hub/inst/BSCANID.u_xsdbm_id/CORE_XSDB.UUT_MASTER/U_ICON_INTERFACE/U_CMD6_RD/U_RD_FIFO/SUBCORE_FIFO.xsdbm_v3_0_0_rdfifo_inst/inst_fifo_gen/gconvfifo.rf/grf.rf/rstblk/ngwrdrst.grst.g7serrst.rd_rst_reg_reg[1]/C
  -------------------------------------------------------------------    -------------------
    SLICE_X50Y48         FDPE (Prop_fdpe_C_Q)         0.164     1.442 f  dbg_hub/inst/BSCANID.u_xsdbm_id/CORE_XSDB.UUT_MASTER/U_ICON_INTERFACE/U_CMD6_RD/U_RD_FIFO/SUBCORE_FIFO.xsdbm_v3_0_0_rdfifo_inst/inst_fifo_gen/gconvfifo.rf/grf.rf/rstblk/ngwrdrst.grst.g7serrst.rd_rst_reg_reg[1]/Q
                         net (fo=16, routed)          0.146     1.587    dbg_hub/inst/BSCANID.u_xsdbm_id/CORE_XSDB.UUT_MASTER/U_ICON_INTERFACE/U_CMD6_RD/U_RD_FIFO/SUBCORE_FIFO.xsdbm_v3_0_0_rdfifo_inst/inst_fifo_gen/gconvfifo.rf/grf.rf/gntv_or_sync_fifo.gcx.clkx/Q_reg_reg[0][0]
    SLICE_X48Y48         FDCE                                         f  dbg_hub/inst/BSCANID.u_xsdbm_id/CORE_XSDB.UUT_MASTER/U_ICON_INTERFACE/U_CMD6_RD/U_RD_FIFO/SUBCORE_FIFO.xsdbm_v3_0_0_rdfifo_inst/inst_fifo_gen/gconvfifo.rf/grf.rf/gntv_or_sync_fifo.gcx.clkx/gnxpm_cdc.rd_pntr_gc_reg[2]/CLR
  -------------------------------------------------------------------    -------------------

                         (clock dbg_hub/inst/BSCANID.u_xsdbm_id/SWITCH_N_EXT_BSCAN.bscan_inst/SERIES7_BSCAN.bscan_inst/TCK rise edge)
                                                      0.000     0.000 r  
    BSCAN_X0Y0           BSCANE2                      0.000     0.000 r  dbg_hub/inst/BSCANID.u_xsdbm_id/SWITCH_N_EXT_BSCAN.bscan_inst/SERIES7_BSCAN.bscan_inst/TCK
                         net (fo=1, routed)           0.791     0.791    dbg_hub/inst/BSCANID.u_xsdbm_id/tck_bs
    BUFGCTRL_X0Y1        BUFG (Prop_bufg_I_O)         0.029     0.820 r  dbg_hub/inst/BSCANID.u_xsdbm_id/SWITCH_N_EXT_BSCAN.u_bufg_icon_tck/O
                         net (fo=482, routed)         0.837     1.657    dbg_hub/inst/BSCANID.u_xsdbm_id/CORE_XSDB.UUT_MASTER/U_ICON_INTERFACE/U_CMD6_RD/U_RD_FIFO/SUBCORE_FIFO.xsdbm_v3_0_0_rdfifo_inst/inst_fifo_gen/gconvfifo.rf/grf.rf/gntv_or_sync_fifo.gcx.clkx/rd_clk
    SLICE_X48Y48         FDCE                                         r  dbg_hub/inst/BSCANID.u_xsdbm_id/CORE_XSDB.UUT_MASTER/U_ICON_INTERFACE/U_CMD6_RD/U_RD_FIFO/SUBCORE_FIFO.xsdbm_v3_0_0_rdfifo_inst/inst_fifo_gen/gconvfifo.rf/grf.rf/gntv_or_sync_fifo.gcx.clkx/gnxpm_cdc.rd_pntr_gc_reg[2]/C
                         clock pessimism             -0.343     1.314    
    SLICE_X48Y48         FDCE (Remov_fdce_C_CLR)     -0.092     1.222    dbg_hub/inst/BSCANID.u_xsdbm_id/CORE_XSDB.UUT_MASTER/U_ICON_INTERFACE/U_CMD6_RD/U_RD_FIFO/SUBCORE_FIFO.xsdbm_v3_0_0_rdfifo_inst/inst_fifo_gen/gconvfifo.rf/grf.rf/gntv_or_sync_fifo.gcx.clkx/gnxpm_cdc.rd_pntr_gc_reg[2]
  -------------------------------------------------------------------
                         required time                         -1.222    
                         arrival time                           1.587    
  -------------------------------------------------------------------
                         slack                                  0.366    

Slack (MET) :             0.366ns  (arrival time - required time)
  Source:                 dbg_hub/inst/BSCANID.u_xsdbm_id/CORE_XSDB.UUT_MASTER/U_ICON_INTERFACE/U_CMD6_RD/U_RD_FIFO/SUBCORE_FIFO.xsdbm_v3_0_0_rdfifo_inst/inst_fifo_gen/gconvfifo.rf/grf.rf/rstblk/ngwrdrst.grst.g7serrst.rd_rst_reg_reg[1]/C
                            (rising edge-triggered cell FDPE clocked by dbg_hub/inst/BSCANID.u_xsdbm_id/SWITCH_N_EXT_BSCAN.bscan_inst/SERIES7_BSCAN.bscan_inst/TCK  {rise@0.000ns fall@16.500ns period=33.000ns})
  Destination:            dbg_hub/inst/BSCANID.u_xsdbm_id/CORE_XSDB.UUT_MASTER/U_ICON_INTERFACE/U_CMD6_RD/U_RD_FIFO/SUBCORE_FIFO.xsdbm_v3_0_0_rdfifo_inst/inst_fifo_gen/gconvfifo.rf/grf.rf/gntv_or_sync_fifo.gcx.clkx/gnxpm_cdc.wr_pntr_bin_reg[0]/CLR
                            (removal check against rising-edge clock dbg_hub/inst/BSCANID.u_xsdbm_id/SWITCH_N_EXT_BSCAN.bscan_inst/SERIES7_BSCAN.bscan_inst/TCK  {rise@0.000ns fall@16.500ns period=33.000ns})
  Path Group:             **async_default**
  Path Type:              Removal (Min at Fast Process Corner)
  Requirement:            0.000ns  (dbg_hub/inst/BSCANID.u_xsdbm_id/SWITCH_N_EXT_BSCAN.bscan_inst/SERIES7_BSCAN.bscan_inst/TCK rise@0.000ns - dbg_hub/inst/BSCANID.u_xsdbm_id/SWITCH_N_EXT_BSCAN.bscan_inst/SERIES7_BSCAN.bscan_inst/TCK rise@0.000ns)
  Data Path Delay:        0.310ns  (logic 0.164ns (52.986%)  route 0.146ns (47.014%))
  Logic Levels:           0  
  Clock Path Skew:        0.036ns (DCD - SCD - CPR)
    Destination Clock Delay (DCD):    1.657ns
    Source Clock Delay      (SCD):    1.278ns
    Clock Pessimism Removal (CPR):    0.343ns

    Location             Delay type                Incr(ns)  Path(ns)    Netlist Resource(s)
  -------------------------------------------------------------------    -------------------
                         (clock dbg_hub/inst/BSCANID.u_xsdbm_id/SWITCH_N_EXT_BSCAN.bscan_inst/SERIES7_BSCAN.bscan_inst/TCK rise edge)
                                                      0.000     0.000 r  
    BSCAN_X0Y0           BSCANE2                      0.000     0.000 r  dbg_hub/inst/BSCANID.u_xsdbm_id/SWITCH_N_EXT_BSCAN.bscan_inst/SERIES7_BSCAN.bscan_inst/TCK
                         net (fo=1, routed)           0.685     0.685    dbg_hub/inst/BSCANID.u_xsdbm_id/tck_bs
    BUFGCTRL_X0Y1        BUFG (Prop_bufg_I_O)         0.026     0.711 r  dbg_hub/inst/BSCANID.u_xsdbm_id/SWITCH_N_EXT_BSCAN.u_bufg_icon_tck/O
                         net (fo=482, routed)         0.567     1.278    dbg_hub/inst/BSCANID.u_xsdbm_id/CORE_XSDB.UUT_MASTER/U_ICON_INTERFACE/U_CMD6_RD/U_RD_FIFO/SUBCORE_FIFO.xsdbm_v3_0_0_rdfifo_inst/inst_fifo_gen/gconvfifo.rf/grf.rf/rstblk/rd_clk
    SLICE_X50Y48         FDPE                                         r  dbg_hub/inst/BSCANID.u_xsdbm_id/CORE_XSDB.UUT_MASTER/U_ICON_INTERFACE/U_CMD6_RD/U_RD_FIFO/SUBCORE_FIFO.xsdbm_v3_0_0_rdfifo_inst/inst_fifo_gen/gconvfifo.rf/grf.rf/rstblk/ngwrdrst.grst.g7serrst.rd_rst_reg_reg[1]/C
  -------------------------------------------------------------------    -------------------
    SLICE_X50Y48         FDPE (Prop_fdpe_C_Q)         0.164     1.442 f  dbg_hub/inst/BSCANID.u_xsdbm_id/CORE_XSDB.UUT_MASTER/U_ICON_INTERFACE/U_CMD6_RD/U_RD_FIFO/SUBCORE_FIFO.xsdbm_v3_0_0_rdfifo_inst/inst_fifo_gen/gconvfifo.rf/grf.rf/rstblk/ngwrdrst.grst.g7serrst.rd_rst_reg_reg[1]/Q
                         net (fo=16, routed)          0.146     1.587    dbg_hub/inst/BSCANID.u_xsdbm_id/CORE_XSDB.UUT_MASTER/U_ICON_INTERFACE/U_CMD6_RD/U_RD_FIFO/SUBCORE_FIFO.xsdbm_v3_0_0_rdfifo_inst/inst_fifo_gen/gconvfifo.rf/grf.rf/gntv_or_sync_fifo.gcx.clkx/Q_reg_reg[0][0]
    SLICE_X48Y48         FDCE                                         f  dbg_hub/inst/BSCANID.u_xsdbm_id/CORE_XSDB.UUT_MASTER/U_ICON_INTERFACE/U_CMD6_RD/U_RD_FIFO/SUBCORE_FIFO.xsdbm_v3_0_0_rdfifo_inst/inst_fifo_gen/gconvfifo.rf/grf.rf/gntv_or_sync_fifo.gcx.clkx/gnxpm_cdc.wr_pntr_bin_reg[0]/CLR
  -------------------------------------------------------------------    -------------------

                         (clock dbg_hub/inst/BSCANID.u_xsdbm_id/SWITCH_N_EXT_BSCAN.bscan_inst/SERIES7_BSCAN.bscan_inst/TCK rise edge)
                                                      0.000     0.000 r  
    BSCAN_X0Y0           BSCANE2                      0.000     0.000 r  dbg_hub/inst/BSCANID.u_xsdbm_id/SWITCH_N_EXT_BSCAN.bscan_inst/SERIES7_BSCAN.bscan_inst/TCK
                         net (fo=1, routed)           0.791     0.791    dbg_hub/inst/BSCANID.u_xsdbm_id/tck_bs
    BUFGCTRL_X0Y1        BUFG (Prop_bufg_I_O)         0.029     0.820 r  dbg_hub/inst/BSCANID.u_xsdbm_id/SWITCH_N_EXT_BSCAN.u_bufg_icon_tck/O
                         net (fo=482, routed)         0.837     1.657    dbg_hub/inst/BSCANID.u_xsdbm_id/CORE_XSDB.UUT_MASTER/U_ICON_INTERFACE/U_CMD6_RD/U_RD_FIFO/SUBCORE_FIFO.xsdbm_v3_0_0_rdfifo_inst/inst_fifo_gen/gconvfifo.rf/grf.rf/gntv_or_sync_fifo.gcx.clkx/rd_clk
    SLICE_X48Y48         FDCE                                         r  dbg_hub/inst/BSCANID.u_xsdbm_id/CORE_XSDB.UUT_MASTER/U_ICON_INTERFACE/U_CMD6_RD/U_RD_FIFO/SUBCORE_FIFO.xsdbm_v3_0_0_rdfifo_inst/inst_fifo_gen/gconvfifo.rf/grf.rf/gntv_or_sync_fifo.gcx.clkx/gnxpm_cdc.wr_pntr_bin_reg[0]/C
                         clock pessimism             -0.343     1.314    
    SLICE_X48Y48         FDCE (Remov_fdce_C_CLR)     -0.092     1.222    dbg_hub/inst/BSCANID.u_xsdbm_id/CORE_XSDB.UUT_MASTER/U_ICON_INTERFACE/U_CMD6_RD/U_RD_FIFO/SUBCORE_FIFO.xsdbm_v3_0_0_rdfifo_inst/inst_fifo_gen/gconvfifo.rf/grf.rf/gntv_or_sync_fifo.gcx.clkx/gnxpm_cdc.wr_pntr_bin_reg[0]
  -------------------------------------------------------------------
                         required time                         -1.222    
                         arrival time                           1.587    
  -------------------------------------------------------------------
                         slack                                  0.366    

Slack (MET) :             0.366ns  (arrival time - required time)
  Source:                 dbg_hub/inst/BSCANID.u_xsdbm_id/CORE_XSDB.UUT_MASTER/U_ICON_INTERFACE/U_CMD6_RD/U_RD_FIFO/SUBCORE_FIFO.xsdbm_v3_0_0_rdfifo_inst/inst_fifo_gen/gconvfifo.rf/grf.rf/rstblk/ngwrdrst.grst.g7serrst.rd_rst_reg_reg[1]/C
                            (rising edge-triggered cell FDPE clocked by dbg_hub/inst/BSCANID.u_xsdbm_id/SWITCH_N_EXT_BSCAN.bscan_inst/SERIES7_BSCAN.bscan_inst/TCK  {rise@0.000ns fall@16.500ns period=33.000ns})
  Destination:            dbg_hub/inst/BSCANID.u_xsdbm_id/CORE_XSDB.UUT_MASTER/U_ICON_INTERFACE/U_CMD6_RD/U_RD_FIFO/SUBCORE_FIFO.xsdbm_v3_0_0_rdfifo_inst/inst_fifo_gen/gconvfifo.rf/grf.rf/gntv_or_sync_fifo.gcx.clkx/gnxpm_cdc.wr_pntr_bin_reg[1]/CLR
                            (removal check against rising-edge clock dbg_hub/inst/BSCANID.u_xsdbm_id/SWITCH_N_EXT_BSCAN.bscan_inst/SERIES7_BSCAN.bscan_inst/TCK  {rise@0.000ns fall@16.500ns period=33.000ns})
  Path Group:             **async_default**
  Path Type:              Removal (Min at Fast Process Corner)
  Requirement:            0.000ns  (dbg_hub/inst/BSCANID.u_xsdbm_id/SWITCH_N_EXT_BSCAN.bscan_inst/SERIES7_BSCAN.bscan_inst/TCK rise@0.000ns - dbg_hub/inst/BSCANID.u_xsdbm_id/SWITCH_N_EXT_BSCAN.bscan_inst/SERIES7_BSCAN.bscan_inst/TCK rise@0.000ns)
  Data Path Delay:        0.310ns  (logic 0.164ns (52.986%)  route 0.146ns (47.014%))
  Logic Levels:           0  
  Clock Path Skew:        0.036ns (DCD - SCD - CPR)
    Destination Clock Delay (DCD):    1.657ns
    Source Clock Delay      (SCD):    1.278ns
    Clock Pessimism Removal (CPR):    0.343ns

    Location             Delay type                Incr(ns)  Path(ns)    Netlist Resource(s)
  -------------------------------------------------------------------    -------------------
                         (clock dbg_hub/inst/BSCANID.u_xsdbm_id/SWITCH_N_EXT_BSCAN.bscan_inst/SERIES7_BSCAN.bscan_inst/TCK rise edge)
                                                      0.000     0.000 r  
    BSCAN_X0Y0           BSCANE2                      0.000     0.000 r  dbg_hub/inst/BSCANID.u_xsdbm_id/SWITCH_N_EXT_BSCAN.bscan_inst/SERIES7_BSCAN.bscan_inst/TCK
                         net (fo=1, routed)           0.685     0.685    dbg_hub/inst/BSCANID.u_xsdbm_id/tck_bs
    BUFGCTRL_X0Y1        BUFG (Prop_bufg_I_O)         0.026     0.711 r  dbg_hub/inst/BSCANID.u_xsdbm_id/SWITCH_N_EXT_BSCAN.u_bufg_icon_tck/O
                         net (fo=482, routed)         0.567     1.278    dbg_hub/inst/BSCANID.u_xsdbm_id/CORE_XSDB.UUT_MASTER/U_ICON_INTERFACE/U_CMD6_RD/U_RD_FIFO/SUBCORE_FIFO.xsdbm_v3_0_0_rdfifo_inst/inst_fifo_gen/gconvfifo.rf/grf.rf/rstblk/rd_clk
    SLICE_X50Y48         FDPE                                         r  dbg_hub/inst/BSCANID.u_xsdbm_id/CORE_XSDB.UUT_MASTER/U_ICON_INTERFACE/U_CMD6_RD/U_RD_FIFO/SUBCORE_FIFO.xsdbm_v3_0_0_rdfifo_inst/inst_fifo_gen/gconvfifo.rf/grf.rf/rstblk/ngwrdrst.grst.g7serrst.rd_rst_reg_reg[1]/C
  -------------------------------------------------------------------    -------------------
    SLICE_X50Y48         FDPE (Prop_fdpe_C_Q)         0.164     1.442 f  dbg_hub/inst/BSCANID.u_xsdbm_id/CORE_XSDB.UUT_MASTER/U_ICON_INTERFACE/U_CMD6_RD/U_RD_FIFO/SUBCORE_FIFO.xsdbm_v3_0_0_rdfifo_inst/inst_fifo_gen/gconvfifo.rf/grf.rf/rstblk/ngwrdrst.grst.g7serrst.rd_rst_reg_reg[1]/Q
                         net (fo=16, routed)          0.146     1.587    dbg_hub/inst/BSCANID.u_xsdbm_id/CORE_XSDB.UUT_MASTER/U_ICON_INTERFACE/U_CMD6_RD/U_RD_FIFO/SUBCORE_FIFO.xsdbm_v3_0_0_rdfifo_inst/inst_fifo_gen/gconvfifo.rf/grf.rf/gntv_or_sync_fifo.gcx.clkx/Q_reg_reg[0][0]
    SLICE_X48Y48         FDCE                                         f  dbg_hub/inst/BSCANID.u_xsdbm_id/CORE_XSDB.UUT_MASTER/U_ICON_INTERFACE/U_CMD6_RD/U_RD_FIFO/SUBCORE_FIFO.xsdbm_v3_0_0_rdfifo_inst/inst_fifo_gen/gconvfifo.rf/grf.rf/gntv_or_sync_fifo.gcx.clkx/gnxpm_cdc.wr_pntr_bin_reg[1]/CLR
  -------------------------------------------------------------------    -------------------

                         (clock dbg_hub/inst/BSCANID.u_xsdbm_id/SWITCH_N_EXT_BSCAN.bscan_inst/SERIES7_BSCAN.bscan_inst/TCK rise edge)
                                                      0.000     0.000 r  
    BSCAN_X0Y0           BSCANE2                      0.000     0.000 r  dbg_hub/inst/BSCANID.u_xsdbm_id/SWITCH_N_EXT_BSCAN.bscan_inst/SERIES7_BSCAN.bscan_inst/TCK
                         net (fo=1, routed)           0.791     0.791    dbg_hub/inst/BSCANID.u_xsdbm_id/tck_bs
    BUFGCTRL_X0Y1        BUFG (Prop_bufg_I_O)         0.029     0.820 r  dbg_hub/inst/BSCANID.u_xsdbm_id/SWITCH_N_EXT_BSCAN.u_bufg_icon_tck/O
                         net (fo=482, routed)         0.837     1.657    dbg_hub/inst/BSCANID.u_xsdbm_id/CORE_XSDB.UUT_MASTER/U_ICON_INTERFACE/U_CMD6_RD/U_RD_FIFO/SUBCORE_FIFO.xsdbm_v3_0_0_rdfifo_inst/inst_fifo_gen/gconvfifo.rf/grf.rf/gntv_or_sync_fifo.gcx.clkx/rd_clk
    SLICE_X48Y48         FDCE                                         r  dbg_hub/inst/BSCANID.u_xsdbm_id/CORE_XSDB.UUT_MASTER/U_ICON_INTERFACE/U_CMD6_RD/U_RD_FIFO/SUBCORE_FIFO.xsdbm_v3_0_0_rdfifo_inst/inst_fifo_gen/gconvfifo.rf/grf.rf/gntv_or_sync_fifo.gcx.clkx/gnxpm_cdc.wr_pntr_bin_reg[1]/C
                         clock pessimism             -0.343     1.314    
    SLICE_X48Y48         FDCE (Remov_fdce_C_CLR)     -0.092     1.222    dbg_hub/inst/BSCANID.u_xsdbm_id/CORE_XSDB.UUT_MASTER/U_ICON_INTERFACE/U_CMD6_RD/U_RD_FIFO/SUBCORE_FIFO.xsdbm_v3_0_0_rdfifo_inst/inst_fifo_gen/gconvfifo.rf/grf.rf/gntv_or_sync_fifo.gcx.clkx/gnxpm_cdc.wr_pntr_bin_reg[1]
  -------------------------------------------------------------------
                         required time                         -1.222    
                         arrival time                           1.587    
  -------------------------------------------------------------------
                         slack                                  0.366    

Slack (MET) :             0.366ns  (arrival time - required time)
  Source:                 dbg_hub/inst/BSCANID.u_xsdbm_id/CORE_XSDB.UUT_MASTER/U_ICON_INTERFACE/U_CMD6_RD/U_RD_FIFO/SUBCORE_FIFO.xsdbm_v3_0_0_rdfifo_inst/inst_fifo_gen/gconvfifo.rf/grf.rf/rstblk/ngwrdrst.grst.g7serrst.rd_rst_reg_reg[1]/C
                            (rising edge-triggered cell FDPE clocked by dbg_hub/inst/BSCANID.u_xsdbm_id/SWITCH_N_EXT_BSCAN.bscan_inst/SERIES7_BSCAN.bscan_inst/TCK  {rise@0.000ns fall@16.500ns period=33.000ns})
  Destination:            dbg_hub/inst/BSCANID.u_xsdbm_id/CORE_XSDB.UUT_MASTER/U_ICON_INTERFACE/U_CMD6_RD/U_RD_FIFO/SUBCORE_FIFO.xsdbm_v3_0_0_rdfifo_inst/inst_fifo_gen/gconvfifo.rf/grf.rf/gntv_or_sync_fifo.gcx.clkx/gnxpm_cdc.wr_pntr_bin_reg[2]/CLR
                            (removal check against rising-edge clock dbg_hub/inst/BSCANID.u_xsdbm_id/SWITCH_N_EXT_BSCAN.bscan_inst/SERIES7_BSCAN.bscan_inst/TCK  {rise@0.000ns fall@16.500ns period=33.000ns})
  Path Group:             **async_default**
  Path Type:              Removal (Min at Fast Process Corner)
  Requirement:            0.000ns  (dbg_hub/inst/BSCANID.u_xsdbm_id/SWITCH_N_EXT_BSCAN.bscan_inst/SERIES7_BSCAN.bscan_inst/TCK rise@0.000ns - dbg_hub/inst/BSCANID.u_xsdbm_id/SWITCH_N_EXT_BSCAN.bscan_inst/SERIES7_BSCAN.bscan_inst/TCK rise@0.000ns)
  Data Path Delay:        0.310ns  (logic 0.164ns (52.986%)  route 0.146ns (47.014%))
  Logic Levels:           0  
  Clock Path Skew:        0.036ns (DCD - SCD - CPR)
    Destination Clock Delay (DCD):    1.657ns
    Source Clock Delay      (SCD):    1.278ns
    Clock Pessimism Removal (CPR):    0.343ns

    Location             Delay type                Incr(ns)  Path(ns)    Netlist Resource(s)
  -------------------------------------------------------------------    -------------------
                         (clock dbg_hub/inst/BSCANID.u_xsdbm_id/SWITCH_N_EXT_BSCAN.bscan_inst/SERIES7_BSCAN.bscan_inst/TCK rise edge)
                                                      0.000     0.000 r  
    BSCAN_X0Y0           BSCANE2                      0.000     0.000 r  dbg_hub/inst/BSCANID.u_xsdbm_id/SWITCH_N_EXT_BSCAN.bscan_inst/SERIES7_BSCAN.bscan_inst/TCK
                         net (fo=1, routed)           0.685     0.685    dbg_hub/inst/BSCANID.u_xsdbm_id/tck_bs
    BUFGCTRL_X0Y1        BUFG (Prop_bufg_I_O)         0.026     0.711 r  dbg_hub/inst/BSCANID.u_xsdbm_id/SWITCH_N_EXT_BSCAN.u_bufg_icon_tck/O
                         net (fo=482, routed)         0.567     1.278    dbg_hub/inst/BSCANID.u_xsdbm_id/CORE_XSDB.UUT_MASTER/U_ICON_INTERFACE/U_CMD6_RD/U_RD_FIFO/SUBCORE_FIFO.xsdbm_v3_0_0_rdfifo_inst/inst_fifo_gen/gconvfifo.rf/grf.rf/rstblk/rd_clk
    SLICE_X50Y48         FDPE                                         r  dbg_hub/inst/BSCANID.u_xsdbm_id/CORE_XSDB.UUT_MASTER/U_ICON_INTERFACE/U_CMD6_RD/U_RD_FIFO/SUBCORE_FIFO.xsdbm_v3_0_0_rdfifo_inst/inst_fifo_gen/gconvfifo.rf/grf.rf/rstblk/ngwrdrst.grst.g7serrst.rd_rst_reg_reg[1]/C
  -------------------------------------------------------------------    -------------------
    SLICE_X50Y48         FDPE (Prop_fdpe_C_Q)         0.164     1.442 f  dbg_hub/inst/BSCANID.u_xsdbm_id/CORE_XSDB.UUT_MASTER/U_ICON_INTERFACE/U_CMD6_RD/U_RD_FIFO/SUBCORE_FIFO.xsdbm_v3_0_0_rdfifo_inst/inst_fifo_gen/gconvfifo.rf/grf.rf/rstblk/ngwrdrst.grst.g7serrst.rd_rst_reg_reg[1]/Q
                         net (fo=16, routed)          0.146     1.587    dbg_hub/inst/BSCANID.u_xsdbm_id/CORE_XSDB.UUT_MASTER/U_ICON_INTERFACE/U_CMD6_RD/U_RD_FIFO/SUBCORE_FIFO.xsdbm_v3_0_0_rdfifo_inst/inst_fifo_gen/gconvfifo.rf/grf.rf/gntv_or_sync_fifo.gcx.clkx/Q_reg_reg[0][0]
    SLICE_X48Y48         FDCE                                         f  dbg_hub/inst/BSCANID.u_xsdbm_id/CORE_XSDB.UUT_MASTER/U_ICON_INTERFACE/U_CMD6_RD/U_RD_FIFO/SUBCORE_FIFO.xsdbm_v3_0_0_rdfifo_inst/inst_fifo_gen/gconvfifo.rf/grf.rf/gntv_or_sync_fifo.gcx.clkx/gnxpm_cdc.wr_pntr_bin_reg[2]/CLR
  -------------------------------------------------------------------    -------------------

                         (clock dbg_hub/inst/BSCANID.u_xsdbm_id/SWITCH_N_EXT_BSCAN.bscan_inst/SERIES7_BSCAN.bscan_inst/TCK rise edge)
                                                      0.000     0.000 r  
    BSCAN_X0Y0           BSCANE2                      0.000     0.000 r  dbg_hub/inst/BSCANID.u_xsdbm_id/SWITCH_N_EXT_BSCAN.bscan_inst/SERIES7_BSCAN.bscan_inst/TCK
                         net (fo=1, routed)           0.791     0.791    dbg_hub/inst/BSCANID.u_xsdbm_id/tck_bs
    BUFGCTRL_X0Y1        BUFG (Prop_bufg_I_O)         0.029     0.820 r  dbg_hub/inst/BSCANID.u_xsdbm_id/SWITCH_N_EXT_BSCAN.u_bufg_icon_tck/O
                         net (fo=482, routed)         0.837     1.657    dbg_hub/inst/BSCANID.u_xsdbm_id/CORE_XSDB.UUT_MASTER/U_ICON_INTERFACE/U_CMD6_RD/U_RD_FIFO/SUBCORE_FIFO.xsdbm_v3_0_0_rdfifo_inst/inst_fifo_gen/gconvfifo.rf/grf.rf/gntv_or_sync_fifo.gcx.clkx/rd_clk
    SLICE_X48Y48         FDCE                                         r  dbg_hub/inst/BSCANID.u_xsdbm_id/CORE_XSDB.UUT_MASTER/U_ICON_INTERFACE/U_CMD6_RD/U_RD_FIFO/SUBCORE_FIFO.xsdbm_v3_0_0_rdfifo_inst/inst_fifo_gen/gconvfifo.rf/grf.rf/gntv_or_sync_fifo.gcx.clkx/gnxpm_cdc.wr_pntr_bin_reg[2]/C
                         clock pessimism             -0.343     1.314    
    SLICE_X48Y48         FDCE (Remov_fdce_C_CLR)     -0.092     1.222    dbg_hub/inst/BSCANID.u_xsdbm_id/CORE_XSDB.UUT_MASTER/U_ICON_INTERFACE/U_CMD6_RD/U_RD_FIFO/SUBCORE_FIFO.xsdbm_v3_0_0_rdfifo_inst/inst_fifo_gen/gconvfifo.rf/grf.rf/gntv_or_sync_fifo.gcx.clkx/gnxpm_cdc.wr_pntr_bin_reg[2]
  -------------------------------------------------------------------
                         required time                         -1.222    
                         arrival time                           1.587    
  -------------------------------------------------------------------
                         slack                                  0.366    

Slack (MET) :             0.366ns  (arrival time - required time)
  Source:                 dbg_hub/inst/BSCANID.u_xsdbm_id/CORE_XSDB.UUT_MASTER/U_ICON_INTERFACE/U_CMD6_RD/U_RD_FIFO/SUBCORE_FIFO.xsdbm_v3_0_0_rdfifo_inst/inst_fifo_gen/gconvfifo.rf/grf.rf/rstblk/ngwrdrst.grst.g7serrst.rd_rst_reg_reg[1]/C
                            (rising edge-triggered cell FDPE clocked by dbg_hub/inst/BSCANID.u_xsdbm_id/SWITCH_N_EXT_BSCAN.bscan_inst/SERIES7_BSCAN.bscan_inst/TCK  {rise@0.000ns fall@16.500ns period=33.000ns})
  Destination:            dbg_hub/inst/BSCANID.u_xsdbm_id/CORE_XSDB.UUT_MASTER/U_ICON_INTERFACE/U_CMD6_RD/U_RD_FIFO/SUBCORE_FIFO.xsdbm_v3_0_0_rdfifo_inst/inst_fifo_gen/gconvfifo.rf/grf.rf/gntv_or_sync_fifo.gcx.clkx/gnxpm_cdc.wr_pntr_bin_reg[3]/CLR
                            (removal check against rising-edge clock dbg_hub/inst/BSCANID.u_xsdbm_id/SWITCH_N_EXT_BSCAN.bscan_inst/SERIES7_BSCAN.bscan_inst/TCK  {rise@0.000ns fall@16.500ns period=33.000ns})
  Path Group:             **async_default**
  Path Type:              Removal (Min at Fast Process Corner)
  Requirement:            0.000ns  (dbg_hub/inst/BSCANID.u_xsdbm_id/SWITCH_N_EXT_BSCAN.bscan_inst/SERIES7_BSCAN.bscan_inst/TCK rise@0.000ns - dbg_hub/inst/BSCANID.u_xsdbm_id/SWITCH_N_EXT_BSCAN.bscan_inst/SERIES7_BSCAN.bscan_inst/TCK rise@0.000ns)
  Data Path Delay:        0.310ns  (logic 0.164ns (52.986%)  route 0.146ns (47.014%))
  Logic Levels:           0  
  Clock Path Skew:        0.036ns (DCD - SCD - CPR)
    Destination Clock Delay (DCD):    1.657ns
    Source Clock Delay      (SCD):    1.278ns
    Clock Pessimism Removal (CPR):    0.343ns

    Location             Delay type                Incr(ns)  Path(ns)    Netlist Resource(s)
  -------------------------------------------------------------------    -------------------
                         (clock dbg_hub/inst/BSCANID.u_xsdbm_id/SWITCH_N_EXT_BSCAN.bscan_inst/SERIES7_BSCAN.bscan_inst/TCK rise edge)
                                                      0.000     0.000 r  
    BSCAN_X0Y0           BSCANE2                      0.000     0.000 r  dbg_hub/inst/BSCANID.u_xsdbm_id/SWITCH_N_EXT_BSCAN.bscan_inst/SERIES7_BSCAN.bscan_inst/TCK
                         net (fo=1, routed)           0.685     0.685    dbg_hub/inst/BSCANID.u_xsdbm_id/tck_bs
    BUFGCTRL_X0Y1        BUFG (Prop_bufg_I_O)         0.026     0.711 r  dbg_hub/inst/BSCANID.u_xsdbm_id/SWITCH_N_EXT_BSCAN.u_bufg_icon_tck/O
                         net (fo=482, routed)         0.567     1.278    dbg_hub/inst/BSCANID.u_xsdbm_id/CORE_XSDB.UUT_MASTER/U_ICON_INTERFACE/U_CMD6_RD/U_RD_FIFO/SUBCORE_FIFO.xsdbm_v3_0_0_rdfifo_inst/inst_fifo_gen/gconvfifo.rf/grf.rf/rstblk/rd_clk
    SLICE_X50Y48         FDPE                                         r  dbg_hub/inst/BSCANID.u_xsdbm_id/CORE_XSDB.UUT_MASTER/U_ICON_INTERFACE/U_CMD6_RD/U_RD_FIFO/SUBCORE_FIFO.xsdbm_v3_0_0_rdfifo_inst/inst_fifo_gen/gconvfifo.rf/grf.rf/rstblk/ngwrdrst.grst.g7serrst.rd_rst_reg_reg[1]/C
  -------------------------------------------------------------------    -------------------
    SLICE_X50Y48         FDPE (Prop_fdpe_C_Q)         0.164     1.442 f  dbg_hub/inst/BSCANID.u_xsdbm_id/CORE_XSDB.UUT_MASTER/U_ICON_INTERFACE/U_CMD6_RD/U_RD_FIFO/SUBCORE_FIFO.xsdbm_v3_0_0_rdfifo_inst/inst_fifo_gen/gconvfifo.rf/grf.rf/rstblk/ngwrdrst.grst.g7serrst.rd_rst_reg_reg[1]/Q
                         net (fo=16, routed)          0.146     1.587    dbg_hub/inst/BSCANID.u_xsdbm_id/CORE_XSDB.UUT_MASTER/U_ICON_INTERFACE/U_CMD6_RD/U_RD_FIFO/SUBCORE_FIFO.xsdbm_v3_0_0_rdfifo_inst/inst_fifo_gen/gconvfifo.rf/grf.rf/gntv_or_sync_fifo.gcx.clkx/Q_reg_reg[0][0]
    SLICE_X48Y48         FDCE                                         f  dbg_hub/inst/BSCANID.u_xsdbm_id/CORE_XSDB.UUT_MASTER/U_ICON_INTERFACE/U_CMD6_RD/U_RD_FIFO/SUBCORE_FIFO.xsdbm_v3_0_0_rdfifo_inst/inst_fifo_gen/gconvfifo.rf/grf.rf/gntv_or_sync_fifo.gcx.clkx/gnxpm_cdc.wr_pntr_bin_reg[3]/CLR
  -------------------------------------------------------------------    -------------------

                         (clock dbg_hub/inst/BSCANID.u_xsdbm_id/SWITCH_N_EXT_BSCAN.bscan_inst/SERIES7_BSCAN.bscan_inst/TCK rise edge)
                                                      0.000     0.000 r  
    BSCAN_X0Y0           BSCANE2                      0.000     0.000 r  dbg_hub/inst/BSCANID.u_xsdbm_id/SWITCH_N_EXT_BSCAN.bscan_inst/SERIES7_BSCAN.bscan_inst/TCK
                         net (fo=1, routed)           0.791     0.791    dbg_hub/inst/BSCANID.u_xsdbm_id/tck_bs
    BUFGCTRL_X0Y1        BUFG (Prop_bufg_I_O)         0.029     0.820 r  dbg_hub/inst/BSCANID.u_xsdbm_id/SWITCH_N_EXT_BSCAN.u_bufg_icon_tck/O
                         net (fo=482, routed)         0.837     1.657    dbg_hub/inst/BSCANID.u_xsdbm_id/CORE_XSDB.UUT_MASTER/U_ICON_INTERFACE/U_CMD6_RD/U_RD_FIFO/SUBCORE_FIFO.xsdbm_v3_0_0_rdfifo_inst/inst_fifo_gen/gconvfifo.rf/grf.rf/gntv_or_sync_fifo.gcx.clkx/rd_clk
    SLICE_X48Y48         FDCE                                         r  dbg_hub/inst/BSCANID.u_xsdbm_id/CORE_XSDB.UUT_MASTER/U_ICON_INTERFACE/U_CMD6_RD/U_RD_FIFO/SUBCORE_FIFO.xsdbm_v3_0_0_rdfifo_inst/inst_fifo_gen/gconvfifo.rf/grf.rf/gntv_or_sync_fifo.gcx.clkx/gnxpm_cdc.wr_pntr_bin_reg[3]/C
                         clock pessimism             -0.343     1.314    
    SLICE_X48Y48         FDCE (Remov_fdce_C_CLR)     -0.092     1.222    dbg_hub/inst/BSCANID.u_xsdbm_id/CORE_XSDB.UUT_MASTER/U_ICON_INTERFACE/U_CMD6_RD/U_RD_FIFO/SUBCORE_FIFO.xsdbm_v3_0_0_rdfifo_inst/inst_fifo_gen/gconvfifo.rf/grf.rf/gntv_or_sync_fifo.gcx.clkx/gnxpm_cdc.wr_pntr_bin_reg[3]
  -------------------------------------------------------------------
                         required time                         -1.222    
                         arrival time                           1.587    
  -------------------------------------------------------------------
                         slack                                  0.366    





---------------------------------------------------------------------------------------------------
Path Group:  **default**
From Clock:  dbg_hub/inst/BSCANID.u_xsdbm_id/SWITCH_N_EXT_BSCAN.bscan_inst/SERIES7_BSCAN.bscan_inst/TCK
  To Clock:  

Setup :            0  Failing Endpoints,  Worst Slack       31.808ns,  Total Violation        0.000ns
Hold  :           NA  Failing Endpoints,  Worst Slack           NA  ,  Total Violation           NA
---------------------------------------------------------------------------------------------------


Max Delay Paths
--------------------------------------------------------------------------------------
Slack (MET) :             31.808ns  (required time - arrival time)
  Source:                 dbg_hub/inst/BSCANID.u_xsdbm_id/CORE_XSDB.UUT_MASTER/U_ICON_INTERFACE/U_CMD6_RD/U_RD_FIFO/SUBCORE_FIFO.xsdbm_v3_0_0_rdfifo_inst/inst_fifo_gen/gconvfifo.rf/grf.rf/gntv_or_sync_fifo.gcx.clkx/gnxpm_cdc.rd_pntr_gc_reg[0]/C
                            (rising edge-triggered cell FDCE clocked by dbg_hub/inst/BSCANID.u_xsdbm_id/SWITCH_N_EXT_BSCAN.bscan_inst/SERIES7_BSCAN.bscan_inst/TCK  {rise@0.000ns fall@16.500ns period=33.000ns})
  Destination:            dbg_hub/inst/BSCANID.u_xsdbm_id/CORE_XSDB.UUT_MASTER/U_ICON_INTERFACE/U_CMD6_RD/U_RD_FIFO/SUBCORE_FIFO.xsdbm_v3_0_0_rdfifo_inst/inst_fifo_gen/gconvfifo.rf/grf.rf/gntv_or_sync_fifo.gcx.clkx/gnxpm_cdc.gsync_stage[1].wr_stg_inst/Q_reg_reg[0]/D
  Path Group:             **default**
  Path Type:              Setup (Max at Slow Process Corner)
  Requirement:            33.000ns  (MaxDelay Path 33.000ns)
  Data Path Delay:        0.970ns  (logic 0.419ns (43.189%)  route 0.551ns (56.811%))
  Logic Levels:           0  
  Timing Exception:       MaxDelay Path 33.000ns -datapath_only

    Location             Delay type                Incr(ns)  Path(ns)    Netlist Resource(s)
  -------------------------------------------------------------------    -------------------
    SLICE_X48Y48                                      0.000     0.000 r  dbg_hub/inst/BSCANID.u_xsdbm_id/CORE_XSDB.UUT_MASTER/U_ICON_INTERFACE/U_CMD6_RD/U_RD_FIFO/SUBCORE_FIFO.xsdbm_v3_0_0_rdfifo_inst/inst_fifo_gen/gconvfifo.rf/grf.rf/gntv_or_sync_fifo.gcx.clkx/gnxpm_cdc.rd_pntr_gc_reg[0]/C
    SLICE_X48Y48         FDCE (Prop_fdce_C_Q)         0.419     0.419 r  dbg_hub/inst/BSCANID.u_xsdbm_id/CORE_XSDB.UUT_MASTER/U_ICON_INTERFACE/U_CMD6_RD/U_RD_FIFO/SUBCORE_FIFO.xsdbm_v3_0_0_rdfifo_inst/inst_fifo_gen/gconvfifo.rf/grf.rf/gntv_or_sync_fifo.gcx.clkx/gnxpm_cdc.rd_pntr_gc_reg[0]/Q
                         net (fo=1, routed)           0.551     0.970    dbg_hub/inst/BSCANID.u_xsdbm_id/CORE_XSDB.UUT_MASTER/U_ICON_INTERFACE/U_CMD6_RD/U_RD_FIFO/SUBCORE_FIFO.xsdbm_v3_0_0_rdfifo_inst/inst_fifo_gen/gconvfifo.rf/grf.rf/gntv_or_sync_fifo.gcx.clkx/gnxpm_cdc.gsync_stage[1].wr_stg_inst/Q[0]
    SLICE_X46Y48         FDCE                                         r  dbg_hub/inst/BSCANID.u_xsdbm_id/CORE_XSDB.UUT_MASTER/U_ICON_INTERFACE/U_CMD6_RD/U_RD_FIFO/SUBCORE_FIFO.xsdbm_v3_0_0_rdfifo_inst/inst_fifo_gen/gconvfifo.rf/grf.rf/gntv_or_sync_fifo.gcx.clkx/gnxpm_cdc.gsync_stage[1].wr_stg_inst/Q_reg_reg[0]/D
  -------------------------------------------------------------------    -------------------

                         max delay                   33.000    33.000    
    SLICE_X46Y48         FDCE (Setup_fdce_C_D)       -0.222    32.778    dbg_hub/inst/BSCANID.u_xsdbm_id/CORE_XSDB.UUT_MASTER/U_ICON_INTERFACE/U_CMD6_RD/U_RD_FIFO/SUBCORE_FIFO.xsdbm_v3_0_0_rdfifo_inst/inst_fifo_gen/gconvfifo.rf/grf.rf/gntv_or_sync_fifo.gcx.clkx/gnxpm_cdc.gsync_stage[1].wr_stg_inst/Q_reg_reg[0]
  -------------------------------------------------------------------
                         required time                         32.778    
                         arrival time                          -0.970    
  -------------------------------------------------------------------
                         slack                                 31.808    

Slack (MET) :             31.859ns  (required time - arrival time)
  Source:                 dbg_hub/inst/BSCANID.u_xsdbm_id/CORE_XSDB.UUT_MASTER/U_ICON_INTERFACE/U_CMD6_WR/U_WR_FIFO/SUBCORE_FIFO.xsdbm_v3_0_0_wrfifo_inst/inst_fifo_gen/gconvfifo.rf/grf.rf/gntv_or_sync_fifo.gcx.clkx/gnxpm_cdc.wr_pntr_gc_reg[3]/C
                            (rising edge-triggered cell FDCE clocked by dbg_hub/inst/BSCANID.u_xsdbm_id/SWITCH_N_EXT_BSCAN.bscan_inst/SERIES7_BSCAN.bscan_inst/TCK  {rise@0.000ns fall@16.500ns period=33.000ns})
  Destination:            dbg_hub/inst/BSCANID.u_xsdbm_id/CORE_XSDB.UUT_MASTER/U_ICON_INTERFACE/U_CMD6_WR/U_WR_FIFO/SUBCORE_FIFO.xsdbm_v3_0_0_wrfifo_inst/inst_fifo_gen/gconvfifo.rf/grf.rf/gntv_or_sync_fifo.gcx.clkx/gnxpm_cdc.gsync_stage[1].rd_stg_inst/Q_reg_reg[3]/D
  Path Group:             **default**
  Path Type:              Setup (Max at Slow Process Corner)
  Requirement:            33.000ns  (MaxDelay Path 33.000ns)
  Data Path Delay:        0.924ns  (logic 0.478ns (51.704%)  route 0.446ns (48.296%))
  Logic Levels:           0  
  Timing Exception:       MaxDelay Path 33.000ns -datapath_only

    Location             Delay type                Incr(ns)  Path(ns)    Netlist Resource(s)
  -------------------------------------------------------------------    -------------------
    SLICE_X30Y41                                      0.000     0.000 r  dbg_hub/inst/BSCANID.u_xsdbm_id/CORE_XSDB.UUT_MASTER/U_ICON_INTERFACE/U_CMD6_WR/U_WR_FIFO/SUBCORE_FIFO.xsdbm_v3_0_0_wrfifo_inst/inst_fifo_gen/gconvfifo.rf/grf.rf/gntv_or_sync_fifo.gcx.clkx/gnxpm_cdc.wr_pntr_gc_reg[3]/C
    SLICE_X30Y41         FDCE (Prop_fdce_C_Q)         0.478     0.478 r  dbg_hub/inst/BSCANID.u_xsdbm_id/CORE_XSDB.UUT_MASTER/U_ICON_INTERFACE/U_CMD6_WR/U_WR_FIFO/SUBCORE_FIFO.xsdbm_v3_0_0_wrfifo_inst/inst_fifo_gen/gconvfifo.rf/grf.rf/gntv_or_sync_fifo.gcx.clkx/gnxpm_cdc.wr_pntr_gc_reg[3]/Q
                         net (fo=1, routed)           0.446     0.924    dbg_hub/inst/BSCANID.u_xsdbm_id/CORE_XSDB.UUT_MASTER/U_ICON_INTERFACE/U_CMD6_WR/U_WR_FIFO/SUBCORE_FIFO.xsdbm_v3_0_0_wrfifo_inst/inst_fifo_gen/gconvfifo.rf/grf.rf/gntv_or_sync_fifo.gcx.clkx/gnxpm_cdc.gsync_stage[1].rd_stg_inst/Q[3]
    SLICE_X30Y42         FDCE                                         r  dbg_hub/inst/BSCANID.u_xsdbm_id/CORE_XSDB.UUT_MASTER/U_ICON_INTERFACE/U_CMD6_WR/U_WR_FIFO/SUBCORE_FIFO.xsdbm_v3_0_0_wrfifo_inst/inst_fifo_gen/gconvfifo.rf/grf.rf/gntv_or_sync_fifo.gcx.clkx/gnxpm_cdc.gsync_stage[1].rd_stg_inst/Q_reg_reg[3]/D
  -------------------------------------------------------------------    -------------------

                         max delay                   33.000    33.000    
    SLICE_X30Y42         FDCE (Setup_fdce_C_D)       -0.217    32.783    dbg_hub/inst/BSCANID.u_xsdbm_id/CORE_XSDB.UUT_MASTER/U_ICON_INTERFACE/U_CMD6_WR/U_WR_FIFO/SUBCORE_FIFO.xsdbm_v3_0_0_wrfifo_inst/inst_fifo_gen/gconvfifo.rf/grf.rf/gntv_or_sync_fifo.gcx.clkx/gnxpm_cdc.gsync_stage[1].rd_stg_inst/Q_reg_reg[3]
  -------------------------------------------------------------------
                         required time                         32.783    
                         arrival time                          -0.924    
  -------------------------------------------------------------------
                         slack                                 31.859    

Slack (MET) :             31.868ns  (required time - arrival time)
  Source:                 dbg_hub/inst/BSCANID.u_xsdbm_id/CORE_XSDB.UUT_MASTER/U_ICON_INTERFACE/U_CMD6_RD/U_RD_FIFO/SUBCORE_FIFO.xsdbm_v3_0_0_rdfifo_inst/inst_fifo_gen/gconvfifo.rf/grf.rf/gntv_or_sync_fifo.gcx.clkx/gnxpm_cdc.rd_pntr_gc_reg[3]/C
                            (rising edge-triggered cell FDCE clocked by dbg_hub/inst/BSCANID.u_xsdbm_id/SWITCH_N_EXT_BSCAN.bscan_inst/SERIES7_BSCAN.bscan_inst/TCK  {rise@0.000ns fall@16.500ns period=33.000ns})
  Destination:            dbg_hub/inst/BSCANID.u_xsdbm_id/CORE_XSDB.UUT_MASTER/U_ICON_INTERFACE/U_CMD6_RD/U_RD_FIFO/SUBCORE_FIFO.xsdbm_v3_0_0_rdfifo_inst/inst_fifo_gen/gconvfifo.rf/grf.rf/gntv_or_sync_fifo.gcx.clkx/gnxpm_cdc.gsync_stage[1].wr_stg_inst/Q_reg_reg[3]/D
  Path Group:             **default**
  Path Type:              Setup (Max at Slow Process Corner)
  Requirement:            33.000ns  (MaxDelay Path 33.000ns)
  Data Path Delay:        0.916ns  (logic 0.419ns (45.749%)  route 0.497ns (54.251%))
  Logic Levels:           0  
  Timing Exception:       MaxDelay Path 33.000ns -datapath_only

    Location             Delay type                Incr(ns)  Path(ns)    Netlist Resource(s)
  -------------------------------------------------------------------    -------------------
    SLICE_X47Y48                                      0.000     0.000 r  dbg_hub/inst/BSCANID.u_xsdbm_id/CORE_XSDB.UUT_MASTER/U_ICON_INTERFACE/U_CMD6_RD/U_RD_FIFO/SUBCORE_FIFO.xsdbm_v3_0_0_rdfifo_inst/inst_fifo_gen/gconvfifo.rf/grf.rf/gntv_or_sync_fifo.gcx.clkx/gnxpm_cdc.rd_pntr_gc_reg[3]/C
    SLICE_X47Y48         FDCE (Prop_fdce_C_Q)         0.419     0.419 r  dbg_hub/inst/BSCANID.u_xsdbm_id/CORE_XSDB.UUT_MASTER/U_ICON_INTERFACE/U_CMD6_RD/U_RD_FIFO/SUBCORE_FIFO.xsdbm_v3_0_0_rdfifo_inst/inst_fifo_gen/gconvfifo.rf/grf.rf/gntv_or_sync_fifo.gcx.clkx/gnxpm_cdc.rd_pntr_gc_reg[3]/Q
                         net (fo=1, routed)           0.497     0.916    dbg_hub/inst/BSCANID.u_xsdbm_id/CORE_XSDB.UUT_MASTER/U_ICON_INTERFACE/U_CMD6_RD/U_RD_FIFO/SUBCORE_FIFO.xsdbm_v3_0_0_rdfifo_inst/inst_fifo_gen/gconvfifo.rf/grf.rf/gntv_or_sync_fifo.gcx.clkx/gnxpm_cdc.gsync_stage[1].wr_stg_inst/Q[3]
    SLICE_X46Y49         FDCE                                         r  dbg_hub/inst/BSCANID.u_xsdbm_id/CORE_XSDB.UUT_MASTER/U_ICON_INTERFACE/U_CMD6_RD/U_RD_FIFO/SUBCORE_FIFO.xsdbm_v3_0_0_rdfifo_inst/inst_fifo_gen/gconvfifo.rf/grf.rf/gntv_or_sync_fifo.gcx.clkx/gnxpm_cdc.gsync_stage[1].wr_stg_inst/Q_reg_reg[3]/D
  -------------------------------------------------------------------    -------------------

                         max delay                   33.000    33.000    
    SLICE_X46Y49         FDCE (Setup_fdce_C_D)       -0.216    32.784    dbg_hub/inst/BSCANID.u_xsdbm_id/CORE_XSDB.UUT_MASTER/U_ICON_INTERFACE/U_CMD6_RD/U_RD_FIFO/SUBCORE_FIFO.xsdbm_v3_0_0_rdfifo_inst/inst_fifo_gen/gconvfifo.rf/grf.rf/gntv_or_sync_fifo.gcx.clkx/gnxpm_cdc.gsync_stage[1].wr_stg_inst/Q_reg_reg[3]
  -------------------------------------------------------------------
                         required time                         32.784    
                         arrival time                          -0.916    
  -------------------------------------------------------------------
                         slack                                 31.868    

Slack (MET) :             31.899ns  (required time - arrival time)
  Source:                 dbg_hub/inst/BSCANID.u_xsdbm_id/CORE_XSDB.UUT_MASTER/U_ICON_INTERFACE/U_CMD6_WR/U_WR_FIFO/SUBCORE_FIFO.xsdbm_v3_0_0_wrfifo_inst/inst_fifo_gen/gconvfifo.rf/grf.rf/gntv_or_sync_fifo.gcx.clkx/gnxpm_cdc.wr_pntr_gc_reg[2]/C
                            (rising edge-triggered cell FDCE clocked by dbg_hub/inst/BSCANID.u_xsdbm_id/SWITCH_N_EXT_BSCAN.bscan_inst/SERIES7_BSCAN.bscan_inst/TCK  {rise@0.000ns fall@16.500ns period=33.000ns})
  Destination:            dbg_hub/inst/BSCANID.u_xsdbm_id/CORE_XSDB.UUT_MASTER/U_ICON_INTERFACE/U_CMD6_WR/U_WR_FIFO/SUBCORE_FIFO.xsdbm_v3_0_0_wrfifo_inst/inst_fifo_gen/gconvfifo.rf/grf.rf/gntv_or_sync_fifo.gcx.clkx/gnxpm_cdc.gsync_stage[1].rd_stg_inst/Q_reg_reg[2]/D
  Path Group:             **default**
  Path Type:              Setup (Max at Slow Process Corner)
  Requirement:            33.000ns  (MaxDelay Path 33.000ns)
  Data Path Delay:        1.058ns  (logic 0.456ns (43.094%)  route 0.602ns (56.906%))
  Logic Levels:           0  
  Timing Exception:       MaxDelay Path 33.000ns -datapath_only

    Location             Delay type                Incr(ns)  Path(ns)    Netlist Resource(s)
  -------------------------------------------------------------------    -------------------
    SLICE_X31Y42                                      0.000     0.000 r  dbg_hub/inst/BSCANID.u_xsdbm_id/CORE_XSDB.UUT_MASTER/U_ICON_INTERFACE/U_CMD6_WR/U_WR_FIFO/SUBCORE_FIFO.xsdbm_v3_0_0_wrfifo_inst/inst_fifo_gen/gconvfifo.rf/grf.rf/gntv_or_sync_fifo.gcx.clkx/gnxpm_cdc.wr_pntr_gc_reg[2]/C
    SLICE_X31Y42         FDCE (Prop_fdce_C_Q)         0.456     0.456 r  dbg_hub/inst/BSCANID.u_xsdbm_id/CORE_XSDB.UUT_MASTER/U_ICON_INTERFACE/U_CMD6_WR/U_WR_FIFO/SUBCORE_FIFO.xsdbm_v3_0_0_wrfifo_inst/inst_fifo_gen/gconvfifo.rf/grf.rf/gntv_or_sync_fifo.gcx.clkx/gnxpm_cdc.wr_pntr_gc_reg[2]/Q
                         net (fo=1, routed)           0.602     1.058    dbg_hub/inst/BSCANID.u_xsdbm_id/CORE_XSDB.UUT_MASTER/U_ICON_INTERFACE/U_CMD6_WR/U_WR_FIFO/SUBCORE_FIFO.xsdbm_v3_0_0_wrfifo_inst/inst_fifo_gen/gconvfifo.rf/grf.rf/gntv_or_sync_fifo.gcx.clkx/gnxpm_cdc.gsync_stage[1].rd_stg_inst/Q[2]
    SLICE_X30Y42         FDCE                                         r  dbg_hub/inst/BSCANID.u_xsdbm_id/CORE_XSDB.UUT_MASTER/U_ICON_INTERFACE/U_CMD6_WR/U_WR_FIFO/SUBCORE_FIFO.xsdbm_v3_0_0_wrfifo_inst/inst_fifo_gen/gconvfifo.rf/grf.rf/gntv_or_sync_fifo.gcx.clkx/gnxpm_cdc.gsync_stage[1].rd_stg_inst/Q_reg_reg[2]/D
  -------------------------------------------------------------------    -------------------

                         max delay                   33.000    33.000    
    SLICE_X30Y42         FDCE (Setup_fdce_C_D)       -0.043    32.957    dbg_hub/inst/BSCANID.u_xsdbm_id/CORE_XSDB.UUT_MASTER/U_ICON_INTERFACE/U_CMD6_WR/U_WR_FIFO/SUBCORE_FIFO.xsdbm_v3_0_0_wrfifo_inst/inst_fifo_gen/gconvfifo.rf/grf.rf/gntv_or_sync_fifo.gcx.clkx/gnxpm_cdc.gsync_stage[1].rd_stg_inst/Q_reg_reg[2]
  -------------------------------------------------------------------
                         required time                         32.957    
                         arrival time                          -1.058    
  -------------------------------------------------------------------
                         slack                                 31.899    

Slack (MET) :             31.956ns  (required time - arrival time)
  Source:                 dbg_hub/inst/BSCANID.u_xsdbm_id/CORE_XSDB.UUT_MASTER/U_ICON_INTERFACE/U_CMD6_RD/U_RD_FIFO/SUBCORE_FIFO.xsdbm_v3_0_0_rdfifo_inst/inst_fifo_gen/gconvfifo.rf/grf.rf/gntv_or_sync_fifo.gcx.clkx/gnxpm_cdc.rd_pntr_gc_reg[2]/C
                            (rising edge-triggered cell FDCE clocked by dbg_hub/inst/BSCANID.u_xsdbm_id/SWITCH_N_EXT_BSCAN.bscan_inst/SERIES7_BSCAN.bscan_inst/TCK  {rise@0.000ns fall@16.500ns period=33.000ns})
  Destination:            dbg_hub/inst/BSCANID.u_xsdbm_id/CORE_XSDB.UUT_MASTER/U_ICON_INTERFACE/U_CMD6_RD/U_RD_FIFO/SUBCORE_FIFO.xsdbm_v3_0_0_rdfifo_inst/inst_fifo_gen/gconvfifo.rf/grf.rf/gntv_or_sync_fifo.gcx.clkx/gnxpm_cdc.gsync_stage[1].wr_stg_inst/Q_reg_reg[2]/D
  Path Group:             **default**
  Path Type:              Setup (Max at Slow Process Corner)
  Requirement:            33.000ns  (MaxDelay Path 33.000ns)
  Data Path Delay:        0.997ns  (logic 0.456ns (45.732%)  route 0.541ns (54.268%))
  Logic Levels:           0  
  Timing Exception:       MaxDelay Path 33.000ns -datapath_only

    Location             Delay type                Incr(ns)  Path(ns)    Netlist Resource(s)
  -------------------------------------------------------------------    -------------------
    SLICE_X48Y48                                      0.000     0.000 r  dbg_hub/inst/BSCANID.u_xsdbm_id/CORE_XSDB.UUT_MASTER/U_ICON_INTERFACE/U_CMD6_RD/U_RD_FIFO/SUBCORE_FIFO.xsdbm_v3_0_0_rdfifo_inst/inst_fifo_gen/gconvfifo.rf/grf.rf/gntv_or_sync_fifo.gcx.clkx/gnxpm_cdc.rd_pntr_gc_reg[2]/C
    SLICE_X48Y48         FDCE (Prop_fdce_C_Q)         0.456     0.456 r  dbg_hub/inst/BSCANID.u_xsdbm_id/CORE_XSDB.UUT_MASTER/U_ICON_INTERFACE/U_CMD6_RD/U_RD_FIFO/SUBCORE_FIFO.xsdbm_v3_0_0_rdfifo_inst/inst_fifo_gen/gconvfifo.rf/grf.rf/gntv_or_sync_fifo.gcx.clkx/gnxpm_cdc.rd_pntr_gc_reg[2]/Q
                         net (fo=1, routed)           0.541     0.997    dbg_hub/inst/BSCANID.u_xsdbm_id/CORE_XSDB.UUT_MASTER/U_ICON_INTERFACE/U_CMD6_RD/U_RD_FIFO/SUBCORE_FIFO.xsdbm_v3_0_0_rdfifo_inst/inst_fifo_gen/gconvfifo.rf/grf.rf/gntv_or_sync_fifo.gcx.clkx/gnxpm_cdc.gsync_stage[1].wr_stg_inst/Q[2]
    SLICE_X46Y49         FDCE                                         r  dbg_hub/inst/BSCANID.u_xsdbm_id/CORE_XSDB.UUT_MASTER/U_ICON_INTERFACE/U_CMD6_RD/U_RD_FIFO/SUBCORE_FIFO.xsdbm_v3_0_0_rdfifo_inst/inst_fifo_gen/gconvfifo.rf/grf.rf/gntv_or_sync_fifo.gcx.clkx/gnxpm_cdc.gsync_stage[1].wr_stg_inst/Q_reg_reg[2]/D
  -------------------------------------------------------------------    -------------------

                         max delay                   33.000    33.000    
    SLICE_X46Y49         FDCE (Setup_fdce_C_D)       -0.047    32.953    dbg_hub/inst/BSCANID.u_xsdbm_id/CORE_XSDB.UUT_MASTER/U_ICON_INTERFACE/U_CMD6_RD/U_RD_FIFO/SUBCORE_FIFO.xsdbm_v3_0_0_rdfifo_inst/inst_fifo_gen/gconvfifo.rf/grf.rf/gntv_or_sync_fifo.gcx.clkx/gnxpm_cdc.gsync_stage[1].wr_stg_inst/Q_reg_reg[2]
  -------------------------------------------------------------------
                         required time                         32.953    
                         arrival time                          -0.997    
  -------------------------------------------------------------------
                         slack                                 31.956    

Slack (MET) :             32.014ns  (required time - arrival time)
  Source:                 dbg_hub/inst/BSCANID.u_xsdbm_id/CORE_XSDB.UUT_MASTER/U_ICON_INTERFACE/U_CMD6_WR/U_WR_FIFO/SUBCORE_FIFO.xsdbm_v3_0_0_wrfifo_inst/inst_fifo_gen/gconvfifo.rf/grf.rf/gntv_or_sync_fifo.gcx.clkx/gnxpm_cdc.wr_pntr_gc_reg[1]/C
                            (rising edge-triggered cell FDCE clocked by dbg_hub/inst/BSCANID.u_xsdbm_id/SWITCH_N_EXT_BSCAN.bscan_inst/SERIES7_BSCAN.bscan_inst/TCK  {rise@0.000ns fall@16.500ns period=33.000ns})
  Destination:            dbg_hub/inst/BSCANID.u_xsdbm_id/CORE_XSDB.UUT_MASTER/U_ICON_INTERFACE/U_CMD6_WR/U_WR_FIFO/SUBCORE_FIFO.xsdbm_v3_0_0_wrfifo_inst/inst_fifo_gen/gconvfifo.rf/grf.rf/gntv_or_sync_fifo.gcx.clkx/gnxpm_cdc.gsync_stage[1].rd_stg_inst/Q_reg_reg[1]/D
  Path Group:             **default**
  Path Type:              Setup (Max at Slow Process Corner)
  Requirement:            33.000ns  (MaxDelay Path 33.000ns)
  Data Path Delay:        0.718ns  (logic 0.419ns (58.361%)  route 0.299ns (41.639%))
  Logic Levels:           0  
  Timing Exception:       MaxDelay Path 33.000ns -datapath_only

    Location             Delay type                Incr(ns)  Path(ns)    Netlist Resource(s)
  -------------------------------------------------------------------    -------------------
    SLICE_X31Y42                                      0.000     0.000 r  dbg_hub/inst/BSCANID.u_xsdbm_id/CORE_XSDB.UUT_MASTER/U_ICON_INTERFACE/U_CMD6_WR/U_WR_FIFO/SUBCORE_FIFO.xsdbm_v3_0_0_wrfifo_inst/inst_fifo_gen/gconvfifo.rf/grf.rf/gntv_or_sync_fifo.gcx.clkx/gnxpm_cdc.wr_pntr_gc_reg[1]/C
    SLICE_X31Y42         FDCE (Prop_fdce_C_Q)         0.419     0.419 r  dbg_hub/inst/BSCANID.u_xsdbm_id/CORE_XSDB.UUT_MASTER/U_ICON_INTERFACE/U_CMD6_WR/U_WR_FIFO/SUBCORE_FIFO.xsdbm_v3_0_0_wrfifo_inst/inst_fifo_gen/gconvfifo.rf/grf.rf/gntv_or_sync_fifo.gcx.clkx/gnxpm_cdc.wr_pntr_gc_reg[1]/Q
                         net (fo=1, routed)           0.299     0.718    dbg_hub/inst/BSCANID.u_xsdbm_id/CORE_XSDB.UUT_MASTER/U_ICON_INTERFACE/U_CMD6_WR/U_WR_FIFO/SUBCORE_FIFO.xsdbm_v3_0_0_wrfifo_inst/inst_fifo_gen/gconvfifo.rf/grf.rf/gntv_or_sync_fifo.gcx.clkx/gnxpm_cdc.gsync_stage[1].rd_stg_inst/Q[1]
    SLICE_X32Y42         FDCE                                         r  dbg_hub/inst/BSCANID.u_xsdbm_id/CORE_XSDB.UUT_MASTER/U_ICON_INTERFACE/U_CMD6_WR/U_WR_FIFO/SUBCORE_FIFO.xsdbm_v3_0_0_wrfifo_inst/inst_fifo_gen/gconvfifo.rf/grf.rf/gntv_or_sync_fifo.gcx.clkx/gnxpm_cdc.gsync_stage[1].rd_stg_inst/Q_reg_reg[1]/D
  -------------------------------------------------------------------    -------------------

                         max delay                   33.000    33.000    
    SLICE_X32Y42         FDCE (Setup_fdce_C_D)       -0.268    32.732    dbg_hub/inst/BSCANID.u_xsdbm_id/CORE_XSDB.UUT_MASTER/U_ICON_INTERFACE/U_CMD6_WR/U_WR_FIFO/SUBCORE_FIFO.xsdbm_v3_0_0_wrfifo_inst/inst_fifo_gen/gconvfifo.rf/grf.rf/gntv_or_sync_fifo.gcx.clkx/gnxpm_cdc.gsync_stage[1].rd_stg_inst/Q_reg_reg[1]
  -------------------------------------------------------------------
                         required time                         32.732    
                         arrival time                          -0.718    
  -------------------------------------------------------------------
                         slack                                 32.014    

Slack (MET) :             32.332ns  (required time - arrival time)
  Source:                 dbg_hub/inst/BSCANID.u_xsdbm_id/CORE_XSDB.UUT_MASTER/U_ICON_INTERFACE/U_CMD6_WR/U_WR_FIFO/SUBCORE_FIFO.xsdbm_v3_0_0_wrfifo_inst/inst_fifo_gen/gconvfifo.rf/grf.rf/gntv_or_sync_fifo.gcx.clkx/gnxpm_cdc.wr_pntr_gc_reg[0]/C
                            (rising edge-triggered cell FDCE clocked by dbg_hub/inst/BSCANID.u_xsdbm_id/SWITCH_N_EXT_BSCAN.bscan_inst/SERIES7_BSCAN.bscan_inst/TCK  {rise@0.000ns fall@16.500ns period=33.000ns})
  Destination:            dbg_hub/inst/BSCANID.u_xsdbm_id/CORE_XSDB.UUT_MASTER/U_ICON_INTERFACE/U_CMD6_WR/U_WR_FIFO/SUBCORE_FIFO.xsdbm_v3_0_0_wrfifo_inst/inst_fifo_gen/gconvfifo.rf/grf.rf/gntv_or_sync_fifo.gcx.clkx/gnxpm_cdc.gsync_stage[1].rd_stg_inst/Q_reg_reg[0]/D
  Path Group:             **default**
  Path Type:              Setup (Max at Slow Process Corner)
  Requirement:            33.000ns  (MaxDelay Path 33.000ns)
  Data Path Delay:        0.621ns  (logic 0.456ns (73.418%)  route 0.165ns (26.582%))
  Logic Levels:           0  
  Timing Exception:       MaxDelay Path 33.000ns -datapath_only

    Location             Delay type                Incr(ns)  Path(ns)    Netlist Resource(s)
  -------------------------------------------------------------------    -------------------
    SLICE_X31Y42                                      0.000     0.000 r  dbg_hub/inst/BSCANID.u_xsdbm_id/CORE_XSDB.UUT_MASTER/U_ICON_INTERFACE/U_CMD6_WR/U_WR_FIFO/SUBCORE_FIFO.xsdbm_v3_0_0_wrfifo_inst/inst_fifo_gen/gconvfifo.rf/grf.rf/gntv_or_sync_fifo.gcx.clkx/gnxpm_cdc.wr_pntr_gc_reg[0]/C
    SLICE_X31Y42         FDCE (Prop_fdce_C_Q)         0.456     0.456 r  dbg_hub/inst/BSCANID.u_xsdbm_id/CORE_XSDB.UUT_MASTER/U_ICON_INTERFACE/U_CMD6_WR/U_WR_FIFO/SUBCORE_FIFO.xsdbm_v3_0_0_wrfifo_inst/inst_fifo_gen/gconvfifo.rf/grf.rf/gntv_or_sync_fifo.gcx.clkx/gnxpm_cdc.wr_pntr_gc_reg[0]/Q
                         net (fo=1, routed)           0.165     0.621    dbg_hub/inst/BSCANID.u_xsdbm_id/CORE_XSDB.UUT_MASTER/U_ICON_INTERFACE/U_CMD6_WR/U_WR_FIFO/SUBCORE_FIFO.xsdbm_v3_0_0_wrfifo_inst/inst_fifo_gen/gconvfifo.rf/grf.rf/gntv_or_sync_fifo.gcx.clkx/gnxpm_cdc.gsync_stage[1].rd_stg_inst/Q[0]
    SLICE_X30Y42         FDCE                                         r  dbg_hub/inst/BSCANID.u_xsdbm_id/CORE_XSDB.UUT_MASTER/U_ICON_INTERFACE/U_CMD6_WR/U_WR_FIFO/SUBCORE_FIFO.xsdbm_v3_0_0_wrfifo_inst/inst_fifo_gen/gconvfifo.rf/grf.rf/gntv_or_sync_fifo.gcx.clkx/gnxpm_cdc.gsync_stage[1].rd_stg_inst/Q_reg_reg[0]/D
  -------------------------------------------------------------------    -------------------

                         max delay                   33.000    33.000    
    SLICE_X30Y42         FDCE (Setup_fdce_C_D)       -0.047    32.953    dbg_hub/inst/BSCANID.u_xsdbm_id/CORE_XSDB.UUT_MASTER/U_ICON_INTERFACE/U_CMD6_WR/U_WR_FIFO/SUBCORE_FIFO.xsdbm_v3_0_0_wrfifo_inst/inst_fifo_gen/gconvfifo.rf/grf.rf/gntv_or_sync_fifo.gcx.clkx/gnxpm_cdc.gsync_stage[1].rd_stg_inst/Q_reg_reg[0]
  -------------------------------------------------------------------
                         required time                         32.953    
                         arrival time                          -0.621    
  -------------------------------------------------------------------
                         slack                                 32.332    

Slack (MET) :             32.339ns  (required time - arrival time)
  Source:                 dbg_hub/inst/BSCANID.u_xsdbm_id/CORE_XSDB.UUT_MASTER/U_ICON_INTERFACE/U_CMD6_RD/U_RD_FIFO/SUBCORE_FIFO.xsdbm_v3_0_0_rdfifo_inst/inst_fifo_gen/gconvfifo.rf/grf.rf/gntv_or_sync_fifo.gcx.clkx/gnxpm_cdc.rd_pntr_gc_reg[1]/C
                            (rising edge-triggered cell FDCE clocked by dbg_hub/inst/BSCANID.u_xsdbm_id/SWITCH_N_EXT_BSCAN.bscan_inst/SERIES7_BSCAN.bscan_inst/TCK  {rise@0.000ns fall@16.500ns period=33.000ns})
  Destination:            dbg_hub/inst/BSCANID.u_xsdbm_id/CORE_XSDB.UUT_MASTER/U_ICON_INTERFACE/U_CMD6_RD/U_RD_FIFO/SUBCORE_FIFO.xsdbm_v3_0_0_rdfifo_inst/inst_fifo_gen/gconvfifo.rf/grf.rf/gntv_or_sync_fifo.gcx.clkx/gnxpm_cdc.gsync_stage[1].wr_stg_inst/Q_reg_reg[1]/D
  Path Group:             **default**
  Path Type:              Setup (Max at Slow Process Corner)
  Requirement:            33.000ns  (MaxDelay Path 33.000ns)
  Data Path Delay:        0.618ns  (logic 0.456ns (73.774%)  route 0.162ns (26.226%))
  Logic Levels:           0  
  Timing Exception:       MaxDelay Path 33.000ns -datapath_only

    Location             Delay type                Incr(ns)  Path(ns)    Netlist Resource(s)
  -------------------------------------------------------------------    -------------------
    SLICE_X47Y48                                      0.000     0.000 r  dbg_hub/inst/BSCANID.u_xsdbm_id/CORE_XSDB.UUT_MASTER/U_ICON_INTERFACE/U_CMD6_RD/U_RD_FIFO/SUBCORE_FIFO.xsdbm_v3_0_0_rdfifo_inst/inst_fifo_gen/gconvfifo.rf/grf.rf/gntv_or_sync_fifo.gcx.clkx/gnxpm_cdc.rd_pntr_gc_reg[1]/C
    SLICE_X47Y48         FDCE (Prop_fdce_C_Q)         0.456     0.456 r  dbg_hub/inst/BSCANID.u_xsdbm_id/CORE_XSDB.UUT_MASTER/U_ICON_INTERFACE/U_CMD6_RD/U_RD_FIFO/SUBCORE_FIFO.xsdbm_v3_0_0_rdfifo_inst/inst_fifo_gen/gconvfifo.rf/grf.rf/gntv_or_sync_fifo.gcx.clkx/gnxpm_cdc.rd_pntr_gc_reg[1]/Q
                         net (fo=1, routed)           0.162     0.618    dbg_hub/inst/BSCANID.u_xsdbm_id/CORE_XSDB.UUT_MASTER/U_ICON_INTERFACE/U_CMD6_RD/U_RD_FIFO/SUBCORE_FIFO.xsdbm_v3_0_0_rdfifo_inst/inst_fifo_gen/gconvfifo.rf/grf.rf/gntv_or_sync_fifo.gcx.clkx/gnxpm_cdc.gsync_stage[1].wr_stg_inst/Q[1]
    SLICE_X46Y48         FDCE                                         r  dbg_hub/inst/BSCANID.u_xsdbm_id/CORE_XSDB.UUT_MASTER/U_ICON_INTERFACE/U_CMD6_RD/U_RD_FIFO/SUBCORE_FIFO.xsdbm_v3_0_0_rdfifo_inst/inst_fifo_gen/gconvfifo.rf/grf.rf/gntv_or_sync_fifo.gcx.clkx/gnxpm_cdc.gsync_stage[1].wr_stg_inst/Q_reg_reg[1]/D
  -------------------------------------------------------------------    -------------------

                         max delay                   33.000    33.000    
    SLICE_X46Y48         FDCE (Setup_fdce_C_D)       -0.043    32.957    dbg_hub/inst/BSCANID.u_xsdbm_id/CORE_XSDB.UUT_MASTER/U_ICON_INTERFACE/U_CMD6_RD/U_RD_FIFO/SUBCORE_FIFO.xsdbm_v3_0_0_rdfifo_inst/inst_fifo_gen/gconvfifo.rf/grf.rf/gntv_or_sync_fifo.gcx.clkx/gnxpm_cdc.gsync_stage[1].wr_stg_inst/Q_reg_reg[1]
  -------------------------------------------------------------------
                         required time                         32.957    
                         arrival time                          -0.618    
  -------------------------------------------------------------------
                         slack                                 32.339    





--------------------------------------------------------------------------------------
Path Group:  (none)
From Clock:  
  To Clock:  

Max Delay           103 Endpoints
Min Delay           103 Endpoints
--------------------------------------------------------------------------------------


Max Delay Paths
--------------------------------------------------------------------------------------
Slack:                    inf
  Source:                 design_1_i/ila_0/inst/ila_core_inst/u_ila_cap_ctrl/u_cap_addrgen/u_cap_window_counter/u_wcnt_lcmp/allx_typeA_match_detection.ltlib_v1_0_0_allx_typeA_inst/DUT/I_WHOLE_SLICE.G_SLICE_IDX[1].U_ALL_SRL_SLICE/u_srlB/S2/CLK
                            (rising edge-triggered cell SRL16E)
  Destination:            design_1_i/ila_0/inst/ila_core_inst/u_ila_cap_ctrl/u_cap_addrgen/u_cap_window_counter/u_wcnt_lcmp_q/D
  Path Group:             (none)
  Path Type:              Max at Slow Process Corner
  Data Path Delay:        5.086ns  (logic 2.526ns (49.667%)  route 2.560ns (50.333%))
  Logic Levels:           3  (CARRY4=1 LUT2=1 SRL16E=1)
  Timing Exception:       False Path

    Location             Delay type                Incr(ns)  Path(ns)    Netlist Resource(s)
  -------------------------------------------------------------------    -------------------
    SLICE_X52Y26         SRL16E                       0.000     0.000 r  design_1_i/ila_0/inst/ila_core_inst/u_ila_cap_ctrl/u_cap_addrgen/u_cap_window_counter/u_wcnt_lcmp/allx_typeA_match_detection.ltlib_v1_0_0_allx_typeA_inst/DUT/I_WHOLE_SLICE.G_SLICE_IDX[1].U_ALL_SRL_SLICE/u_srlB/S2/CLK
    SLICE_X52Y26         SRL16E (Prop_srl16e_CLK_Q)
                                                      1.632     1.632 r  design_1_i/ila_0/inst/ila_core_inst/u_ila_cap_ctrl/u_cap_addrgen/u_cap_window_counter/u_wcnt_lcmp/allx_typeA_match_detection.ltlib_v1_0_0_allx_typeA_inst/DUT/I_WHOLE_SLICE.G_SLICE_IDX[1].U_ALL_SRL_SLICE/u_srlB/S2/Q
                         net (fo=1, routed)           0.845     2.477    design_1_i/ila_0/inst/ila_core_inst/u_ila_cap_ctrl/u_cap_addrgen/u_cap_window_counter/u_wcnt_lcmp/allx_typeA_match_detection.ltlib_v1_0_0_allx_typeA_inst/DUT/I_WHOLE_SLICE.G_SLICE_IDX[1].U_ALL_SRL_SLICE/mux_di[1]
    SLICE_X50Y24         CARRY4 (Prop_carry4_DI[1]_CO[3])
                                                      0.744     3.221 r  design_1_i/ila_0/inst/ila_core_inst/u_ila_cap_ctrl/u_cap_addrgen/u_cap_window_counter/u_wcnt_lcmp/allx_typeA_match_detection.ltlib_v1_0_0_allx_typeA_inst/DUT/I_WHOLE_SLICE.G_SLICE_IDX[1].U_ALL_SRL_SLICE/u_carry4_inst/CO[3]
                         net (fo=1, routed)           1.121     4.342    design_1_i/ila_0/inst/ila_core_inst/u_ila_regs/u_wcnt_lcmp_q
    SLICE_X47Y24         LUT2 (Prop_lut2_I1_O)        0.150     4.492 r  design_1_i/ila_0/inst/ila_core_inst/u_ila_regs/u_wcnt_lcmp_q_i_1/O
                         net (fo=1, routed)           0.594     5.086    design_1_i/ila_0/inst/ila_core_inst/u_ila_cap_ctrl/u_cap_addrgen/u_cap_window_counter/wcnt_lcmp_temp
    SLICE_X47Y25         FDRE                                         r  design_1_i/ila_0/inst/ila_core_inst/u_ila_cap_ctrl/u_cap_addrgen/u_cap_window_counter/u_wcnt_lcmp_q/D
  -------------------------------------------------------------------    -------------------

Slack:                    inf
  Source:                 design_1_i/ila_0/inst/ila_core_inst/u_ila_cap_ctrl/u_cap_addrgen/u_cap_sample_counter/u_scnt_cmp/allx_typeA_match_detection.ltlib_v1_0_0_allx_typeA_inst/DUT/I_WHOLE_SLICE.G_SLICE_IDX[1].U_ALL_SRL_SLICE/u_srlA/S1/CLK
                            (rising edge-triggered cell SRLC32E)
  Destination:            design_1_i/ila_0/inst/ila_core_inst/u_ila_cap_ctrl/u_cap_addrgen/u_cap_sample_counter/u_scnt_cmp_q/D
  Path Group:             (none)
  Path Type:              Max at Slow Process Corner
  Data Path Delay:        4.662ns  (logic 2.389ns (51.242%)  route 2.273ns (48.758%))
  Logic Levels:           3  (CARRY4=1 LUT2=1 SRLC32E=1)
  Timing Exception:       False Path

    Location             Delay type                Incr(ns)  Path(ns)    Netlist Resource(s)
  -------------------------------------------------------------------    -------------------
    SLICE_X52Y23         SRLC32E                      0.000     0.000 r  design_1_i/ila_0/inst/ila_core_inst/u_ila_cap_ctrl/u_cap_addrgen/u_cap_sample_counter/u_scnt_cmp/allx_typeA_match_detection.ltlib_v1_0_0_allx_typeA_inst/DUT/I_WHOLE_SLICE.G_SLICE_IDX[1].U_ALL_SRL_SLICE/u_srlA/S1/CLK
    SLICE_X52Y23         SRLC32E (Prop_srlc32e_CLK_Q)
                                                      1.628     1.628 r  design_1_i/ila_0/inst/ila_core_inst/u_ila_cap_ctrl/u_cap_addrgen/u_cap_sample_counter/u_scnt_cmp/allx_typeA_match_detection.ltlib_v1_0_0_allx_typeA_inst/DUT/I_WHOLE_SLICE.G_SLICE_IDX[1].U_ALL_SRL_SLICE/u_srlA/S1/Q
                         net (fo=1, routed)           0.666     2.294    design_1_i/ila_0/inst/ila_core_inst/u_ila_cap_ctrl/u_cap_addrgen/u_cap_sample_counter/u_scnt_cmp/allx_typeA_match_detection.ltlib_v1_0_0_allx_typeA_inst/DUT/I_WHOLE_SLICE.G_SLICE_IDX[1].U_ALL_SRL_SLICE/sel[0]
    SLICE_X52Y21         CARRY4 (Prop_carry4_S[0]_CO[3])
                                                      0.637     2.931 r  design_1_i/ila_0/inst/ila_core_inst/u_ila_cap_ctrl/u_cap_addrgen/u_cap_sample_counter/u_scnt_cmp/allx_typeA_match_detection.ltlib_v1_0_0_allx_typeA_inst/DUT/I_WHOLE_SLICE.G_SLICE_IDX[1].U_ALL_SRL_SLICE/u_carry4_inst/CO[3]
                         net (fo=1, routed)           1.608     4.538    design_1_i/ila_0/inst/ila_core_inst/u_ila_regs/u_scnt_cmp_q
    SLICE_X47Y24         LUT2 (Prop_lut2_I1_O)        0.124     4.662 r  design_1_i/ila_0/inst/ila_core_inst/u_ila_regs/u_scnt_cmp_q_i_1/O
                         net (fo=1, routed)           0.000     4.662    design_1_i/ila_0/inst/ila_core_inst/u_ila_cap_ctrl/u_cap_addrgen/u_cap_sample_counter/scnt_cmp_temp
    SLICE_X47Y24         FDRE                                         r  design_1_i/ila_0/inst/ila_core_inst/u_ila_cap_ctrl/u_cap_addrgen/u_cap_sample_counter/u_scnt_cmp_q/D
  -------------------------------------------------------------------    -------------------

Slack:                    inf
  Source:                 design_1_i/ila_0/inst/ila_core_inst/u_ila_cap_ctrl/u_cap_addrgen/u_cap_window_counter/u_wcnt_hcmp/allx_typeA_match_detection.ltlib_v1_0_0_allx_typeA_inst/DUT/I_WHOLE_SLICE.G_SLICE_IDX[1].U_ALL_SRL_SLICE/u_srlB/S1/CLK
                            (rising edge-triggered cell SRLC32E)
  Destination:            design_1_i/ila_0/inst/ila_core_inst/u_ila_cap_ctrl/u_cap_addrgen/u_cap_window_counter/u_wcnt_hcmp_q/D
  Path Group:             (none)
  Path Type:              Max at Slow Process Corner
  Data Path Delay:        4.190ns  (logic 2.395ns (57.166%)  route 1.795ns (42.834%))
  Logic Levels:           3  (CARRY4=1 LUT2=1 SRLC32E=1)
  Timing Exception:       False Path

    Location             Delay type                Incr(ns)  Path(ns)    Netlist Resource(s)
  -------------------------------------------------------------------    -------------------
    SLICE_X46Y23         SRLC32E                      0.000     0.000 r  design_1_i/ila_0/inst/ila_core_inst/u_ila_cap_ctrl/u_cap_addrgen/u_cap_window_counter/u_wcnt_hcmp/allx_typeA_match_detection.ltlib_v1_0_0_allx_typeA_inst/DUT/I_WHOLE_SLICE.G_SLICE_IDX[1].U_ALL_SRL_SLICE/u_srlB/S1/CLK
    SLICE_X46Y23         SRLC32E (Prop_srlc32e_CLK_Q)
                                                      1.614     1.614 r  design_1_i/ila_0/inst/ila_core_inst/u_ila_cap_ctrl/u_cap_addrgen/u_cap_window_counter/u_wcnt_hcmp/allx_typeA_match_detection.ltlib_v1_0_0_allx_typeA_inst/DUT/I_WHOLE_SLICE.G_SLICE_IDX[1].U_ALL_SRL_SLICE/u_srlB/S1/Q
                         net (fo=1, routed)           0.772     2.386    design_1_i/ila_0/inst/ila_core_inst/u_ila_cap_ctrl/u_cap_addrgen/u_cap_window_counter/u_wcnt_hcmp/allx_typeA_match_detection.ltlib_v1_0_0_allx_typeA_inst/DUT/I_WHOLE_SLICE.G_SLICE_IDX[1].U_ALL_SRL_SLICE/sel[1]
    SLICE_X46Y22         CARRY4 (Prop_carry4_S[1]_CO[3])
                                                      0.657     3.043 r  design_1_i/ila_0/inst/ila_core_inst/u_ila_cap_ctrl/u_cap_addrgen/u_cap_window_counter/u_wcnt_hcmp/allx_typeA_match_detection.ltlib_v1_0_0_allx_typeA_inst/DUT/I_WHOLE_SLICE.G_SLICE_IDX[1].U_ALL_SRL_SLICE/u_carry4_inst/CO[3]
                         net (fo=1, routed)           1.023     4.066    design_1_i/ila_0/inst/ila_core_inst/u_ila_regs/u_wcnt_hcmp_q
    SLICE_X44Y24         LUT2 (Prop_lut2_I1_O)        0.124     4.190 r  design_1_i/ila_0/inst/ila_core_inst/u_ila_regs/u_wcnt_hcmp_q_i_1/O
                         net (fo=1, routed)           0.000     4.190    design_1_i/ila_0/inst/ila_core_inst/u_ila_cap_ctrl/u_cap_addrgen/u_cap_window_counter/wcnt_hcmp_temp
    SLICE_X44Y24         FDRE                                         r  design_1_i/ila_0/inst/ila_core_inst/u_ila_cap_ctrl/u_cap_addrgen/u_cap_window_counter/u_wcnt_hcmp_q/D
  -------------------------------------------------------------------    -------------------

Slack:                    inf
  Source:                 design_1_i/ila_0/inst/ila_core_inst/u_ila_cap_ctrl/u_cap_addrgen/U_CMPRESET/I_YESLUT6.U_SRL32_A/CLK
                            (rising edge-triggered cell SRLC32E)
  Destination:            design_1_i/ila_0/inst/ila_core_inst/u_ila_cap_ctrl/u_cap_addrgen/u_cap_sample_counter/u_scnt_cmp_q/R
  Path Group:             (none)
  Path Type:              Max at Slow Process Corner
  Data Path Delay:        3.542ns  (logic 1.752ns (49.459%)  route 1.790ns (50.541%))
  Logic Levels:           2  (LUT3=1 SRLC32E=1)
  Timing Exception:       False Path

    Location             Delay type                Incr(ns)  Path(ns)    Netlist Resource(s)
  -------------------------------------------------------------------    -------------------
    SLICE_X46Y27         SRLC32E                      0.000     0.000 r  design_1_i/ila_0/inst/ila_core_inst/u_ila_cap_ctrl/u_cap_addrgen/U_CMPRESET/I_YESLUT6.U_SRL32_A/CLK
    SLICE_X46Y27         SRLC32E (Prop_srlc32e_CLK_Q)
                                                      1.628     1.628 r  design_1_i/ila_0/inst/ila_core_inst/u_ila_cap_ctrl/u_cap_addrgen/U_CMPRESET/I_YESLUT6.U_SRL32_A/Q
                         net (fo=1, routed)           0.997     2.625    design_1_i/ila_0/inst/ila_core_inst/u_ila_cap_ctrl/u_cap_addrgen/U_CMPRESET/I_YESLUT6.SRL_Q_1
    SLICE_X47Y26         LUT3 (Prop_lut3_I0_O)        0.124     2.749 r  design_1_i/ila_0/inst/ila_core_inst/u_ila_cap_ctrl/u_cap_addrgen/U_CMPRESET/O_INST_0/O
                         net (fo=3, routed)           0.794     3.542    design_1_i/ila_0/inst/ila_core_inst/u_ila_cap_ctrl/u_cap_addrgen/u_cap_sample_counter/O
    SLICE_X47Y24         FDRE                                         r  design_1_i/ila_0/inst/ila_core_inst/u_ila_cap_ctrl/u_cap_addrgen/u_cap_sample_counter/u_scnt_cmp_q/R
  -------------------------------------------------------------------    -------------------

Slack:                    inf
  Source:                 design_1_i/ila_0/inst/ila_core_inst/u_ila_cap_ctrl/u_cap_addrgen/u_cap_sample_counter/U_SCRST/I_YESLUT6.U_SRL32_B/CLK
                            (rising edge-triggered cell SRLC32E)
  Destination:            design_1_i/ila_0/inst/ila_core_inst/u_ila_cap_ctrl/u_cap_addrgen/u_cap_sample_counter/iscnt_reg[1]/R
  Path Group:             (none)
  Path Type:              Max at Slow Process Corner
  Data Path Delay:        3.542ns  (logic 1.766ns (49.863%)  route 1.776ns (50.137%))
  Logic Levels:           2  (LUT3=1 SRLC32E=1)
  Timing Exception:       False Path

    Location             Delay type                Incr(ns)  Path(ns)    Netlist Resource(s)
  -------------------------------------------------------------------    -------------------
    SLICE_X46Y26         SRLC32E                      0.000     0.000 r  design_1_i/ila_0/inst/ila_core_inst/u_ila_cap_ctrl/u_cap_addrgen/u_cap_sample_counter/U_SCRST/I_YESLUT6.U_SRL32_B/CLK
    SLICE_X46Y26         SRLC32E (Prop_srlc32e_CLK_Q)
                                                      1.614     1.614 r  design_1_i/ila_0/inst/ila_core_inst/u_ila_cap_ctrl/u_cap_addrgen/u_cap_sample_counter/U_SCRST/I_YESLUT6.U_SRL32_B/Q
                         net (fo=1, routed)           0.656     2.270    design_1_i/ila_0/inst/ila_core_inst/u_ila_cap_ctrl/u_cap_addrgen/u_cap_sample_counter/U_SCRST/I_YESLUT6.SRL_Q_0
    SLICE_X47Y26         LUT3 (Prop_lut3_I2_O)        0.152     2.422 r  design_1_i/ila_0/inst/ila_core_inst/u_ila_cap_ctrl/u_cap_addrgen/u_cap_sample_counter/U_SCRST/O_INST_0/O
                         net (fo=10, routed)          1.120     3.542    design_1_i/ila_0/inst/ila_core_inst/u_ila_cap_ctrl/u_cap_addrgen/u_cap_sample_counter/U_SCRST_n_1
    SLICE_X53Y19         FDRE                                         r  design_1_i/ila_0/inst/ila_core_inst/u_ila_cap_ctrl/u_cap_addrgen/u_cap_sample_counter/iscnt_reg[1]/R
  -------------------------------------------------------------------    -------------------

Slack:                    inf
  Source:                 design_1_i/ila_0/inst/ila_core_inst/u_ila_cap_ctrl/u_cap_addrgen/u_cap_sample_counter/U_SCRST/I_YESLUT6.U_SRL32_B/CLK
                            (rising edge-triggered cell SRLC32E)
  Destination:            design_1_i/ila_0/inst/ila_core_inst/u_ila_cap_ctrl/u_cap_addrgen/u_cap_sample_counter/iscnt_reg[2]/R
  Path Group:             (none)
  Path Type:              Max at Slow Process Corner
  Data Path Delay:        3.542ns  (logic 1.766ns (49.863%)  route 1.776ns (50.137%))
  Logic Levels:           2  (LUT3=1 SRLC32E=1)
  Timing Exception:       False Path

    Location             Delay type                Incr(ns)  Path(ns)    Netlist Resource(s)
  -------------------------------------------------------------------    -------------------
    SLICE_X46Y26         SRLC32E                      0.000     0.000 r  design_1_i/ila_0/inst/ila_core_inst/u_ila_cap_ctrl/u_cap_addrgen/u_cap_sample_counter/U_SCRST/I_YESLUT6.U_SRL32_B/CLK
    SLICE_X46Y26         SRLC32E (Prop_srlc32e_CLK_Q)
                                                      1.614     1.614 r  design_1_i/ila_0/inst/ila_core_inst/u_ila_cap_ctrl/u_cap_addrgen/u_cap_sample_counter/U_SCRST/I_YESLUT6.U_SRL32_B/Q
                         net (fo=1, routed)           0.656     2.270    design_1_i/ila_0/inst/ila_core_inst/u_ila_cap_ctrl/u_cap_addrgen/u_cap_sample_counter/U_SCRST/I_YESLUT6.SRL_Q_0
    SLICE_X47Y26         LUT3 (Prop_lut3_I2_O)        0.152     2.422 r  design_1_i/ila_0/inst/ila_core_inst/u_ila_cap_ctrl/u_cap_addrgen/u_cap_sample_counter/U_SCRST/O_INST_0/O
                         net (fo=10, routed)          1.120     3.542    design_1_i/ila_0/inst/ila_core_inst/u_ila_cap_ctrl/u_cap_addrgen/u_cap_sample_counter/U_SCRST_n_1
    SLICE_X53Y19         FDRE                                         r  design_1_i/ila_0/inst/ila_core_inst/u_ila_cap_ctrl/u_cap_addrgen/u_cap_sample_counter/iscnt_reg[2]/R
  -------------------------------------------------------------------    -------------------

Slack:                    inf
  Source:                 design_1_i/ila_0/inst/ila_core_inst/u_ila_cap_ctrl/u_cap_addrgen/u_cap_sample_counter/U_SCRST/I_YESLUT6.U_SRL32_B/CLK
                            (rising edge-triggered cell SRLC32E)
  Destination:            design_1_i/ila_0/inst/ila_core_inst/u_ila_cap_ctrl/u_cap_addrgen/u_cap_sample_counter/iscnt_reg[3]/R
  Path Group:             (none)
  Path Type:              Max at Slow Process Corner
  Data Path Delay:        3.542ns  (logic 1.766ns (49.863%)  route 1.776ns (50.137%))
  Logic Levels:           2  (LUT3=1 SRLC32E=1)
  Timing Exception:       False Path

    Location             Delay type                Incr(ns)  Path(ns)    Netlist Resource(s)
  -------------------------------------------------------------------    -------------------
    SLICE_X46Y26         SRLC32E                      0.000     0.000 r  design_1_i/ila_0/inst/ila_core_inst/u_ila_cap_ctrl/u_cap_addrgen/u_cap_sample_counter/U_SCRST/I_YESLUT6.U_SRL32_B/CLK
    SLICE_X46Y26         SRLC32E (Prop_srlc32e_CLK_Q)
                                                      1.614     1.614 r  design_1_i/ila_0/inst/ila_core_inst/u_ila_cap_ctrl/u_cap_addrgen/u_cap_sample_counter/U_SCRST/I_YESLUT6.U_SRL32_B/Q
                         net (fo=1, routed)           0.656     2.270    design_1_i/ila_0/inst/ila_core_inst/u_ila_cap_ctrl/u_cap_addrgen/u_cap_sample_counter/U_SCRST/I_YESLUT6.SRL_Q_0
    SLICE_X47Y26         LUT3 (Prop_lut3_I2_O)        0.152     2.422 r  design_1_i/ila_0/inst/ila_core_inst/u_ila_cap_ctrl/u_cap_addrgen/u_cap_sample_counter/U_SCRST/O_INST_0/O
                         net (fo=10, routed)          1.120     3.542    design_1_i/ila_0/inst/ila_core_inst/u_ila_cap_ctrl/u_cap_addrgen/u_cap_sample_counter/U_SCRST_n_1
    SLICE_X53Y19         FDRE                                         r  design_1_i/ila_0/inst/ila_core_inst/u_ila_cap_ctrl/u_cap_addrgen/u_cap_sample_counter/iscnt_reg[3]/R
  -------------------------------------------------------------------    -------------------

Slack:                    inf
  Source:                 design_1_i/ila_0/inst/ila_core_inst/u_ila_cap_ctrl/u_cap_addrgen/u_cap_sample_counter/U_SCRST/I_YESLUT6.U_SRL32_B/CLK
                            (rising edge-triggered cell SRLC32E)
  Destination:            design_1_i/ila_0/inst/ila_core_inst/u_ila_cap_ctrl/u_cap_addrgen/u_cap_sample_counter/iscnt_reg[4]/R
  Path Group:             (none)
  Path Type:              Max at Slow Process Corner
  Data Path Delay:        3.542ns  (logic 1.766ns (49.863%)  route 1.776ns (50.137%))
  Logic Levels:           2  (LUT3=1 SRLC32E=1)
  Timing Exception:       False Path

    Location             Delay type                Incr(ns)  Path(ns)    Netlist Resource(s)
  -------------------------------------------------------------------    -------------------
    SLICE_X46Y26         SRLC32E                      0.000     0.000 r  design_1_i/ila_0/inst/ila_core_inst/u_ila_cap_ctrl/u_cap_addrgen/u_cap_sample_counter/U_SCRST/I_YESLUT6.U_SRL32_B/CLK
    SLICE_X46Y26         SRLC32E (Prop_srlc32e_CLK_Q)
                                                      1.614     1.614 r  design_1_i/ila_0/inst/ila_core_inst/u_ila_cap_ctrl/u_cap_addrgen/u_cap_sample_counter/U_SCRST/I_YESLUT6.U_SRL32_B/Q
                         net (fo=1, routed)           0.656     2.270    design_1_i/ila_0/inst/ila_core_inst/u_ila_cap_ctrl/u_cap_addrgen/u_cap_sample_counter/U_SCRST/I_YESLUT6.SRL_Q_0
    SLICE_X47Y26         LUT3 (Prop_lut3_I2_O)        0.152     2.422 r  design_1_i/ila_0/inst/ila_core_inst/u_ila_cap_ctrl/u_cap_addrgen/u_cap_sample_counter/U_SCRST/O_INST_0/O
                         net (fo=10, routed)          1.120     3.542    design_1_i/ila_0/inst/ila_core_inst/u_ila_cap_ctrl/u_cap_addrgen/u_cap_sample_counter/U_SCRST_n_1
    SLICE_X53Y19         FDRE                                         r  design_1_i/ila_0/inst/ila_core_inst/u_ila_cap_ctrl/u_cap_addrgen/u_cap_sample_counter/iscnt_reg[4]/R
  -------------------------------------------------------------------    -------------------

Slack:                    inf
  Source:                 design_1_i/ila_0/inst/ila_core_inst/u_ila_cap_ctrl/u_cap_addrgen/u_cap_sample_counter/U_SCRST/I_YESLUT6.U_SRL32_B/CLK
                            (rising edge-triggered cell SRLC32E)
  Destination:            design_1_i/ila_0/inst/ila_core_inst/u_ila_cap_ctrl/u_cap_addrgen/u_cap_sample_counter/iscnt_reg[5]/R
  Path Group:             (none)
  Path Type:              Max at Slow Process Corner
  Data Path Delay:        3.542ns  (logic 1.766ns (49.863%)  route 1.776ns (50.137%))
  Logic Levels:           2  (LUT3=1 SRLC32E=1)
  Timing Exception:       False Path

    Location             Delay type                Incr(ns)  Path(ns)    Netlist Resource(s)
  -------------------------------------------------------------------    -------------------
    SLICE_X46Y26         SRLC32E                      0.000     0.000 r  design_1_i/ila_0/inst/ila_core_inst/u_ila_cap_ctrl/u_cap_addrgen/u_cap_sample_counter/U_SCRST/I_YESLUT6.U_SRL32_B/CLK
    SLICE_X46Y26         SRLC32E (Prop_srlc32e_CLK_Q)
                                                      1.614     1.614 r  design_1_i/ila_0/inst/ila_core_inst/u_ila_cap_ctrl/u_cap_addrgen/u_cap_sample_counter/U_SCRST/I_YESLUT6.U_SRL32_B/Q
                         net (fo=1, routed)           0.656     2.270    design_1_i/ila_0/inst/ila_core_inst/u_ila_cap_ctrl/u_cap_addrgen/u_cap_sample_counter/U_SCRST/I_YESLUT6.SRL_Q_0
    SLICE_X47Y26         LUT3 (Prop_lut3_I2_O)        0.152     2.422 r  design_1_i/ila_0/inst/ila_core_inst/u_ila_cap_ctrl/u_cap_addrgen/u_cap_sample_counter/U_SCRST/O_INST_0/O
                         net (fo=10, routed)          1.120     3.542    design_1_i/ila_0/inst/ila_core_inst/u_ila_cap_ctrl/u_cap_addrgen/u_cap_sample_counter/U_SCRST_n_1
    SLICE_X53Y19         FDRE                                         r  design_1_i/ila_0/inst/ila_core_inst/u_ila_cap_ctrl/u_cap_addrgen/u_cap_sample_counter/iscnt_reg[5]/R
  -------------------------------------------------------------------    -------------------

Slack:                    inf
  Source:                 design_1_i/ila_0/inst/ila_core_inst/u_ila_cap_ctrl/u_cap_addrgen/U_CMPRESET/I_YESLUT6.U_SRL32_A/CLK
                            (rising edge-triggered cell SRLC32E)
  Destination:            design_1_i/ila_0/inst/ila_core_inst/u_ila_cap_ctrl/u_cap_addrgen/u_cap_window_counter/u_wcnt_hcmp_q/R
  Path Group:             (none)
  Path Type:              Max at Slow Process Corner
  Data Path Delay:        3.424ns  (logic 1.752ns (51.175%)  route 1.672ns (48.825%))
  Logic Levels:           2  (LUT3=1 SRLC32E=1)
  Timing Exception:       False Path

    Location             Delay type                Incr(ns)  Path(ns)    Netlist Resource(s)
  -------------------------------------------------------------------    -------------------
    SLICE_X46Y27         SRLC32E                      0.000     0.000 r  design_1_i/ila_0/inst/ila_core_inst/u_ila_cap_ctrl/u_cap_addrgen/U_CMPRESET/I_YESLUT6.U_SRL32_A/CLK
    SLICE_X46Y27         SRLC32E (Prop_srlc32e_CLK_Q)
                                                      1.628     1.628 r  design_1_i/ila_0/inst/ila_core_inst/u_ila_cap_ctrl/u_cap_addrgen/U_CMPRESET/I_YESLUT6.U_SRL32_A/Q
                         net (fo=1, routed)           0.997     2.625    design_1_i/ila_0/inst/ila_core_inst/u_ila_cap_ctrl/u_cap_addrgen/U_CMPRESET/I_YESLUT6.SRL_Q_1
    SLICE_X47Y26         LUT3 (Prop_lut3_I0_O)        0.124     2.749 r  design_1_i/ila_0/inst/ila_core_inst/u_ila_cap_ctrl/u_cap_addrgen/U_CMPRESET/O_INST_0/O
                         net (fo=3, routed)           0.675     3.424    design_1_i/ila_0/inst/ila_core_inst/u_ila_cap_ctrl/u_cap_addrgen/u_cap_window_counter/O
    SLICE_X44Y24         FDRE                                         r  design_1_i/ila_0/inst/ila_core_inst/u_ila_cap_ctrl/u_cap_addrgen/u_cap_window_counter/u_wcnt_hcmp_q/R
  -------------------------------------------------------------------    -------------------





Min Delay Paths
--------------------------------------------------------------------------------------
Slack:                    inf
  Source:                 design_1_i/ila_0/inst/ila_core_inst/u_ila_regs/reg_stream_ffd/I_EN_CTL_EQ1.U_CTL/xsdb_reg_reg[8]/C
                            (rising edge-triggered cell FDRE)
  Destination:            design_1_i/ila_0/inst/ila_core_inst/debug_data_in_sync1_reg[8]/D
  Path Group:             (none)
  Path Type:              Min at Fast Process Corner
  Data Path Delay:        0.255ns  (logic 0.128ns (50.200%)  route 0.127ns (49.800%))
  Logic Levels:           1  (FDRE=1)
  Timing Exception:       False Path

    Location             Delay type                Incr(ns)  Path(ns)    Netlist Resource(s)
  -------------------------------------------------------------------    -------------------
    SLICE_X44Y34         FDRE                         0.000     0.000 r  design_1_i/ila_0/inst/ila_core_inst/u_ila_regs/reg_stream_ffd/I_EN_CTL_EQ1.U_CTL/xsdb_reg_reg[8]/C
    SLICE_X44Y34         FDRE (Prop_fdre_C_Q)         0.128     0.128 r  design_1_i/ila_0/inst/ila_core_inst/u_ila_regs/reg_stream_ffd/I_EN_CTL_EQ1.U_CTL/xsdb_reg_reg[8]/Q
                         net (fo=2, routed)           0.127     0.255    design_1_i/ila_0/inst/ila_core_inst/debug_data_in[8]
    SLICE_X44Y33         FDRE                                         r  design_1_i/ila_0/inst/ila_core_inst/debug_data_in_sync1_reg[8]/D
  -------------------------------------------------------------------    -------------------

Slack:                    inf
  Source:                 design_1_i/ila_0/inst/ila_core_inst/u_ila_regs/reg_1a/I_EN_CTL_EQ1.U_CTL/xsdb_reg_reg[1]/C
                            (rising edge-triggered cell FDRE)
  Destination:            design_1_i/ila_0/inst/ila_core_inst/capture_qual_ctrl_2_reg[0]/D
  Path Group:             (none)
  Path Type:              Min at Fast Process Corner
  Data Path Delay:        0.258ns  (logic 0.141ns (54.607%)  route 0.117ns (45.393%))
  Logic Levels:           1  (FDRE=1)
  Timing Exception:       False Path

    Location             Delay type                Incr(ns)  Path(ns)    Netlist Resource(s)
  -------------------------------------------------------------------    -------------------
    SLICE_X35Y29         FDRE                         0.000     0.000 r  design_1_i/ila_0/inst/ila_core_inst/u_ila_regs/reg_1a/I_EN_CTL_EQ1.U_CTL/xsdb_reg_reg[1]/C
    SLICE_X35Y29         FDRE (Prop_fdre_C_Q)         0.141     0.141 r  design_1_i/ila_0/inst/ila_core_inst/u_ila_regs/reg_1a/I_EN_CTL_EQ1.U_CTL/xsdb_reg_reg[1]/Q
                         net (fo=2, routed)           0.117     0.258    design_1_i/ila_0/inst/ila_core_inst/capture_qual_ctrl_1[0]
    SLICE_X35Y28         FDRE                                         r  design_1_i/ila_0/inst/ila_core_inst/capture_qual_ctrl_2_reg[0]/D
  -------------------------------------------------------------------    -------------------

Slack:                    inf
  Source:                 design_1_i/ila_0/inst/ila_core_inst/u_ila_regs/reg_stream_ffd/I_EN_CTL_EQ1.U_CTL/xsdb_reg_reg[14]/C
                            (rising edge-triggered cell FDRE)
  Destination:            design_1_i/ila_0/inst/ila_core_inst/debug_data_in_sync1_reg[14]/D
  Path Group:             (none)
  Path Type:              Min at Fast Process Corner
  Data Path Delay:        0.260ns  (logic 0.141ns (54.298%)  route 0.119ns (45.702%))
  Logic Levels:           1  (FDRE=1)
  Timing Exception:       False Path

    Location             Delay type                Incr(ns)  Path(ns)    Netlist Resource(s)
  -------------------------------------------------------------------    -------------------
    SLICE_X44Y32         FDRE                         0.000     0.000 r  design_1_i/ila_0/inst/ila_core_inst/u_ila_regs/reg_stream_ffd/I_EN_CTL_EQ1.U_CTL/xsdb_reg_reg[14]/C
    SLICE_X44Y32         FDRE (Prop_fdre_C_Q)         0.141     0.141 r  design_1_i/ila_0/inst/ila_core_inst/u_ila_regs/reg_stream_ffd/I_EN_CTL_EQ1.U_CTL/xsdb_reg_reg[14]/Q
                         net (fo=2, routed)           0.119     0.260    design_1_i/ila_0/inst/ila_core_inst/debug_data_in[14]
    SLICE_X45Y32         FDRE                                         r  design_1_i/ila_0/inst/ila_core_inst/debug_data_in_sync1_reg[14]/D
  -------------------------------------------------------------------    -------------------

Slack:                    inf
  Source:                 design_1_i/ila_0/inst/ila_core_inst/u_ila_reset_ctrl/asyncrounous_transfer.halt_in_transfer_inst/dout_reg1_reg/C
                            (rising edge-triggered cell FDRE)
  Destination:            design_1_i/ila_0/inst/ila_core_inst/u_ila_reset_ctrl/asyncrounous_transfer.halt_in_transfer_inst/temp_reg0_reg/D
  Path Group:             (none)
  Path Type:              Min at Fast Process Corner
  Data Path Delay:        0.266ns  (logic 0.128ns (48.111%)  route 0.138ns (51.889%))
  Logic Levels:           1  (FDRE=1)
  Timing Exception:       False Path

    Location             Delay type                Incr(ns)  Path(ns)    Netlist Resource(s)
  -------------------------------------------------------------------    -------------------
    SLICE_X40Y8          FDRE                         0.000     0.000 r  design_1_i/ila_0/inst/ila_core_inst/u_ila_reset_ctrl/asyncrounous_transfer.halt_in_transfer_inst/dout_reg1_reg/C
    SLICE_X40Y8          FDRE (Prop_fdre_C_Q)         0.128     0.128 r  design_1_i/ila_0/inst/ila_core_inst/u_ila_reset_ctrl/asyncrounous_transfer.halt_in_transfer_inst/dout_reg1_reg/Q
                         net (fo=4, routed)           0.138     0.266    design_1_i/ila_0/inst/ila_core_inst/u_ila_reset_ctrl/asyncrounous_transfer.halt_in_transfer_inst/dout_reg1
    SLICE_X40Y8          FDRE                                         r  design_1_i/ila_0/inst/ila_core_inst/u_ila_reset_ctrl/asyncrounous_transfer.halt_in_transfer_inst/temp_reg0_reg/D
  -------------------------------------------------------------------    -------------------

Slack:                    inf
  Source:                 design_1_i/ila_0/inst/ila_core_inst/u_ila_cap_ctrl/u_cap_addrgen/i_o_to_64k.cfg_data_vec_reg[6]/C
                            (rising edge-triggered cell FDRE)
  Destination:            design_1_i/ila_0/inst/ila_core_inst/u_ila_cap_ctrl/u_cap_addrgen/cfg_data_vec_sync1_reg[6]/D
  Path Group:             (none)
  Path Type:              Min at Fast Process Corner
  Data Path Delay:        0.271ns  (logic 0.164ns (60.434%)  route 0.107ns (39.566%))
  Logic Levels:           1  (FDRE=1)
  Timing Exception:       False Path

    Location             Delay type                Incr(ns)  Path(ns)    Netlist Resource(s)
  -------------------------------------------------------------------    -------------------
    SLICE_X52Y20         FDRE                         0.000     0.000 r  design_1_i/ila_0/inst/ila_core_inst/u_ila_cap_ctrl/u_cap_addrgen/i_o_to_64k.cfg_data_vec_reg[6]/C
    SLICE_X52Y20         FDRE (Prop_fdre_C_Q)         0.164     0.164 r  design_1_i/ila_0/inst/ila_core_inst/u_ila_cap_ctrl/u_cap_addrgen/i_o_to_64k.cfg_data_vec_reg[6]/Q
                         net (fo=2, routed)           0.107     0.271    design_1_i/ila_0/inst/ila_core_inst/u_ila_cap_ctrl/u_cap_addrgen/cfg_data_vec[6]
    SLICE_X51Y20         FDRE                                         r  design_1_i/ila_0/inst/ila_core_inst/u_ila_cap_ctrl/u_cap_addrgen/cfg_data_vec_sync1_reg[6]/D
  -------------------------------------------------------------------    -------------------

Slack:                    inf
  Source:                 design_1_i/ila_0/inst/ila_core_inst/u_ila_reset_ctrl/asyncrounous_transfer.arm_in_transfer_inst/dout_reg1_reg/C
                            (rising edge-triggered cell FDRE)
  Destination:            design_1_i/ila_0/inst/ila_core_inst/u_ila_reset_ctrl/asyncrounous_transfer.arm_in_transfer_inst/temp_reg0_reg/D
  Path Group:             (none)
  Path Type:              Min at Fast Process Corner
  Data Path Delay:        0.286ns  (logic 0.148ns (51.802%)  route 0.138ns (48.198%))
  Logic Levels:           1  (FDRE=1)
  Timing Exception:       False Path

    Location             Delay type                Incr(ns)  Path(ns)    Netlist Resource(s)
  -------------------------------------------------------------------    -------------------
    SLICE_X42Y6          FDRE                         0.000     0.000 r  design_1_i/ila_0/inst/ila_core_inst/u_ila_reset_ctrl/asyncrounous_transfer.arm_in_transfer_inst/dout_reg1_reg/C
    SLICE_X42Y6          FDRE (Prop_fdre_C_Q)         0.148     0.148 r  design_1_i/ila_0/inst/ila_core_inst/u_ila_reset_ctrl/asyncrounous_transfer.arm_in_transfer_inst/dout_reg1_reg/Q
                         net (fo=4, routed)           0.138     0.286    design_1_i/ila_0/inst/ila_core_inst/u_ila_reset_ctrl/asyncrounous_transfer.arm_in_transfer_inst/dout_reg1
    SLICE_X42Y6          FDRE                                         r  design_1_i/ila_0/inst/ila_core_inst/u_ila_reset_ctrl/asyncrounous_transfer.arm_in_transfer_inst/temp_reg0_reg/D
  -------------------------------------------------------------------    -------------------

Slack:                    inf
  Source:                 design_1_i/ila_0/inst/ila_core_inst/u_ila_reset_ctrl/asyncrounous_transfer.arm_out_transfer_inst/dout_reg1_reg/C
                            (rising edge-triggered cell FDRE)
  Destination:            design_1_i/ila_0/inst/ila_core_inst/u_ila_reset_ctrl/asyncrounous_transfer.arm_out_transfer_inst/temp_reg0_reg/D
  Path Group:             (none)
  Path Type:              Min at Fast Process Corner
  Data Path Delay:        0.286ns  (logic 0.148ns (51.802%)  route 0.138ns (48.198%))
  Logic Levels:           1  (FDRE=1)
  Timing Exception:       False Path

    Location             Delay type                Incr(ns)  Path(ns)    Netlist Resource(s)
  -------------------------------------------------------------------    -------------------
    SLICE_X42Y19         FDRE                         0.000     0.000 r  design_1_i/ila_0/inst/ila_core_inst/u_ila_reset_ctrl/asyncrounous_transfer.arm_out_transfer_inst/dout_reg1_reg/C
    SLICE_X42Y19         FDRE (Prop_fdre_C_Q)         0.148     0.148 r  design_1_i/ila_0/inst/ila_core_inst/u_ila_reset_ctrl/asyncrounous_transfer.arm_out_transfer_inst/dout_reg1_reg/Q
                         net (fo=2, routed)           0.138     0.286    design_1_i/ila_0/inst/ila_core_inst/u_ila_reset_ctrl/asyncrounous_transfer.arm_out_transfer_inst/dout_reg1
    SLICE_X42Y19         FDRE                                         r  design_1_i/ila_0/inst/ila_core_inst/u_ila_reset_ctrl/asyncrounous_transfer.arm_out_transfer_inst/temp_reg0_reg/D
  -------------------------------------------------------------------    -------------------

Slack:                    inf
  Source:                 design_1_i/ila_0/inst/ila_core_inst/u_ila_cap_ctrl/u_cap_addrgen/captured_samples_reg[1]/C
                            (rising edge-triggered cell FDRE)
  Destination:            design_1_i/ila_0/inst/ila_core_inst/u_ila_regs/reg_9/I_EN_STAT_EQ1.U_STAT/xsdb_reg_reg[1]/D
  Path Group:             (none)
  Path Type:              Min at Fast Process Corner
  Data Path Delay:        0.289ns  (logic 0.141ns (48.824%)  route 0.148ns (51.175%))
  Logic Levels:           1  (FDRE=1)
  Timing Exception:       False Path

    Location             Delay type                Incr(ns)  Path(ns)    Netlist Resource(s)
  -------------------------------------------------------------------    -------------------
    SLICE_X44Y23         FDRE                         0.000     0.000 r  design_1_i/ila_0/inst/ila_core_inst/u_ila_cap_ctrl/u_cap_addrgen/captured_samples_reg[1]/C
    SLICE_X44Y23         FDRE (Prop_fdre_C_Q)         0.141     0.141 r  design_1_i/ila_0/inst/ila_core_inst/u_ila_cap_ctrl/u_cap_addrgen/captured_samples_reg[1]/Q
                         net (fo=1, routed)           0.148     0.289    design_1_i/ila_0/inst/ila_core_inst/u_ila_regs/reg_9/I_EN_STAT_EQ1.U_STAT/din_i[1]
    SLICE_X44Y25         FDRE                                         r  design_1_i/ila_0/inst/ila_core_inst/u_ila_regs/reg_9/I_EN_STAT_EQ1.U_STAT/xsdb_reg_reg[1]/D
  -------------------------------------------------------------------    -------------------

Slack:                    inf
  Source:                 design_1_i/ila_0/inst/ila_core_inst/u_ila_reset_ctrl/asyncrounous_transfer.arm_out_transfer_inst/din_reg_reg/C
                            (rising edge-triggered cell FDRE)
  Destination:            design_1_i/ila_0/inst/ila_core_inst/u_ila_reset_ctrl/asyncrounous_transfer.arm_out_transfer_inst/dout_reg0_reg/D
  Path Group:             (none)
  Path Type:              Min at Fast Process Corner
  Data Path Delay:        0.291ns  (logic 0.164ns (56.264%)  route 0.127ns (43.736%))
  Logic Levels:           1  (FDRE=1)
  Timing Exception:       False Path

    Location             Delay type                Incr(ns)  Path(ns)    Netlist Resource(s)
  -------------------------------------------------------------------    -------------------
    SLICE_X42Y19         FDRE                         0.000     0.000 r  design_1_i/ila_0/inst/ila_core_inst/u_ila_reset_ctrl/asyncrounous_transfer.arm_out_transfer_inst/din_reg_reg/C
    SLICE_X42Y19         FDRE (Prop_fdre_C_Q)         0.164     0.164 r  design_1_i/ila_0/inst/ila_core_inst/u_ila_reset_ctrl/asyncrounous_transfer.arm_out_transfer_inst/din_reg_reg/Q
                         net (fo=2, routed)           0.127     0.291    design_1_i/ila_0/inst/ila_core_inst/u_ila_reset_ctrl/asyncrounous_transfer.arm_out_transfer_inst/din_reg
    SLICE_X42Y19         FDRE                                         r  design_1_i/ila_0/inst/ila_core_inst/u_ila_reset_ctrl/asyncrounous_transfer.arm_out_transfer_inst/dout_reg0_reg/D
  -------------------------------------------------------------------    -------------------

Slack:                    inf
  Source:                 design_1_i/ila_0/inst/ila_core_inst/u_ila_cap_ctrl/u_cap_addrgen/captured_samples_reg[3]/C
                            (rising edge-triggered cell FDRE)
  Destination:            design_1_i/ila_0/inst/ila_core_inst/u_ila_regs/reg_9/I_EN_STAT_EQ1.U_STAT/xsdb_reg_reg[3]/D
  Path Group:             (none)
  Path Type:              Min at Fast Process Corner
  Data Path Delay:        0.293ns  (logic 0.141ns (48.167%)  route 0.152ns (51.833%))
  Logic Levels:           1  (FDRE=1)
  Timing Exception:       False Path

    Location             Delay type                Incr(ns)  Path(ns)    Netlist Resource(s)
  -------------------------------------------------------------------    -------------------
    SLICE_X44Y23         FDRE                         0.000     0.000 r  design_1_i/ila_0/inst/ila_core_inst/u_ila_cap_ctrl/u_cap_addrgen/captured_samples_reg[3]/C
    SLICE_X44Y23         FDRE (Prop_fdre_C_Q)         0.141     0.141 r  design_1_i/ila_0/inst/ila_core_inst/u_ila_cap_ctrl/u_cap_addrgen/captured_samples_reg[3]/Q
                         net (fo=1, routed)           0.152     0.293    design_1_i/ila_0/inst/ila_core_inst/u_ila_regs/reg_9/I_EN_STAT_EQ1.U_STAT/din_i[3]
    SLICE_X44Y25         FDRE                                         r  design_1_i/ila_0/inst/ila_core_inst/u_ila_regs/reg_9/I_EN_STAT_EQ1.U_STAT/xsdb_reg_reg[3]/D
  -------------------------------------------------------------------    -------------------





--------------------------------------------------------------------------------------
Path Group:  (none)
From Clock:  dbg_hub/inst/BSCANID.u_xsdbm_id/SWITCH_N_EXT_BSCAN.bscan_inst/SERIES7_BSCAN.bscan_inst/TCK
  To Clock:  

Max Delay            78 Endpoints
Min Delay            86 Endpoints
--------------------------------------------------------------------------------------


Max Delay Paths
--------------------------------------------------------------------------------------
Slack:                    inf
  Source:                 dbg_hub/inst/BSCANID.u_xsdbm_id/CORE_XSDB.UUT_MASTER/U_ICON_INTERFACE/U_CMD6_WR/U_WR_FIFO/SUBCORE_FIFO.xsdbm_v3_0_0_wrfifo_inst/inst_fifo_gen/gconvfifo.rf/grf.rf/gntv_or_sync_fifo.mem/gdm.dm_gen.dm/RAM_reg_0_15_0_5/RAMC/CLK
                            (rising edge-triggered cell RAMD32 clocked by dbg_hub/inst/BSCANID.u_xsdbm_id/SWITCH_N_EXT_BSCAN.bscan_inst/SERIES7_BSCAN.bscan_inst/TCK  {rise@0.000ns fall@16.500ns period=33.000ns})
  Destination:            dbg_hub/inst/BSCANID.u_xsdbm_id/CORE_XSDB.UUT_MASTER/U_ICON_INTERFACE/U_CMD6_WR/U_WR_FIFO/SUBCORE_FIFO.xsdbm_v3_0_0_wrfifo_inst/inst_fifo_gen/gconvfifo.rf/grf.rf/gntv_or_sync_fifo.mem/gdm.dm_gen.dm/gpr1.dout_i_reg[4]/D
  Path Group:             (none)
  Path Type:              Max at Slow Process Corner
  Data Path Delay:        1.977ns  (logic 1.336ns (67.567%)  route 0.641ns (32.433%))
  Logic Levels:           0  
  Clock Uncertainty:      0.025ns  ((TSJ^2 + TIJ^2)^1/2 + DJ) / 2 + PE
    Total System Jitter     (TSJ):    0.050ns
    Total Input Jitter      (TIJ):    0.000ns
    Discrete Jitter          (DJ):    0.000ns
    Phase Error              (PE):    0.000ns
  Timing Exception:       False Path

    Location             Delay type                Incr(ns)  Path(ns)    Netlist Resource(s)
  -------------------------------------------------------------------    -------------------
                         (clock dbg_hub/inst/BSCANID.u_xsdbm_id/SWITCH_N_EXT_BSCAN.bscan_inst/SERIES7_BSCAN.bscan_inst/TCK rise edge)
                                                      0.000     0.000 r  
    BSCAN_X0Y0           BSCANE2                      0.000     0.000 r  dbg_hub/inst/BSCANID.u_xsdbm_id/SWITCH_N_EXT_BSCAN.bscan_inst/SERIES7_BSCAN.bscan_inst/TCK
                         net (fo=1, routed)           1.728     1.728    dbg_hub/inst/BSCANID.u_xsdbm_id/tck_bs
    BUFGCTRL_X0Y1        BUFG (Prop_bufg_I_O)         0.096     1.824 r  dbg_hub/inst/BSCANID.u_xsdbm_id/SWITCH_N_EXT_BSCAN.u_bufg_icon_tck/O
                         net (fo=482, routed)         1.562     3.386    dbg_hub/inst/BSCANID.u_xsdbm_id/CORE_XSDB.UUT_MASTER/U_ICON_INTERFACE/U_CMD6_WR/U_WR_FIFO/SUBCORE_FIFO.xsdbm_v3_0_0_wrfifo_inst/inst_fifo_gen/gconvfifo.rf/grf.rf/gntv_or_sync_fifo.mem/gdm.dm_gen.dm/RAM_reg_0_15_0_5/WCLK
    SLICE_X34Y40         RAMD32                                       r  dbg_hub/inst/BSCANID.u_xsdbm_id/CORE_XSDB.UUT_MASTER/U_ICON_INTERFACE/U_CMD6_WR/U_WR_FIFO/SUBCORE_FIFO.xsdbm_v3_0_0_wrfifo_inst/inst_fifo_gen/gconvfifo.rf/grf.rf/gntv_or_sync_fifo.mem/gdm.dm_gen.dm/RAM_reg_0_15_0_5/RAMC/CLK
  -------------------------------------------------------------------    -------------------
    SLICE_X34Y40         RAMD32 (Prop_ramd32_CLK_O)
                                                      1.336     4.722 r  dbg_hub/inst/BSCANID.u_xsdbm_id/CORE_XSDB.UUT_MASTER/U_ICON_INTERFACE/U_CMD6_WR/U_WR_FIFO/SUBCORE_FIFO.xsdbm_v3_0_0_wrfifo_inst/inst_fifo_gen/gconvfifo.rf/grf.rf/gntv_or_sync_fifo.mem/gdm.dm_gen.dm/RAM_reg_0_15_0_5/RAMC/O
                         net (fo=1, routed)           0.641     5.364    dbg_hub/inst/BSCANID.u_xsdbm_id/CORE_XSDB.UUT_MASTER/U_ICON_INTERFACE/U_CMD6_WR/U_WR_FIFO/SUBCORE_FIFO.xsdbm_v3_0_0_wrfifo_inst/inst_fifo_gen/gconvfifo.rf/grf.rf/gntv_or_sync_fifo.mem/gdm.dm_gen.dm/dout_i0[4]
    SLICE_X34Y39         FDRE                                         r  dbg_hub/inst/BSCANID.u_xsdbm_id/CORE_XSDB.UUT_MASTER/U_ICON_INTERFACE/U_CMD6_WR/U_WR_FIFO/SUBCORE_FIFO.xsdbm_v3_0_0_wrfifo_inst/inst_fifo_gen/gconvfifo.rf/grf.rf/gntv_or_sync_fifo.mem/gdm.dm_gen.dm/gpr1.dout_i_reg[4]/D
  -------------------------------------------------------------------    -------------------

Slack:                    inf
  Source:                 dbg_hub/inst/BSCANID.u_xsdbm_id/CORE_XSDB.UUT_MASTER/U_ICON_INTERFACE/U_CMD6_WR/U_WR_FIFO/SUBCORE_FIFO.xsdbm_v3_0_0_wrfifo_inst/inst_fifo_gen/gconvfifo.rf/grf.rf/gntv_or_sync_fifo.mem/gdm.dm_gen.dm/RAM_reg_0_15_0_5/RAMC_D1/CLK
                            (rising edge-triggered cell RAMD32 clocked by dbg_hub/inst/BSCANID.u_xsdbm_id/SWITCH_N_EXT_BSCAN.bscan_inst/SERIES7_BSCAN.bscan_inst/TCK  {rise@0.000ns fall@16.500ns period=33.000ns})
  Destination:            dbg_hub/inst/BSCANID.u_xsdbm_id/CORE_XSDB.UUT_MASTER/U_ICON_INTERFACE/U_CMD6_WR/U_WR_FIFO/SUBCORE_FIFO.xsdbm_v3_0_0_wrfifo_inst/inst_fifo_gen/gconvfifo.rf/grf.rf/gntv_or_sync_fifo.mem/gdm.dm_gen.dm/gpr1.dout_i_reg[5]/D
  Path Group:             (none)
  Path Type:              Max at Slow Process Corner
  Data Path Delay:        1.955ns  (logic 1.314ns (67.229%)  route 0.641ns (32.771%))
  Logic Levels:           0  
  Clock Uncertainty:      0.025ns  ((TSJ^2 + TIJ^2)^1/2 + DJ) / 2 + PE
    Total System Jitter     (TSJ):    0.050ns
    Total Input Jitter      (TIJ):    0.000ns
    Discrete Jitter          (DJ):    0.000ns
    Phase Error              (PE):    0.000ns
  Timing Exception:       False Path

    Location             Delay type                Incr(ns)  Path(ns)    Netlist Resource(s)
  -------------------------------------------------------------------    -------------------
                         (clock dbg_hub/inst/BSCANID.u_xsdbm_id/SWITCH_N_EXT_BSCAN.bscan_inst/SERIES7_BSCAN.bscan_inst/TCK rise edge)
                                                      0.000     0.000 r  
    BSCAN_X0Y0           BSCANE2                      0.000     0.000 r  dbg_hub/inst/BSCANID.u_xsdbm_id/SWITCH_N_EXT_BSCAN.bscan_inst/SERIES7_BSCAN.bscan_inst/TCK
                         net (fo=1, routed)           1.728     1.728    dbg_hub/inst/BSCANID.u_xsdbm_id/tck_bs
    BUFGCTRL_X0Y1        BUFG (Prop_bufg_I_O)         0.096     1.824 r  dbg_hub/inst/BSCANID.u_xsdbm_id/SWITCH_N_EXT_BSCAN.u_bufg_icon_tck/O
                         net (fo=482, routed)         1.562     3.386    dbg_hub/inst/BSCANID.u_xsdbm_id/CORE_XSDB.UUT_MASTER/U_ICON_INTERFACE/U_CMD6_WR/U_WR_FIFO/SUBCORE_FIFO.xsdbm_v3_0_0_wrfifo_inst/inst_fifo_gen/gconvfifo.rf/grf.rf/gntv_or_sync_fifo.mem/gdm.dm_gen.dm/RAM_reg_0_15_0_5/WCLK
    SLICE_X34Y40         RAMD32                                       r  dbg_hub/inst/BSCANID.u_xsdbm_id/CORE_XSDB.UUT_MASTER/U_ICON_INTERFACE/U_CMD6_WR/U_WR_FIFO/SUBCORE_FIFO.xsdbm_v3_0_0_wrfifo_inst/inst_fifo_gen/gconvfifo.rf/grf.rf/gntv_or_sync_fifo.mem/gdm.dm_gen.dm/RAM_reg_0_15_0_5/RAMC_D1/CLK
  -------------------------------------------------------------------    -------------------
    SLICE_X34Y40         RAMD32 (Prop_ramd32_CLK_O)
                                                      1.314     4.700 r  dbg_hub/inst/BSCANID.u_xsdbm_id/CORE_XSDB.UUT_MASTER/U_ICON_INTERFACE/U_CMD6_WR/U_WR_FIFO/SUBCORE_FIFO.xsdbm_v3_0_0_wrfifo_inst/inst_fifo_gen/gconvfifo.rf/grf.rf/gntv_or_sync_fifo.mem/gdm.dm_gen.dm/RAM_reg_0_15_0_5/RAMC_D1/O
                         net (fo=1, routed)           0.641     5.341    dbg_hub/inst/BSCANID.u_xsdbm_id/CORE_XSDB.UUT_MASTER/U_ICON_INTERFACE/U_CMD6_WR/U_WR_FIFO/SUBCORE_FIFO.xsdbm_v3_0_0_wrfifo_inst/inst_fifo_gen/gconvfifo.rf/grf.rf/gntv_or_sync_fifo.mem/gdm.dm_gen.dm/dout_i0[5]
    SLICE_X35Y40         FDRE                                         r  dbg_hub/inst/BSCANID.u_xsdbm_id/CORE_XSDB.UUT_MASTER/U_ICON_INTERFACE/U_CMD6_WR/U_WR_FIFO/SUBCORE_FIFO.xsdbm_v3_0_0_wrfifo_inst/inst_fifo_gen/gconvfifo.rf/grf.rf/gntv_or_sync_fifo.mem/gdm.dm_gen.dm/gpr1.dout_i_reg[5]/D
  -------------------------------------------------------------------    -------------------

Slack:                    inf
  Source:                 dbg_hub/inst/BSCANID.u_xsdbm_id/CORE_XSDB.UUT_MASTER/U_ICON_INTERFACE/U_CMD6_WR/U_WR_FIFO/SUBCORE_FIFO.xsdbm_v3_0_0_wrfifo_inst/inst_fifo_gen/gconvfifo.rf/grf.rf/gntv_or_sync_fifo.mem/gdm.dm_gen.dm/RAM_reg_0_15_6_11/RAMA_D1/CLK
                            (rising edge-triggered cell RAMD32 clocked by dbg_hub/inst/BSCANID.u_xsdbm_id/SWITCH_N_EXT_BSCAN.bscan_inst/SERIES7_BSCAN.bscan_inst/TCK  {rise@0.000ns fall@16.500ns period=33.000ns})
  Destination:            dbg_hub/inst/BSCANID.u_xsdbm_id/CORE_XSDB.UUT_MASTER/U_ICON_INTERFACE/U_CMD6_WR/U_WR_FIFO/SUBCORE_FIFO.xsdbm_v3_0_0_wrfifo_inst/inst_fifo_gen/gconvfifo.rf/grf.rf/gntv_or_sync_fifo.mem/gdm.dm_gen.dm/gpr1.dout_i_reg[7]/D
  Path Group:             (none)
  Path Type:              Max at Slow Process Corner
  Data Path Delay:        1.948ns  (logic 1.309ns (67.182%)  route 0.639ns (32.818%))
  Logic Levels:           0  
  Clock Uncertainty:      0.025ns  ((TSJ^2 + TIJ^2)^1/2 + DJ) / 2 + PE
    Total System Jitter     (TSJ):    0.050ns
    Total Input Jitter      (TIJ):    0.000ns
    Discrete Jitter          (DJ):    0.000ns
    Phase Error              (PE):    0.000ns
  Timing Exception:       False Path

    Location             Delay type                Incr(ns)  Path(ns)    Netlist Resource(s)
  -------------------------------------------------------------------    -------------------
                         (clock dbg_hub/inst/BSCANID.u_xsdbm_id/SWITCH_N_EXT_BSCAN.bscan_inst/SERIES7_BSCAN.bscan_inst/TCK rise edge)
                                                      0.000     0.000 r  
    BSCAN_X0Y0           BSCANE2                      0.000     0.000 r  dbg_hub/inst/BSCANID.u_xsdbm_id/SWITCH_N_EXT_BSCAN.bscan_inst/SERIES7_BSCAN.bscan_inst/TCK
                         net (fo=1, routed)           1.728     1.728    dbg_hub/inst/BSCANID.u_xsdbm_id/tck_bs
    BUFGCTRL_X0Y1        BUFG (Prop_bufg_I_O)         0.096     1.824 r  dbg_hub/inst/BSCANID.u_xsdbm_id/SWITCH_N_EXT_BSCAN.u_bufg_icon_tck/O
                         net (fo=482, routed)         1.563     3.387    dbg_hub/inst/BSCANID.u_xsdbm_id/CORE_XSDB.UUT_MASTER/U_ICON_INTERFACE/U_CMD6_WR/U_WR_FIFO/SUBCORE_FIFO.xsdbm_v3_0_0_wrfifo_inst/inst_fifo_gen/gconvfifo.rf/grf.rf/gntv_or_sync_fifo.mem/gdm.dm_gen.dm/RAM_reg_0_15_6_11/WCLK
    SLICE_X30Y40         RAMD32                                       r  dbg_hub/inst/BSCANID.u_xsdbm_id/CORE_XSDB.UUT_MASTER/U_ICON_INTERFACE/U_CMD6_WR/U_WR_FIFO/SUBCORE_FIFO.xsdbm_v3_0_0_wrfifo_inst/inst_fifo_gen/gconvfifo.rf/grf.rf/gntv_or_sync_fifo.mem/gdm.dm_gen.dm/RAM_reg_0_15_6_11/RAMA_D1/CLK
  -------------------------------------------------------------------    -------------------
    SLICE_X30Y40         RAMD32 (Prop_ramd32_CLK_O)
                                                      1.309     4.696 r  dbg_hub/inst/BSCANID.u_xsdbm_id/CORE_XSDB.UUT_MASTER/U_ICON_INTERFACE/U_CMD6_WR/U_WR_FIFO/SUBCORE_FIFO.xsdbm_v3_0_0_wrfifo_inst/inst_fifo_gen/gconvfifo.rf/grf.rf/gntv_or_sync_fifo.mem/gdm.dm_gen.dm/RAM_reg_0_15_6_11/RAMA_D1/O
                         net (fo=1, routed)           0.639     5.336    dbg_hub/inst/BSCANID.u_xsdbm_id/CORE_XSDB.UUT_MASTER/U_ICON_INTERFACE/U_CMD6_WR/U_WR_FIFO/SUBCORE_FIFO.xsdbm_v3_0_0_wrfifo_inst/inst_fifo_gen/gconvfifo.rf/grf.rf/gntv_or_sync_fifo.mem/gdm.dm_gen.dm/dout_i0[7]
    SLICE_X34Y39         FDRE                                         r  dbg_hub/inst/BSCANID.u_xsdbm_id/CORE_XSDB.UUT_MASTER/U_ICON_INTERFACE/U_CMD6_WR/U_WR_FIFO/SUBCORE_FIFO.xsdbm_v3_0_0_wrfifo_inst/inst_fifo_gen/gconvfifo.rf/grf.rf/gntv_or_sync_fifo.mem/gdm.dm_gen.dm/gpr1.dout_i_reg[7]/D
  -------------------------------------------------------------------    -------------------

Slack:                    inf
  Source:                 dbg_hub/inst/BSCANID.u_xsdbm_id/CORE_XSDB.UUT_MASTER/U_ICON_INTERFACE/U_CMD6_WR/U_WR_FIFO/SUBCORE_FIFO.xsdbm_v3_0_0_wrfifo_inst/inst_fifo_gen/gconvfifo.rf/grf.rf/gntv_or_sync_fifo.mem/gdm.dm_gen.dm/RAM_reg_0_15_12_15/RAMA/CLK
                            (rising edge-triggered cell RAMD32 clocked by dbg_hub/inst/BSCANID.u_xsdbm_id/SWITCH_N_EXT_BSCAN.bscan_inst/SERIES7_BSCAN.bscan_inst/TCK  {rise@0.000ns fall@16.500ns period=33.000ns})
  Destination:            dbg_hub/inst/BSCANID.u_xsdbm_id/CORE_XSDB.UUT_MASTER/U_ICON_INTERFACE/U_CMD6_WR/U_WR_FIFO/SUBCORE_FIFO.xsdbm_v3_0_0_wrfifo_inst/inst_fifo_gen/gconvfifo.rf/grf.rf/gntv_or_sync_fifo.mem/gdm.dm_gen.dm/gpr1.dout_i_reg[12]/D
  Path Group:             (none)
  Path Type:              Max at Slow Process Corner
  Data Path Delay:        1.945ns  (logic 1.344ns (69.093%)  route 0.601ns (30.907%))
  Logic Levels:           0  
  Clock Uncertainty:      0.025ns  ((TSJ^2 + TIJ^2)^1/2 + DJ) / 2 + PE
    Total System Jitter     (TSJ):    0.050ns
    Total Input Jitter      (TIJ):    0.000ns
    Discrete Jitter          (DJ):    0.000ns
    Phase Error              (PE):    0.000ns
  Timing Exception:       False Path

    Location             Delay type                Incr(ns)  Path(ns)    Netlist Resource(s)
  -------------------------------------------------------------------    -------------------
                         (clock dbg_hub/inst/BSCANID.u_xsdbm_id/SWITCH_N_EXT_BSCAN.bscan_inst/SERIES7_BSCAN.bscan_inst/TCK rise edge)
                                                      0.000     0.000 r  
    BSCAN_X0Y0           BSCANE2                      0.000     0.000 r  dbg_hub/inst/BSCANID.u_xsdbm_id/SWITCH_N_EXT_BSCAN.bscan_inst/SERIES7_BSCAN.bscan_inst/TCK
                         net (fo=1, routed)           1.728     1.728    dbg_hub/inst/BSCANID.u_xsdbm_id/tck_bs
    BUFGCTRL_X0Y1        BUFG (Prop_bufg_I_O)         0.096     1.824 r  dbg_hub/inst/BSCANID.u_xsdbm_id/SWITCH_N_EXT_BSCAN.u_bufg_icon_tck/O
                         net (fo=482, routed)         1.563     3.387    dbg_hub/inst/BSCANID.u_xsdbm_id/CORE_XSDB.UUT_MASTER/U_ICON_INTERFACE/U_CMD6_WR/U_WR_FIFO/SUBCORE_FIFO.xsdbm_v3_0_0_wrfifo_inst/inst_fifo_gen/gconvfifo.rf/grf.rf/gntv_or_sync_fifo.mem/gdm.dm_gen.dm/RAM_reg_0_15_12_15/WCLK
    SLICE_X34Y42         RAMD32                                       r  dbg_hub/inst/BSCANID.u_xsdbm_id/CORE_XSDB.UUT_MASTER/U_ICON_INTERFACE/U_CMD6_WR/U_WR_FIFO/SUBCORE_FIFO.xsdbm_v3_0_0_wrfifo_inst/inst_fifo_gen/gconvfifo.rf/grf.rf/gntv_or_sync_fifo.mem/gdm.dm_gen.dm/RAM_reg_0_15_12_15/RAMA/CLK
  -------------------------------------------------------------------    -------------------
    SLICE_X34Y42         RAMD32 (Prop_ramd32_CLK_O)
                                                      1.344     4.731 r  dbg_hub/inst/BSCANID.u_xsdbm_id/CORE_XSDB.UUT_MASTER/U_ICON_INTERFACE/U_CMD6_WR/U_WR_FIFO/SUBCORE_FIFO.xsdbm_v3_0_0_wrfifo_inst/inst_fifo_gen/gconvfifo.rf/grf.rf/gntv_or_sync_fifo.mem/gdm.dm_gen.dm/RAM_reg_0_15_12_15/RAMA/O
                         net (fo=1, routed)           0.601     5.333    dbg_hub/inst/BSCANID.u_xsdbm_id/CORE_XSDB.UUT_MASTER/U_ICON_INTERFACE/U_CMD6_WR/U_WR_FIFO/SUBCORE_FIFO.xsdbm_v3_0_0_wrfifo_inst/inst_fifo_gen/gconvfifo.rf/grf.rf/gntv_or_sync_fifo.mem/gdm.dm_gen.dm/dout_i0[12]
    SLICE_X35Y41         FDRE                                         r  dbg_hub/inst/BSCANID.u_xsdbm_id/CORE_XSDB.UUT_MASTER/U_ICON_INTERFACE/U_CMD6_WR/U_WR_FIFO/SUBCORE_FIFO.xsdbm_v3_0_0_wrfifo_inst/inst_fifo_gen/gconvfifo.rf/grf.rf/gntv_or_sync_fifo.mem/gdm.dm_gen.dm/gpr1.dout_i_reg[12]/D
  -------------------------------------------------------------------    -------------------

Slack:                    inf
  Source:                 dbg_hub/inst/BSCANID.u_xsdbm_id/CORE_XSDB.UUT_MASTER/U_ICON_INTERFACE/U_CMD6_WR/U_WR_FIFO/SUBCORE_FIFO.xsdbm_v3_0_0_wrfifo_inst/inst_fifo_gen/gconvfifo.rf/grf.rf/gntv_or_sync_fifo.mem/gdm.dm_gen.dm/RAM_reg_0_15_6_11/RAMB_D1/CLK
                            (rising edge-triggered cell RAMD32 clocked by dbg_hub/inst/BSCANID.u_xsdbm_id/SWITCH_N_EXT_BSCAN.bscan_inst/SERIES7_BSCAN.bscan_inst/TCK  {rise@0.000ns fall@16.500ns period=33.000ns})
  Destination:            dbg_hub/inst/BSCANID.u_xsdbm_id/CORE_XSDB.UUT_MASTER/U_ICON_INTERFACE/U_CMD6_WR/U_WR_FIFO/SUBCORE_FIFO.xsdbm_v3_0_0_wrfifo_inst/inst_fifo_gen/gconvfifo.rf/grf.rf/gntv_or_sync_fifo.mem/gdm.dm_gen.dm/gpr1.dout_i_reg[9]/D
  Path Group:             (none)
  Path Type:              Max at Slow Process Corner
  Data Path Delay:        1.943ns  (logic 1.317ns (67.789%)  route 0.626ns (32.211%))
  Logic Levels:           0  
  Clock Uncertainty:      0.025ns  ((TSJ^2 + TIJ^2)^1/2 + DJ) / 2 + PE
    Total System Jitter     (TSJ):    0.050ns
    Total Input Jitter      (TIJ):    0.000ns
    Discrete Jitter          (DJ):    0.000ns
    Phase Error              (PE):    0.000ns
  Timing Exception:       False Path

    Location             Delay type                Incr(ns)  Path(ns)    Netlist Resource(s)
  -------------------------------------------------------------------    -------------------
                         (clock dbg_hub/inst/BSCANID.u_xsdbm_id/SWITCH_N_EXT_BSCAN.bscan_inst/SERIES7_BSCAN.bscan_inst/TCK rise edge)
                                                      0.000     0.000 r  
    BSCAN_X0Y0           BSCANE2                      0.000     0.000 r  dbg_hub/inst/BSCANID.u_xsdbm_id/SWITCH_N_EXT_BSCAN.bscan_inst/SERIES7_BSCAN.bscan_inst/TCK
                         net (fo=1, routed)           1.728     1.728    dbg_hub/inst/BSCANID.u_xsdbm_id/tck_bs
    BUFGCTRL_X0Y1        BUFG (Prop_bufg_I_O)         0.096     1.824 r  dbg_hub/inst/BSCANID.u_xsdbm_id/SWITCH_N_EXT_BSCAN.u_bufg_icon_tck/O
                         net (fo=482, routed)         1.563     3.387    dbg_hub/inst/BSCANID.u_xsdbm_id/CORE_XSDB.UUT_MASTER/U_ICON_INTERFACE/U_CMD6_WR/U_WR_FIFO/SUBCORE_FIFO.xsdbm_v3_0_0_wrfifo_inst/inst_fifo_gen/gconvfifo.rf/grf.rf/gntv_or_sync_fifo.mem/gdm.dm_gen.dm/RAM_reg_0_15_6_11/WCLK
    SLICE_X30Y40         RAMD32                                       r  dbg_hub/inst/BSCANID.u_xsdbm_id/CORE_XSDB.UUT_MASTER/U_ICON_INTERFACE/U_CMD6_WR/U_WR_FIFO/SUBCORE_FIFO.xsdbm_v3_0_0_wrfifo_inst/inst_fifo_gen/gconvfifo.rf/grf.rf/gntv_or_sync_fifo.mem/gdm.dm_gen.dm/RAM_reg_0_15_6_11/RAMB_D1/CLK
  -------------------------------------------------------------------    -------------------
    SLICE_X30Y40         RAMD32 (Prop_ramd32_CLK_O)
                                                      1.317     4.704 r  dbg_hub/inst/BSCANID.u_xsdbm_id/CORE_XSDB.UUT_MASTER/U_ICON_INTERFACE/U_CMD6_WR/U_WR_FIFO/SUBCORE_FIFO.xsdbm_v3_0_0_wrfifo_inst/inst_fifo_gen/gconvfifo.rf/grf.rf/gntv_or_sync_fifo.mem/gdm.dm_gen.dm/RAM_reg_0_15_6_11/RAMB_D1/O
                         net (fo=1, routed)           0.626     5.330    dbg_hub/inst/BSCANID.u_xsdbm_id/CORE_XSDB.UUT_MASTER/U_ICON_INTERFACE/U_CMD6_WR/U_WR_FIFO/SUBCORE_FIFO.xsdbm_v3_0_0_wrfifo_inst/inst_fifo_gen/gconvfifo.rf/grf.rf/gntv_or_sync_fifo.mem/gdm.dm_gen.dm/dout_i0[9]
    SLICE_X35Y40         FDRE                                         r  dbg_hub/inst/BSCANID.u_xsdbm_id/CORE_XSDB.UUT_MASTER/U_ICON_INTERFACE/U_CMD6_WR/U_WR_FIFO/SUBCORE_FIFO.xsdbm_v3_0_0_wrfifo_inst/inst_fifo_gen/gconvfifo.rf/grf.rf/gntv_or_sync_fifo.mem/gdm.dm_gen.dm/gpr1.dout_i_reg[9]/D
  -------------------------------------------------------------------    -------------------

Slack:                    inf
  Source:                 dbg_hub/inst/BSCANID.u_xsdbm_id/CORE_XSDB.UUT_MASTER/U_ICON_INTERFACE/U_CMD6_WR/U_WR_FIFO/SUBCORE_FIFO.xsdbm_v3_0_0_wrfifo_inst/inst_fifo_gen/gconvfifo.rf/grf.rf/gntv_or_sync_fifo.mem/gdm.dm_gen.dm/RAM_reg_0_15_6_11/RAMC_D1/CLK
                            (rising edge-triggered cell RAMD32 clocked by dbg_hub/inst/BSCANID.u_xsdbm_id/SWITCH_N_EXT_BSCAN.bscan_inst/SERIES7_BSCAN.bscan_inst/TCK  {rise@0.000ns fall@16.500ns period=33.000ns})
  Destination:            dbg_hub/inst/BSCANID.u_xsdbm_id/CORE_XSDB.UUT_MASTER/U_ICON_INTERFACE/U_CMD6_WR/U_WR_FIFO/SUBCORE_FIFO.xsdbm_v3_0_0_wrfifo_inst/inst_fifo_gen/gconvfifo.rf/grf.rf/gntv_or_sync_fifo.mem/gdm.dm_gen.dm/gpr1.dout_i_reg[11]/D
  Path Group:             (none)
  Path Type:              Max at Slow Process Corner
  Data Path Delay:        1.936ns  (logic 1.314ns (67.864%)  route 0.622ns (32.136%))
  Logic Levels:           0  
  Clock Uncertainty:      0.025ns  ((TSJ^2 + TIJ^2)^1/2 + DJ) / 2 + PE
    Total System Jitter     (TSJ):    0.050ns
    Total Input Jitter      (TIJ):    0.000ns
    Discrete Jitter          (DJ):    0.000ns
    Phase Error              (PE):    0.000ns
  Timing Exception:       False Path

    Location             Delay type                Incr(ns)  Path(ns)    Netlist Resource(s)
  -------------------------------------------------------------------    -------------------
                         (clock dbg_hub/inst/BSCANID.u_xsdbm_id/SWITCH_N_EXT_BSCAN.bscan_inst/SERIES7_BSCAN.bscan_inst/TCK rise edge)
                                                      0.000     0.000 r  
    BSCAN_X0Y0           BSCANE2                      0.000     0.000 r  dbg_hub/inst/BSCANID.u_xsdbm_id/SWITCH_N_EXT_BSCAN.bscan_inst/SERIES7_BSCAN.bscan_inst/TCK
                         net (fo=1, routed)           1.728     1.728    dbg_hub/inst/BSCANID.u_xsdbm_id/tck_bs
    BUFGCTRL_X0Y1        BUFG (Prop_bufg_I_O)         0.096     1.824 r  dbg_hub/inst/BSCANID.u_xsdbm_id/SWITCH_N_EXT_BSCAN.u_bufg_icon_tck/O
                         net (fo=482, routed)         1.563     3.387    dbg_hub/inst/BSCANID.u_xsdbm_id/CORE_XSDB.UUT_MASTER/U_ICON_INTERFACE/U_CMD6_WR/U_WR_FIFO/SUBCORE_FIFO.xsdbm_v3_0_0_wrfifo_inst/inst_fifo_gen/gconvfifo.rf/grf.rf/gntv_or_sync_fifo.mem/gdm.dm_gen.dm/RAM_reg_0_15_6_11/WCLK
    SLICE_X30Y40         RAMD32                                       r  dbg_hub/inst/BSCANID.u_xsdbm_id/CORE_XSDB.UUT_MASTER/U_ICON_INTERFACE/U_CMD6_WR/U_WR_FIFO/SUBCORE_FIFO.xsdbm_v3_0_0_wrfifo_inst/inst_fifo_gen/gconvfifo.rf/grf.rf/gntv_or_sync_fifo.mem/gdm.dm_gen.dm/RAM_reg_0_15_6_11/RAMC_D1/CLK
  -------------------------------------------------------------------    -------------------
    SLICE_X30Y40         RAMD32 (Prop_ramd32_CLK_O)
                                                      1.314     4.701 r  dbg_hub/inst/BSCANID.u_xsdbm_id/CORE_XSDB.UUT_MASTER/U_ICON_INTERFACE/U_CMD6_WR/U_WR_FIFO/SUBCORE_FIFO.xsdbm_v3_0_0_wrfifo_inst/inst_fifo_gen/gconvfifo.rf/grf.rf/gntv_or_sync_fifo.mem/gdm.dm_gen.dm/RAM_reg_0_15_6_11/RAMC_D1/O
                         net (fo=1, routed)           0.622     5.324    dbg_hub/inst/BSCANID.u_xsdbm_id/CORE_XSDB.UUT_MASTER/U_ICON_INTERFACE/U_CMD6_WR/U_WR_FIFO/SUBCORE_FIFO.xsdbm_v3_0_0_wrfifo_inst/inst_fifo_gen/gconvfifo.rf/grf.rf/gntv_or_sync_fifo.mem/gdm.dm_gen.dm/dout_i0[11]
    SLICE_X35Y40         FDRE                                         r  dbg_hub/inst/BSCANID.u_xsdbm_id/CORE_XSDB.UUT_MASTER/U_ICON_INTERFACE/U_CMD6_WR/U_WR_FIFO/SUBCORE_FIFO.xsdbm_v3_0_0_wrfifo_inst/inst_fifo_gen/gconvfifo.rf/grf.rf/gntv_or_sync_fifo.mem/gdm.dm_gen.dm/gpr1.dout_i_reg[11]/D
  -------------------------------------------------------------------    -------------------

Slack:                    inf
  Source:                 dbg_hub/inst/BSCANID.u_xsdbm_id/CORE_XSDB.UUT_MASTER/U_ICON_INTERFACE/U_CMD6_WR/U_WR_FIFO/SUBCORE_FIFO.xsdbm_v3_0_0_wrfifo_inst/inst_fifo_gen/gconvfifo.rf/grf.rf/gntv_or_sync_fifo.mem/gdm.dm_gen.dm/RAM_reg_0_15_0_5/RAMA_D1/CLK
                            (rising edge-triggered cell RAMD32 clocked by dbg_hub/inst/BSCANID.u_xsdbm_id/SWITCH_N_EXT_BSCAN.bscan_inst/SERIES7_BSCAN.bscan_inst/TCK  {rise@0.000ns fall@16.500ns period=33.000ns})
  Destination:            dbg_hub/inst/BSCANID.u_xsdbm_id/CORE_XSDB.UUT_MASTER/U_ICON_INTERFACE/U_CMD6_WR/U_WR_FIFO/SUBCORE_FIFO.xsdbm_v3_0_0_wrfifo_inst/inst_fifo_gen/gconvfifo.rf/grf.rf/gntv_or_sync_fifo.mem/gdm.dm_gen.dm/gpr1.dout_i_reg[1]/D
  Path Group:             (none)
  Path Type:              Max at Slow Process Corner
  Data Path Delay:        1.919ns  (logic 1.309ns (68.201%)  route 0.610ns (31.799%))
  Logic Levels:           0  
  Clock Uncertainty:      0.025ns  ((TSJ^2 + TIJ^2)^1/2 + DJ) / 2 + PE
    Total System Jitter     (TSJ):    0.050ns
    Total Input Jitter      (TIJ):    0.000ns
    Discrete Jitter          (DJ):    0.000ns
    Phase Error              (PE):    0.000ns
  Timing Exception:       False Path

    Location             Delay type                Incr(ns)  Path(ns)    Netlist Resource(s)
  -------------------------------------------------------------------    -------------------
                         (clock dbg_hub/inst/BSCANID.u_xsdbm_id/SWITCH_N_EXT_BSCAN.bscan_inst/SERIES7_BSCAN.bscan_inst/TCK rise edge)
                                                      0.000     0.000 r  
    BSCAN_X0Y0           BSCANE2                      0.000     0.000 r  dbg_hub/inst/BSCANID.u_xsdbm_id/SWITCH_N_EXT_BSCAN.bscan_inst/SERIES7_BSCAN.bscan_inst/TCK
                         net (fo=1, routed)           1.728     1.728    dbg_hub/inst/BSCANID.u_xsdbm_id/tck_bs
    BUFGCTRL_X0Y1        BUFG (Prop_bufg_I_O)         0.096     1.824 r  dbg_hub/inst/BSCANID.u_xsdbm_id/SWITCH_N_EXT_BSCAN.u_bufg_icon_tck/O
                         net (fo=482, routed)         1.562     3.386    dbg_hub/inst/BSCANID.u_xsdbm_id/CORE_XSDB.UUT_MASTER/U_ICON_INTERFACE/U_CMD6_WR/U_WR_FIFO/SUBCORE_FIFO.xsdbm_v3_0_0_wrfifo_inst/inst_fifo_gen/gconvfifo.rf/grf.rf/gntv_or_sync_fifo.mem/gdm.dm_gen.dm/RAM_reg_0_15_0_5/WCLK
    SLICE_X34Y40         RAMD32                                       r  dbg_hub/inst/BSCANID.u_xsdbm_id/CORE_XSDB.UUT_MASTER/U_ICON_INTERFACE/U_CMD6_WR/U_WR_FIFO/SUBCORE_FIFO.xsdbm_v3_0_0_wrfifo_inst/inst_fifo_gen/gconvfifo.rf/grf.rf/gntv_or_sync_fifo.mem/gdm.dm_gen.dm/RAM_reg_0_15_0_5/RAMA_D1/CLK
  -------------------------------------------------------------------    -------------------
    SLICE_X34Y40         RAMD32 (Prop_ramd32_CLK_O)
                                                      1.309     4.695 r  dbg_hub/inst/BSCANID.u_xsdbm_id/CORE_XSDB.UUT_MASTER/U_ICON_INTERFACE/U_CMD6_WR/U_WR_FIFO/SUBCORE_FIFO.xsdbm_v3_0_0_wrfifo_inst/inst_fifo_gen/gconvfifo.rf/grf.rf/gntv_or_sync_fifo.mem/gdm.dm_gen.dm/RAM_reg_0_15_0_5/RAMA_D1/O
                         net (fo=1, routed)           0.610     5.306    dbg_hub/inst/BSCANID.u_xsdbm_id/CORE_XSDB.UUT_MASTER/U_ICON_INTERFACE/U_CMD6_WR/U_WR_FIFO/SUBCORE_FIFO.xsdbm_v3_0_0_wrfifo_inst/inst_fifo_gen/gconvfifo.rf/grf.rf/gntv_or_sync_fifo.mem/gdm.dm_gen.dm/dout_i0[1]
    SLICE_X35Y40         FDRE                                         r  dbg_hub/inst/BSCANID.u_xsdbm_id/CORE_XSDB.UUT_MASTER/U_ICON_INTERFACE/U_CMD6_WR/U_WR_FIFO/SUBCORE_FIFO.xsdbm_v3_0_0_wrfifo_inst/inst_fifo_gen/gconvfifo.rf/grf.rf/gntv_or_sync_fifo.mem/gdm.dm_gen.dm/gpr1.dout_i_reg[1]/D
  -------------------------------------------------------------------    -------------------

Slack:                    inf
  Source:                 dbg_hub/inst/BSCANID.u_xsdbm_id/CORE_XSDB.UUT_MASTER/U_ICON_INTERFACE/U_CMD6_WR/U_WR_FIFO/SUBCORE_FIFO.xsdbm_v3_0_0_wrfifo_inst/inst_fifo_gen/gconvfifo.rf/grf.rf/gntv_or_sync_fifo.mem/gdm.dm_gen.dm/RAM_reg_0_15_12_15/RAMB_D1/CLK
                            (rising edge-triggered cell RAMD32 clocked by dbg_hub/inst/BSCANID.u_xsdbm_id/SWITCH_N_EXT_BSCAN.bscan_inst/SERIES7_BSCAN.bscan_inst/TCK  {rise@0.000ns fall@16.500ns period=33.000ns})
  Destination:            dbg_hub/inst/BSCANID.u_xsdbm_id/CORE_XSDB.UUT_MASTER/U_ICON_INTERFACE/U_CMD6_WR/U_WR_FIFO/SUBCORE_FIFO.xsdbm_v3_0_0_wrfifo_inst/inst_fifo_gen/gconvfifo.rf/grf.rf/gntv_or_sync_fifo.mem/gdm.dm_gen.dm/gpr1.dout_i_reg[15]/D
  Path Group:             (none)
  Path Type:              Max at Slow Process Corner
  Data Path Delay:        1.846ns  (logic 1.317ns (71.339%)  route 0.529ns (28.661%))
  Logic Levels:           0  
  Clock Uncertainty:      0.025ns  ((TSJ^2 + TIJ^2)^1/2 + DJ) / 2 + PE
    Total System Jitter     (TSJ):    0.050ns
    Total Input Jitter      (TIJ):    0.000ns
    Discrete Jitter          (DJ):    0.000ns
    Phase Error              (PE):    0.000ns
  Timing Exception:       False Path

    Location             Delay type                Incr(ns)  Path(ns)    Netlist Resource(s)
  -------------------------------------------------------------------    -------------------
                         (clock dbg_hub/inst/BSCANID.u_xsdbm_id/SWITCH_N_EXT_BSCAN.bscan_inst/SERIES7_BSCAN.bscan_inst/TCK rise edge)
                                                      0.000     0.000 r  
    BSCAN_X0Y0           BSCANE2                      0.000     0.000 r  dbg_hub/inst/BSCANID.u_xsdbm_id/SWITCH_N_EXT_BSCAN.bscan_inst/SERIES7_BSCAN.bscan_inst/TCK
                         net (fo=1, routed)           1.728     1.728    dbg_hub/inst/BSCANID.u_xsdbm_id/tck_bs
    BUFGCTRL_X0Y1        BUFG (Prop_bufg_I_O)         0.096     1.824 r  dbg_hub/inst/BSCANID.u_xsdbm_id/SWITCH_N_EXT_BSCAN.u_bufg_icon_tck/O
                         net (fo=482, routed)         1.563     3.387    dbg_hub/inst/BSCANID.u_xsdbm_id/CORE_XSDB.UUT_MASTER/U_ICON_INTERFACE/U_CMD6_WR/U_WR_FIFO/SUBCORE_FIFO.xsdbm_v3_0_0_wrfifo_inst/inst_fifo_gen/gconvfifo.rf/grf.rf/gntv_or_sync_fifo.mem/gdm.dm_gen.dm/RAM_reg_0_15_12_15/WCLK
    SLICE_X34Y42         RAMD32                                       r  dbg_hub/inst/BSCANID.u_xsdbm_id/CORE_XSDB.UUT_MASTER/U_ICON_INTERFACE/U_CMD6_WR/U_WR_FIFO/SUBCORE_FIFO.xsdbm_v3_0_0_wrfifo_inst/inst_fifo_gen/gconvfifo.rf/grf.rf/gntv_or_sync_fifo.mem/gdm.dm_gen.dm/RAM_reg_0_15_12_15/RAMB_D1/CLK
  -------------------------------------------------------------------    -------------------
    SLICE_X34Y42         RAMD32 (Prop_ramd32_CLK_O)
                                                      1.317     4.704 r  dbg_hub/inst/BSCANID.u_xsdbm_id/CORE_XSDB.UUT_MASTER/U_ICON_INTERFACE/U_CMD6_WR/U_WR_FIFO/SUBCORE_FIFO.xsdbm_v3_0_0_wrfifo_inst/inst_fifo_gen/gconvfifo.rf/grf.rf/gntv_or_sync_fifo.mem/gdm.dm_gen.dm/RAM_reg_0_15_12_15/RAMB_D1/O
                         net (fo=1, routed)           0.529     5.234    dbg_hub/inst/BSCANID.u_xsdbm_id/CORE_XSDB.UUT_MASTER/U_ICON_INTERFACE/U_CMD6_WR/U_WR_FIFO/SUBCORE_FIFO.xsdbm_v3_0_0_wrfifo_inst/inst_fifo_gen/gconvfifo.rf/grf.rf/gntv_or_sync_fifo.mem/gdm.dm_gen.dm/dout_i0[15]
    SLICE_X35Y41         FDRE                                         r  dbg_hub/inst/BSCANID.u_xsdbm_id/CORE_XSDB.UUT_MASTER/U_ICON_INTERFACE/U_CMD6_WR/U_WR_FIFO/SUBCORE_FIFO.xsdbm_v3_0_0_wrfifo_inst/inst_fifo_gen/gconvfifo.rf/grf.rf/gntv_or_sync_fifo.mem/gdm.dm_gen.dm/gpr1.dout_i_reg[15]/D
  -------------------------------------------------------------------    -------------------

Slack:                    inf
  Source:                 dbg_hub/inst/BSCANID.u_xsdbm_id/CORE_XSDB.UUT_MASTER/U_ICON_INTERFACE/U_CMD6_WR/U_WR_FIFO/SUBCORE_FIFO.xsdbm_v3_0_0_wrfifo_inst/inst_fifo_gen/gconvfifo.rf/grf.rf/gntv_or_sync_fifo.mem/gdm.dm_gen.dm/RAM_reg_0_15_6_11/RAMB/CLK
                            (rising edge-triggered cell RAMD32 clocked by dbg_hub/inst/BSCANID.u_xsdbm_id/SWITCH_N_EXT_BSCAN.bscan_inst/SERIES7_BSCAN.bscan_inst/TCK  {rise@0.000ns fall@16.500ns period=33.000ns})
  Destination:            dbg_hub/inst/BSCANID.u_xsdbm_id/CORE_XSDB.UUT_MASTER/U_ICON_INTERFACE/U_CMD6_WR/U_WR_FIFO/SUBCORE_FIFO.xsdbm_v3_0_0_wrfifo_inst/inst_fifo_gen/gconvfifo.rf/grf.rf/gntv_or_sync_fifo.mem/gdm.dm_gen.dm/gpr1.dout_i_reg[8]/D
  Path Group:             (none)
  Path Type:              Max at Slow Process Corner
  Data Path Delay:        1.832ns  (logic 1.343ns (73.316%)  route 0.489ns (26.684%))
  Logic Levels:           0  
  Clock Uncertainty:      0.025ns  ((TSJ^2 + TIJ^2)^1/2 + DJ) / 2 + PE
    Total System Jitter     (TSJ):    0.050ns
    Total Input Jitter      (TIJ):    0.000ns
    Discrete Jitter          (DJ):    0.000ns
    Phase Error              (PE):    0.000ns
  Timing Exception:       False Path

    Location             Delay type                Incr(ns)  Path(ns)    Netlist Resource(s)
  -------------------------------------------------------------------    -------------------
                         (clock dbg_hub/inst/BSCANID.u_xsdbm_id/SWITCH_N_EXT_BSCAN.bscan_inst/SERIES7_BSCAN.bscan_inst/TCK rise edge)
                                                      0.000     0.000 r  
    BSCAN_X0Y0           BSCANE2                      0.000     0.000 r  dbg_hub/inst/BSCANID.u_xsdbm_id/SWITCH_N_EXT_BSCAN.bscan_inst/SERIES7_BSCAN.bscan_inst/TCK
                         net (fo=1, routed)           1.728     1.728    dbg_hub/inst/BSCANID.u_xsdbm_id/tck_bs
    BUFGCTRL_X0Y1        BUFG (Prop_bufg_I_O)         0.096     1.824 r  dbg_hub/inst/BSCANID.u_xsdbm_id/SWITCH_N_EXT_BSCAN.u_bufg_icon_tck/O
                         net (fo=482, routed)         1.563     3.387    dbg_hub/inst/BSCANID.u_xsdbm_id/CORE_XSDB.UUT_MASTER/U_ICON_INTERFACE/U_CMD6_WR/U_WR_FIFO/SUBCORE_FIFO.xsdbm_v3_0_0_wrfifo_inst/inst_fifo_gen/gconvfifo.rf/grf.rf/gntv_or_sync_fifo.mem/gdm.dm_gen.dm/RAM_reg_0_15_6_11/WCLK
    SLICE_X30Y40         RAMD32                                       r  dbg_hub/inst/BSCANID.u_xsdbm_id/CORE_XSDB.UUT_MASTER/U_ICON_INTERFACE/U_CMD6_WR/U_WR_FIFO/SUBCORE_FIFO.xsdbm_v3_0_0_wrfifo_inst/inst_fifo_gen/gconvfifo.rf/grf.rf/gntv_or_sync_fifo.mem/gdm.dm_gen.dm/RAM_reg_0_15_6_11/RAMB/CLK
  -------------------------------------------------------------------    -------------------
    SLICE_X30Y40         RAMD32 (Prop_ramd32_CLK_O)
                                                      1.343     4.730 r  dbg_hub/inst/BSCANID.u_xsdbm_id/CORE_XSDB.UUT_MASTER/U_ICON_INTERFACE/U_CMD6_WR/U_WR_FIFO/SUBCORE_FIFO.xsdbm_v3_0_0_wrfifo_inst/inst_fifo_gen/gconvfifo.rf/grf.rf/gntv_or_sync_fifo.mem/gdm.dm_gen.dm/RAM_reg_0_15_6_11/RAMB/O
                         net (fo=1, routed)           0.489     5.219    dbg_hub/inst/BSCANID.u_xsdbm_id/CORE_XSDB.UUT_MASTER/U_ICON_INTERFACE/U_CMD6_WR/U_WR_FIFO/SUBCORE_FIFO.xsdbm_v3_0_0_wrfifo_inst/inst_fifo_gen/gconvfifo.rf/grf.rf/gntv_or_sync_fifo.mem/gdm.dm_gen.dm/dout_i0[8]
    SLICE_X34Y39         FDRE                                         r  dbg_hub/inst/BSCANID.u_xsdbm_id/CORE_XSDB.UUT_MASTER/U_ICON_INTERFACE/U_CMD6_WR/U_WR_FIFO/SUBCORE_FIFO.xsdbm_v3_0_0_wrfifo_inst/inst_fifo_gen/gconvfifo.rf/grf.rf/gntv_or_sync_fifo.mem/gdm.dm_gen.dm/gpr1.dout_i_reg[8]/D
  -------------------------------------------------------------------    -------------------

Slack:                    inf
  Source:                 dbg_hub/inst/BSCANID.u_xsdbm_id/CORE_XSDB.UUT_MASTER/U_ICON_INTERFACE/U_CMD6_WR/U_WR_FIFO/SUBCORE_FIFO.xsdbm_v3_0_0_wrfifo_inst/inst_fifo_gen/gconvfifo.rf/grf.rf/gntv_or_sync_fifo.mem/gdm.dm_gen.dm/RAM_reg_0_15_6_11/RAMA/CLK
                            (rising edge-triggered cell RAMD32 clocked by dbg_hub/inst/BSCANID.u_xsdbm_id/SWITCH_N_EXT_BSCAN.bscan_inst/SERIES7_BSCAN.bscan_inst/TCK  {rise@0.000ns fall@16.500ns period=33.000ns})
  Destination:            dbg_hub/inst/BSCANID.u_xsdbm_id/CORE_XSDB.UUT_MASTER/U_ICON_INTERFACE/U_CMD6_WR/U_WR_FIFO/SUBCORE_FIFO.xsdbm_v3_0_0_wrfifo_inst/inst_fifo_gen/gconvfifo.rf/grf.rf/gntv_or_sync_fifo.mem/gdm.dm_gen.dm/gpr1.dout_i_reg[6]/D
  Path Group:             (none)
  Path Type:              Max at Slow Process Corner
  Data Path Delay:        1.831ns  (logic 1.344ns (73.383%)  route 0.487ns (26.617%))
  Logic Levels:           0  
  Clock Uncertainty:      0.025ns  ((TSJ^2 + TIJ^2)^1/2 + DJ) / 2 + PE
    Total System Jitter     (TSJ):    0.050ns
    Total Input Jitter      (TIJ):    0.000ns
    Discrete Jitter          (DJ):    0.000ns
    Phase Error              (PE):    0.000ns
  Timing Exception:       False Path

    Location             Delay type                Incr(ns)  Path(ns)    Netlist Resource(s)
  -------------------------------------------------------------------    -------------------
                         (clock dbg_hub/inst/BSCANID.u_xsdbm_id/SWITCH_N_EXT_BSCAN.bscan_inst/SERIES7_BSCAN.bscan_inst/TCK rise edge)
                                                      0.000     0.000 r  
    BSCAN_X0Y0           BSCANE2                      0.000     0.000 r  dbg_hub/inst/BSCANID.u_xsdbm_id/SWITCH_N_EXT_BSCAN.bscan_inst/SERIES7_BSCAN.bscan_inst/TCK
                         net (fo=1, routed)           1.728     1.728    dbg_hub/inst/BSCANID.u_xsdbm_id/tck_bs
    BUFGCTRL_X0Y1        BUFG (Prop_bufg_I_O)         0.096     1.824 r  dbg_hub/inst/BSCANID.u_xsdbm_id/SWITCH_N_EXT_BSCAN.u_bufg_icon_tck/O
                         net (fo=482, routed)         1.563     3.387    dbg_hub/inst/BSCANID.u_xsdbm_id/CORE_XSDB.UUT_MASTER/U_ICON_INTERFACE/U_CMD6_WR/U_WR_FIFO/SUBCORE_FIFO.xsdbm_v3_0_0_wrfifo_inst/inst_fifo_gen/gconvfifo.rf/grf.rf/gntv_or_sync_fifo.mem/gdm.dm_gen.dm/RAM_reg_0_15_6_11/WCLK
    SLICE_X30Y40         RAMD32                                       r  dbg_hub/inst/BSCANID.u_xsdbm_id/CORE_XSDB.UUT_MASTER/U_ICON_INTERFACE/U_CMD6_WR/U_WR_FIFO/SUBCORE_FIFO.xsdbm_v3_0_0_wrfifo_inst/inst_fifo_gen/gconvfifo.rf/grf.rf/gntv_or_sync_fifo.mem/gdm.dm_gen.dm/RAM_reg_0_15_6_11/RAMA/CLK
  -------------------------------------------------------------------    -------------------
    SLICE_X30Y40         RAMD32 (Prop_ramd32_CLK_O)
                                                      1.344     4.731 r  dbg_hub/inst/BSCANID.u_xsdbm_id/CORE_XSDB.UUT_MASTER/U_ICON_INTERFACE/U_CMD6_WR/U_WR_FIFO/SUBCORE_FIFO.xsdbm_v3_0_0_wrfifo_inst/inst_fifo_gen/gconvfifo.rf/grf.rf/gntv_or_sync_fifo.mem/gdm.dm_gen.dm/RAM_reg_0_15_6_11/RAMA/O
                         net (fo=1, routed)           0.487     5.219    dbg_hub/inst/BSCANID.u_xsdbm_id/CORE_XSDB.UUT_MASTER/U_ICON_INTERFACE/U_CMD6_WR/U_WR_FIFO/SUBCORE_FIFO.xsdbm_v3_0_0_wrfifo_inst/inst_fifo_gen/gconvfifo.rf/grf.rf/gntv_or_sync_fifo.mem/gdm.dm_gen.dm/dout_i0[6]
    SLICE_X34Y39         FDRE                                         r  dbg_hub/inst/BSCANID.u_xsdbm_id/CORE_XSDB.UUT_MASTER/U_ICON_INTERFACE/U_CMD6_WR/U_WR_FIFO/SUBCORE_FIFO.xsdbm_v3_0_0_wrfifo_inst/inst_fifo_gen/gconvfifo.rf/grf.rf/gntv_or_sync_fifo.mem/gdm.dm_gen.dm/gpr1.dout_i_reg[6]/D
  -------------------------------------------------------------------    -------------------





Min Delay Paths
--------------------------------------------------------------------------------------
Slack:                    inf
  Source:                 dbg_hub/inst/BSCANID.u_xsdbm_id/CORE_XSDB.UUT_MASTER/U_ICON_INTERFACE/U_CMD4/shift_reg_in_reg[24]/C
                            (rising edge-triggered cell FDRE clocked by dbg_hub/inst/BSCANID.u_xsdbm_id/SWITCH_N_EXT_BSCAN.bscan_inst/SERIES7_BSCAN.bscan_inst/TCK  {rise@0.000ns fall@16.500ns period=33.000ns})
  Destination:            dbg_hub/inst/BSCANID.u_xsdbm_id/CORE_XSDB.UUT_MASTER/U_ICON_INTERFACE/U_CMD4/ctl_reg_reg[24]/D
  Path Group:             (none)
  Path Type:              Min at Fast Process Corner
  Data Path Delay:        0.187ns  (logic 0.128ns (68.470%)  route 0.059ns (31.530%))
  Logic Levels:           0  
  Clock Uncertainty:      0.025ns  ((TSJ^2 + TIJ^2)^1/2 + DJ) / 2 + PE
    Total System Jitter     (TSJ):    0.050ns
    Total Input Jitter      (TIJ):    0.000ns
    Discrete Jitter          (DJ):    0.000ns
    Phase Error              (PE):    0.000ns
  Timing Exception:       False Path

    Location             Delay type                Incr(ns)  Path(ns)    Netlist Resource(s)
  -------------------------------------------------------------------    -------------------
                         (clock dbg_hub/inst/BSCANID.u_xsdbm_id/SWITCH_N_EXT_BSCAN.bscan_inst/SERIES7_BSCAN.bscan_inst/TCK rise edge)
                                                      0.000     0.000 r  
    BSCAN_X0Y0           BSCANE2                      0.000     0.000 r  dbg_hub/inst/BSCANID.u_xsdbm_id/SWITCH_N_EXT_BSCAN.bscan_inst/SERIES7_BSCAN.bscan_inst/TCK
                         net (fo=1, routed)           0.685     0.685    dbg_hub/inst/BSCANID.u_xsdbm_id/tck_bs
    BUFGCTRL_X0Y1        BUFG (Prop_bufg_I_O)         0.026     0.711 r  dbg_hub/inst/BSCANID.u_xsdbm_id/SWITCH_N_EXT_BSCAN.u_bufg_icon_tck/O
                         net (fo=482, routed)         0.564     1.275    dbg_hub/inst/BSCANID.u_xsdbm_id/CORE_XSDB.UUT_MASTER/U_ICON_INTERFACE/U_CMD4/m_bscan_tck[0]
    SLICE_X32Y47         FDRE                                         r  dbg_hub/inst/BSCANID.u_xsdbm_id/CORE_XSDB.UUT_MASTER/U_ICON_INTERFACE/U_CMD4/shift_reg_in_reg[24]/C
  -------------------------------------------------------------------    -------------------
    SLICE_X32Y47         FDRE (Prop_fdre_C_Q)         0.128     1.403 r  dbg_hub/inst/BSCANID.u_xsdbm_id/CORE_XSDB.UUT_MASTER/U_ICON_INTERFACE/U_CMD4/shift_reg_in_reg[24]/Q
                         net (fo=2, routed)           0.059     1.462    dbg_hub/inst/BSCANID.u_xsdbm_id/CORE_XSDB.UUT_MASTER/U_ICON_INTERFACE/U_CMD4/shift_reg_in[24]
    SLICE_X33Y47         FDRE                                         r  dbg_hub/inst/BSCANID.u_xsdbm_id/CORE_XSDB.UUT_MASTER/U_ICON_INTERFACE/U_CMD4/ctl_reg_reg[24]/D
  -------------------------------------------------------------------    -------------------

Slack:                    inf
  Source:                 dbg_hub/inst/BSCANID.u_xsdbm_id/CORE_XSDB.UUT_MASTER/U_ICON_INTERFACE/U_CMD6_WR/U_WR_FIFO/SUBCORE_FIFO.xsdbm_v3_0_0_wrfifo_inst/inst_fifo_gen/gconvfifo.rf/grf.rf/gntv_or_sync_fifo.gcx.clkx/gnxpm_cdc.wr_pntr_gc_reg[0]/C
                            (rising edge-triggered cell FDCE clocked by dbg_hub/inst/BSCANID.u_xsdbm_id/SWITCH_N_EXT_BSCAN.bscan_inst/SERIES7_BSCAN.bscan_inst/TCK  {rise@0.000ns fall@16.500ns period=33.000ns})
  Destination:            dbg_hub/inst/BSCANID.u_xsdbm_id/CORE_XSDB.UUT_MASTER/U_ICON_INTERFACE/U_CMD6_WR/U_WR_FIFO/SUBCORE_FIFO.xsdbm_v3_0_0_wrfifo_inst/inst_fifo_gen/gconvfifo.rf/grf.rf/gntv_or_sync_fifo.gcx.clkx/gnxpm_cdc.gsync_stage[1].rd_stg_inst/Q_reg_reg[0]/D
  Path Group:             (none)
  Path Type:              Min at Fast Process Corner
  Data Path Delay:        0.197ns  (logic 0.141ns (71.536%)  route 0.056ns (28.464%))
  Logic Levels:           0  
  Clock Uncertainty:      0.025ns  ((TSJ^2 + TIJ^2)^1/2 + DJ) / 2 + PE
    Total System Jitter     (TSJ):    0.050ns
    Total Input Jitter      (TIJ):    0.000ns
    Discrete Jitter          (DJ):    0.000ns
    Phase Error              (PE):    0.000ns
  Timing Exception:       False Path

    Location             Delay type                Incr(ns)  Path(ns)    Netlist Resource(s)
  -------------------------------------------------------------------    -------------------
                         (clock dbg_hub/inst/BSCANID.u_xsdbm_id/SWITCH_N_EXT_BSCAN.bscan_inst/SERIES7_BSCAN.bscan_inst/TCK rise edge)
                                                      0.000     0.000 r  
    BSCAN_X0Y0           BSCANE2                      0.000     0.000 r  dbg_hub/inst/BSCANID.u_xsdbm_id/SWITCH_N_EXT_BSCAN.bscan_inst/SERIES7_BSCAN.bscan_inst/TCK
                         net (fo=1, routed)           0.685     0.685    dbg_hub/inst/BSCANID.u_xsdbm_id/tck_bs
    BUFGCTRL_X0Y1        BUFG (Prop_bufg_I_O)         0.026     0.711 r  dbg_hub/inst/BSCANID.u_xsdbm_id/SWITCH_N_EXT_BSCAN.u_bufg_icon_tck/O
                         net (fo=482, routed)         0.562     1.273    dbg_hub/inst/BSCANID.u_xsdbm_id/CORE_XSDB.UUT_MASTER/U_ICON_INTERFACE/U_CMD6_WR/U_WR_FIFO/SUBCORE_FIFO.xsdbm_v3_0_0_wrfifo_inst/inst_fifo_gen/gconvfifo.rf/grf.rf/gntv_or_sync_fifo.gcx.clkx/wr_clk
    SLICE_X31Y42         FDCE                                         r  dbg_hub/inst/BSCANID.u_xsdbm_id/CORE_XSDB.UUT_MASTER/U_ICON_INTERFACE/U_CMD6_WR/U_WR_FIFO/SUBCORE_FIFO.xsdbm_v3_0_0_wrfifo_inst/inst_fifo_gen/gconvfifo.rf/grf.rf/gntv_or_sync_fifo.gcx.clkx/gnxpm_cdc.wr_pntr_gc_reg[0]/C
  -------------------------------------------------------------------    -------------------
    SLICE_X31Y42         FDCE (Prop_fdce_C_Q)         0.141     1.414 r  dbg_hub/inst/BSCANID.u_xsdbm_id/CORE_XSDB.UUT_MASTER/U_ICON_INTERFACE/U_CMD6_WR/U_WR_FIFO/SUBCORE_FIFO.xsdbm_v3_0_0_wrfifo_inst/inst_fifo_gen/gconvfifo.rf/grf.rf/gntv_or_sync_fifo.gcx.clkx/gnxpm_cdc.wr_pntr_gc_reg[0]/Q
                         net (fo=1, routed)           0.056     1.470    dbg_hub/inst/BSCANID.u_xsdbm_id/CORE_XSDB.UUT_MASTER/U_ICON_INTERFACE/U_CMD6_WR/U_WR_FIFO/SUBCORE_FIFO.xsdbm_v3_0_0_wrfifo_inst/inst_fifo_gen/gconvfifo.rf/grf.rf/gntv_or_sync_fifo.gcx.clkx/gnxpm_cdc.gsync_stage[1].rd_stg_inst/Q[0]
    SLICE_X30Y42         FDCE                                         r  dbg_hub/inst/BSCANID.u_xsdbm_id/CORE_XSDB.UUT_MASTER/U_ICON_INTERFACE/U_CMD6_WR/U_WR_FIFO/SUBCORE_FIFO.xsdbm_v3_0_0_wrfifo_inst/inst_fifo_gen/gconvfifo.rf/grf.rf/gntv_or_sync_fifo.gcx.clkx/gnxpm_cdc.gsync_stage[1].rd_stg_inst/Q_reg_reg[0]/D
  -------------------------------------------------------------------    -------------------

Slack:                    inf
  Source:                 dbg_hub/inst/BSCANID.u_xsdbm_id/CORE_XSDB.UUT_MASTER/U_ICON_INTERFACE/U_CMD6_RD/U_RD_FIFO/SUBCORE_FIFO.xsdbm_v3_0_0_rdfifo_inst/inst_fifo_gen/gconvfifo.rf/grf.rf/gntv_or_sync_fifo.gcx.clkx/gnxpm_cdc.rd_pntr_gc_reg[1]/C
                            (rising edge-triggered cell FDCE clocked by dbg_hub/inst/BSCANID.u_xsdbm_id/SWITCH_N_EXT_BSCAN.bscan_inst/SERIES7_BSCAN.bscan_inst/TCK  {rise@0.000ns fall@16.500ns period=33.000ns})
  Destination:            dbg_hub/inst/BSCANID.u_xsdbm_id/CORE_XSDB.UUT_MASTER/U_ICON_INTERFACE/U_CMD6_RD/U_RD_FIFO/SUBCORE_FIFO.xsdbm_v3_0_0_rdfifo_inst/inst_fifo_gen/gconvfifo.rf/grf.rf/gntv_or_sync_fifo.gcx.clkx/gnxpm_cdc.gsync_stage[1].wr_stg_inst/Q_reg_reg[1]/D
  Path Group:             (none)
  Path Type:              Min at Fast Process Corner
  Data Path Delay:        0.195ns  (logic 0.141ns (72.269%)  route 0.054ns (27.731%))
  Logic Levels:           0  
  Clock Uncertainty:      0.025ns  ((TSJ^2 + TIJ^2)^1/2 + DJ) / 2 + PE
    Total System Jitter     (TSJ):    0.050ns
    Total Input Jitter      (TIJ):    0.000ns
    Discrete Jitter          (DJ):    0.000ns
    Phase Error              (PE):    0.000ns
  Timing Exception:       False Path

    Location             Delay type                Incr(ns)  Path(ns)    Netlist Resource(s)
  -------------------------------------------------------------------    -------------------
                         (clock dbg_hub/inst/BSCANID.u_xsdbm_id/SWITCH_N_EXT_BSCAN.bscan_inst/SERIES7_BSCAN.bscan_inst/TCK rise edge)
                                                      0.000     0.000 r  
    BSCAN_X0Y0           BSCANE2                      0.000     0.000 r  dbg_hub/inst/BSCANID.u_xsdbm_id/SWITCH_N_EXT_BSCAN.bscan_inst/SERIES7_BSCAN.bscan_inst/TCK
                         net (fo=1, routed)           0.685     0.685    dbg_hub/inst/BSCANID.u_xsdbm_id/tck_bs
    BUFGCTRL_X0Y1        BUFG (Prop_bufg_I_O)         0.026     0.711 r  dbg_hub/inst/BSCANID.u_xsdbm_id/SWITCH_N_EXT_BSCAN.u_bufg_icon_tck/O
                         net (fo=482, routed)         0.565     1.276    dbg_hub/inst/BSCANID.u_xsdbm_id/CORE_XSDB.UUT_MASTER/U_ICON_INTERFACE/U_CMD6_RD/U_RD_FIFO/SUBCORE_FIFO.xsdbm_v3_0_0_rdfifo_inst/inst_fifo_gen/gconvfifo.rf/grf.rf/gntv_or_sync_fifo.gcx.clkx/rd_clk
    SLICE_X47Y48         FDCE                                         r  dbg_hub/inst/BSCANID.u_xsdbm_id/CORE_XSDB.UUT_MASTER/U_ICON_INTERFACE/U_CMD6_RD/U_RD_FIFO/SUBCORE_FIFO.xsdbm_v3_0_0_rdfifo_inst/inst_fifo_gen/gconvfifo.rf/grf.rf/gntv_or_sync_fifo.gcx.clkx/gnxpm_cdc.rd_pntr_gc_reg[1]/C
  -------------------------------------------------------------------    -------------------
    SLICE_X47Y48         FDCE (Prop_fdce_C_Q)         0.141     1.417 r  dbg_hub/inst/BSCANID.u_xsdbm_id/CORE_XSDB.UUT_MASTER/U_ICON_INTERFACE/U_CMD6_RD/U_RD_FIFO/SUBCORE_FIFO.xsdbm_v3_0_0_rdfifo_inst/inst_fifo_gen/gconvfifo.rf/grf.rf/gntv_or_sync_fifo.gcx.clkx/gnxpm_cdc.rd_pntr_gc_reg[1]/Q
                         net (fo=1, routed)           0.054     1.471    dbg_hub/inst/BSCANID.u_xsdbm_id/CORE_XSDB.UUT_MASTER/U_ICON_INTERFACE/U_CMD6_RD/U_RD_FIFO/SUBCORE_FIFO.xsdbm_v3_0_0_rdfifo_inst/inst_fifo_gen/gconvfifo.rf/grf.rf/gntv_or_sync_fifo.gcx.clkx/gnxpm_cdc.gsync_stage[1].wr_stg_inst/Q[1]
    SLICE_X46Y48         FDCE                                         r  dbg_hub/inst/BSCANID.u_xsdbm_id/CORE_XSDB.UUT_MASTER/U_ICON_INTERFACE/U_CMD6_RD/U_RD_FIFO/SUBCORE_FIFO.xsdbm_v3_0_0_rdfifo_inst/inst_fifo_gen/gconvfifo.rf/grf.rf/gntv_or_sync_fifo.gcx.clkx/gnxpm_cdc.gsync_stage[1].wr_stg_inst/Q_reg_reg[1]/D
  -------------------------------------------------------------------    -------------------

Slack:                    inf
  Source:                 dbg_hub/inst/BSCANID.u_xsdbm_id/CORE_XSDB.UUT_MASTER/U_ICON_INTERFACE/U_CMD4/shift_reg_in_reg[4]/C
                            (rising edge-triggered cell FDRE clocked by dbg_hub/inst/BSCANID.u_xsdbm_id/SWITCH_N_EXT_BSCAN.bscan_inst/SERIES7_BSCAN.bscan_inst/TCK  {rise@0.000ns fall@16.500ns period=33.000ns})
  Destination:            dbg_hub/inst/BSCANID.u_xsdbm_id/CORE_XSDB.UUT_MASTER/U_ICON_INTERFACE/U_CMD4/ctl_reg_reg[4]/D
  Path Group:             (none)
  Path Type:              Min at Fast Process Corner
  Data Path Delay:        0.208ns  (logic 0.128ns (61.600%)  route 0.080ns (38.400%))
  Logic Levels:           0  
  Clock Uncertainty:      0.025ns  ((TSJ^2 + TIJ^2)^1/2 + DJ) / 2 + PE
    Total System Jitter     (TSJ):    0.050ns
    Total Input Jitter      (TIJ):    0.000ns
    Discrete Jitter          (DJ):    0.000ns
    Phase Error              (PE):    0.000ns
  Timing Exception:       False Path

    Location             Delay type                Incr(ns)  Path(ns)    Netlist Resource(s)
  -------------------------------------------------------------------    -------------------
                         (clock dbg_hub/inst/BSCANID.u_xsdbm_id/SWITCH_N_EXT_BSCAN.bscan_inst/SERIES7_BSCAN.bscan_inst/TCK rise edge)
                                                      0.000     0.000 r  
    BSCAN_X0Y0           BSCANE2                      0.000     0.000 r  dbg_hub/inst/BSCANID.u_xsdbm_id/SWITCH_N_EXT_BSCAN.bscan_inst/SERIES7_BSCAN.bscan_inst/TCK
                         net (fo=1, routed)           0.685     0.685    dbg_hub/inst/BSCANID.u_xsdbm_id/tck_bs
    BUFGCTRL_X0Y1        BUFG (Prop_bufg_I_O)         0.026     0.711 r  dbg_hub/inst/BSCANID.u_xsdbm_id/SWITCH_N_EXT_BSCAN.u_bufg_icon_tck/O
                         net (fo=482, routed)         0.564     1.275    dbg_hub/inst/BSCANID.u_xsdbm_id/CORE_XSDB.UUT_MASTER/U_ICON_INTERFACE/U_CMD4/m_bscan_tck[0]
    SLICE_X32Y49         FDRE                                         r  dbg_hub/inst/BSCANID.u_xsdbm_id/CORE_XSDB.UUT_MASTER/U_ICON_INTERFACE/U_CMD4/shift_reg_in_reg[4]/C
  -------------------------------------------------------------------    -------------------
    SLICE_X32Y49         FDRE (Prop_fdre_C_Q)         0.128     1.403 r  dbg_hub/inst/BSCANID.u_xsdbm_id/CORE_XSDB.UUT_MASTER/U_ICON_INTERFACE/U_CMD4/shift_reg_in_reg[4]/Q
                         net (fo=2, routed)           0.080     1.482    dbg_hub/inst/BSCANID.u_xsdbm_id/CORE_XSDB.UUT_MASTER/U_ICON_INTERFACE/U_CMD4/shift_reg_in[4]
    SLICE_X33Y49         FDRE                                         r  dbg_hub/inst/BSCANID.u_xsdbm_id/CORE_XSDB.UUT_MASTER/U_ICON_INTERFACE/U_CMD4/ctl_reg_reg[4]/D
  -------------------------------------------------------------------    -------------------

Slack:                    inf
  Source:                 dbg_hub/inst/BSCANID.u_xsdbm_id/CORE_XSDB.UUT_MASTER/U_ICON_INTERFACE/U_CMD6_WR/U_WR_FIFO/SUBCORE_FIFO.xsdbm_v3_0_0_wrfifo_inst/inst_fifo_gen/gconvfifo.rf/grf.rf/gntv_or_sync_fifo.gcx.clkx/gnxpm_cdc.wr_pntr_gc_reg[1]/C
                            (rising edge-triggered cell FDCE clocked by dbg_hub/inst/BSCANID.u_xsdbm_id/SWITCH_N_EXT_BSCAN.bscan_inst/SERIES7_BSCAN.bscan_inst/TCK  {rise@0.000ns fall@16.500ns period=33.000ns})
  Destination:            dbg_hub/inst/BSCANID.u_xsdbm_id/CORE_XSDB.UUT_MASTER/U_ICON_INTERFACE/U_CMD6_WR/U_WR_FIFO/SUBCORE_FIFO.xsdbm_v3_0_0_wrfifo_inst/inst_fifo_gen/gconvfifo.rf/grf.rf/gntv_or_sync_fifo.gcx.clkx/gnxpm_cdc.gsync_stage[1].rd_stg_inst/Q_reg_reg[1]/D
  Path Group:             (none)
  Path Type:              Min at Fast Process Corner
  Data Path Delay:        0.236ns  (logic 0.128ns (54.251%)  route 0.108ns (45.749%))
  Logic Levels:           0  
  Clock Uncertainty:      0.025ns  ((TSJ^2 + TIJ^2)^1/2 + DJ) / 2 + PE
    Total System Jitter     (TSJ):    0.050ns
    Total Input Jitter      (TIJ):    0.000ns
    Discrete Jitter          (DJ):    0.000ns
    Phase Error              (PE):    0.000ns
  Timing Exception:       False Path

    Location             Delay type                Incr(ns)  Path(ns)    Netlist Resource(s)
  -------------------------------------------------------------------    -------------------
                         (clock dbg_hub/inst/BSCANID.u_xsdbm_id/SWITCH_N_EXT_BSCAN.bscan_inst/SERIES7_BSCAN.bscan_inst/TCK rise edge)
                                                      0.000     0.000 r  
    BSCAN_X0Y0           BSCANE2                      0.000     0.000 r  dbg_hub/inst/BSCANID.u_xsdbm_id/SWITCH_N_EXT_BSCAN.bscan_inst/SERIES7_BSCAN.bscan_inst/TCK
                         net (fo=1, routed)           0.685     0.685    dbg_hub/inst/BSCANID.u_xsdbm_id/tck_bs
    BUFGCTRL_X0Y1        BUFG (Prop_bufg_I_O)         0.026     0.711 r  dbg_hub/inst/BSCANID.u_xsdbm_id/SWITCH_N_EXT_BSCAN.u_bufg_icon_tck/O
                         net (fo=482, routed)         0.562     1.273    dbg_hub/inst/BSCANID.u_xsdbm_id/CORE_XSDB.UUT_MASTER/U_ICON_INTERFACE/U_CMD6_WR/U_WR_FIFO/SUBCORE_FIFO.xsdbm_v3_0_0_wrfifo_inst/inst_fifo_gen/gconvfifo.rf/grf.rf/gntv_or_sync_fifo.gcx.clkx/wr_clk
    SLICE_X31Y42         FDCE                                         r  dbg_hub/inst/BSCANID.u_xsdbm_id/CORE_XSDB.UUT_MASTER/U_ICON_INTERFACE/U_CMD6_WR/U_WR_FIFO/SUBCORE_FIFO.xsdbm_v3_0_0_wrfifo_inst/inst_fifo_gen/gconvfifo.rf/grf.rf/gntv_or_sync_fifo.gcx.clkx/gnxpm_cdc.wr_pntr_gc_reg[1]/C
  -------------------------------------------------------------------    -------------------
    SLICE_X31Y42         FDCE (Prop_fdce_C_Q)         0.128     1.401 r  dbg_hub/inst/BSCANID.u_xsdbm_id/CORE_XSDB.UUT_MASTER/U_ICON_INTERFACE/U_CMD6_WR/U_WR_FIFO/SUBCORE_FIFO.xsdbm_v3_0_0_wrfifo_inst/inst_fifo_gen/gconvfifo.rf/grf.rf/gntv_or_sync_fifo.gcx.clkx/gnxpm_cdc.wr_pntr_gc_reg[1]/Q
                         net (fo=1, routed)           0.108     1.509    dbg_hub/inst/BSCANID.u_xsdbm_id/CORE_XSDB.UUT_MASTER/U_ICON_INTERFACE/U_CMD6_WR/U_WR_FIFO/SUBCORE_FIFO.xsdbm_v3_0_0_wrfifo_inst/inst_fifo_gen/gconvfifo.rf/grf.rf/gntv_or_sync_fifo.gcx.clkx/gnxpm_cdc.gsync_stage[1].rd_stg_inst/Q[1]
    SLICE_X32Y42         FDCE                                         r  dbg_hub/inst/BSCANID.u_xsdbm_id/CORE_XSDB.UUT_MASTER/U_ICON_INTERFACE/U_CMD6_WR/U_WR_FIFO/SUBCORE_FIFO.xsdbm_v3_0_0_wrfifo_inst/inst_fifo_gen/gconvfifo.rf/grf.rf/gntv_or_sync_fifo.gcx.clkx/gnxpm_cdc.gsync_stage[1].rd_stg_inst/Q_reg_reg[1]/D
  -------------------------------------------------------------------    -------------------

Slack:                    inf
  Source:                 dbg_hub/inst/BSCANID.u_xsdbm_id/CORE_XSDB.UUT_MASTER/U_ICON_INTERFACE/U_CMD5/shift_reg_in_reg[6]/C
                            (rising edge-triggered cell FDRE clocked by dbg_hub/inst/BSCANID.u_xsdbm_id/SWITCH_N_EXT_BSCAN.bscan_inst/SERIES7_BSCAN.bscan_inst/TCK  {rise@0.000ns fall@16.500ns period=33.000ns})
  Destination:            dbg_hub/inst/BSCANID.u_xsdbm_id/CORE_XSDB.UUT_MASTER/U_ICON_INTERFACE/U_CMD5/ctl_reg_reg[6]/D
  Path Group:             (none)
  Path Type:              Min at Fast Process Corner
  Data Path Delay:        0.246ns  (logic 0.128ns (51.996%)  route 0.118ns (48.004%))
  Logic Levels:           0  
  Clock Uncertainty:      0.025ns  ((TSJ^2 + TIJ^2)^1/2 + DJ) / 2 + PE
    Total System Jitter     (TSJ):    0.050ns
    Total Input Jitter      (TIJ):    0.000ns
    Discrete Jitter          (DJ):    0.000ns
    Phase Error              (PE):    0.000ns
  Timing Exception:       False Path

    Location             Delay type                Incr(ns)  Path(ns)    Netlist Resource(s)
  -------------------------------------------------------------------    -------------------
                         (clock dbg_hub/inst/BSCANID.u_xsdbm_id/SWITCH_N_EXT_BSCAN.bscan_inst/SERIES7_BSCAN.bscan_inst/TCK rise edge)
                                                      0.000     0.000 r  
    BSCAN_X0Y0           BSCANE2                      0.000     0.000 r  dbg_hub/inst/BSCANID.u_xsdbm_id/SWITCH_N_EXT_BSCAN.bscan_inst/SERIES7_BSCAN.bscan_inst/TCK
                         net (fo=1, routed)           0.685     0.685    dbg_hub/inst/BSCANID.u_xsdbm_id/tck_bs
    BUFGCTRL_X0Y1        BUFG (Prop_bufg_I_O)         0.026     0.711 r  dbg_hub/inst/BSCANID.u_xsdbm_id/SWITCH_N_EXT_BSCAN.u_bufg_icon_tck/O
                         net (fo=482, routed)         0.563     1.274    dbg_hub/inst/BSCANID.u_xsdbm_id/CORE_XSDB.UUT_MASTER/U_ICON_INTERFACE/U_CMD5/m_bscan_tck[0]
    SLICE_X37Y46         FDRE                                         r  dbg_hub/inst/BSCANID.u_xsdbm_id/CORE_XSDB.UUT_MASTER/U_ICON_INTERFACE/U_CMD5/shift_reg_in_reg[6]/C
  -------------------------------------------------------------------    -------------------
    SLICE_X37Y46         FDRE (Prop_fdre_C_Q)         0.128     1.402 r  dbg_hub/inst/BSCANID.u_xsdbm_id/CORE_XSDB.UUT_MASTER/U_ICON_INTERFACE/U_CMD5/shift_reg_in_reg[6]/Q
                         net (fo=2, routed)           0.118     1.520    dbg_hub/inst/BSCANID.u_xsdbm_id/CORE_XSDB.UUT_MASTER/U_ICON_INTERFACE/U_CMD5/shift_reg_in[6]
    SLICE_X39Y45         FDRE                                         r  dbg_hub/inst/BSCANID.u_xsdbm_id/CORE_XSDB.UUT_MASTER/U_ICON_INTERFACE/U_CMD5/ctl_reg_reg[6]/D
  -------------------------------------------------------------------    -------------------

Slack:                    inf
  Source:                 dbg_hub/inst/BSCANID.u_xsdbm_id/CORE_XSDB.UUT_MASTER/U_ICON_INTERFACE/U_CMD5/shift_reg_in_reg[11]/C
                            (rising edge-triggered cell FDRE clocked by dbg_hub/inst/BSCANID.u_xsdbm_id/SWITCH_N_EXT_BSCAN.bscan_inst/SERIES7_BSCAN.bscan_inst/TCK  {rise@0.000ns fall@16.500ns period=33.000ns})
  Destination:            dbg_hub/inst/BSCANID.u_xsdbm_id/CORE_XSDB.UUT_MASTER/U_ICON_INTERFACE/U_CMD5/ctl_reg_reg[11]/D
  Path Group:             (none)
  Path Type:              Min at Fast Process Corner
  Data Path Delay:        0.247ns  (logic 0.141ns (57.069%)  route 0.106ns (42.931%))
  Logic Levels:           0  
  Clock Uncertainty:      0.025ns  ((TSJ^2 + TIJ^2)^1/2 + DJ) / 2 + PE
    Total System Jitter     (TSJ):    0.050ns
    Total Input Jitter      (TIJ):    0.000ns
    Discrete Jitter          (DJ):    0.000ns
    Phase Error              (PE):    0.000ns
  Timing Exception:       False Path

    Location             Delay type                Incr(ns)  Path(ns)    Netlist Resource(s)
  -------------------------------------------------------------------    -------------------
                         (clock dbg_hub/inst/BSCANID.u_xsdbm_id/SWITCH_N_EXT_BSCAN.bscan_inst/SERIES7_BSCAN.bscan_inst/TCK rise edge)
                                                      0.000     0.000 r  
    BSCAN_X0Y0           BSCANE2                      0.000     0.000 r  dbg_hub/inst/BSCANID.u_xsdbm_id/SWITCH_N_EXT_BSCAN.bscan_inst/SERIES7_BSCAN.bscan_inst/TCK
                         net (fo=1, routed)           0.685     0.685    dbg_hub/inst/BSCANID.u_xsdbm_id/tck_bs
    BUFGCTRL_X0Y1        BUFG (Prop_bufg_I_O)         0.026     0.711 r  dbg_hub/inst/BSCANID.u_xsdbm_id/SWITCH_N_EXT_BSCAN.u_bufg_icon_tck/O
                         net (fo=482, routed)         0.563     1.274    dbg_hub/inst/BSCANID.u_xsdbm_id/CORE_XSDB.UUT_MASTER/U_ICON_INTERFACE/U_CMD5/m_bscan_tck[0]
    SLICE_X37Y45         FDRE                                         r  dbg_hub/inst/BSCANID.u_xsdbm_id/CORE_XSDB.UUT_MASTER/U_ICON_INTERFACE/U_CMD5/shift_reg_in_reg[11]/C
  -------------------------------------------------------------------    -------------------
    SLICE_X37Y45         FDRE (Prop_fdre_C_Q)         0.141     1.415 r  dbg_hub/inst/BSCANID.u_xsdbm_id/CORE_XSDB.UUT_MASTER/U_ICON_INTERFACE/U_CMD5/shift_reg_in_reg[11]/Q
                         net (fo=2, routed)           0.106     1.521    dbg_hub/inst/BSCANID.u_xsdbm_id/CORE_XSDB.UUT_MASTER/U_ICON_INTERFACE/U_CMD5/shift_reg_in[11]
    SLICE_X39Y45         FDRE                                         r  dbg_hub/inst/BSCANID.u_xsdbm_id/CORE_XSDB.UUT_MASTER/U_ICON_INTERFACE/U_CMD5/ctl_reg_reg[11]/D
  -------------------------------------------------------------------    -------------------

Slack:                    inf
  Source:                 dbg_hub/inst/BSCANID.u_xsdbm_id/CORE_XSDB.UUT_MASTER/U_ICON_INTERFACE/U_CMD5/shift_reg_in_reg[4]/C
                            (rising edge-triggered cell FDRE clocked by dbg_hub/inst/BSCANID.u_xsdbm_id/SWITCH_N_EXT_BSCAN.bscan_inst/SERIES7_BSCAN.bscan_inst/TCK  {rise@0.000ns fall@16.500ns period=33.000ns})
  Destination:            dbg_hub/inst/BSCANID.u_xsdbm_id/CORE_XSDB.UUT_MASTER/U_ICON_INTERFACE/U_CMD5/ctl_reg_reg[4]/D
  Path Group:             (none)
  Path Type:              Min at Fast Process Corner
  Data Path Delay:        0.254ns  (logic 0.128ns (50.467%)  route 0.126ns (49.533%))
  Logic Levels:           0  
  Clock Uncertainty:      0.025ns  ((TSJ^2 + TIJ^2)^1/2 + DJ) / 2 + PE
    Total System Jitter     (TSJ):    0.050ns
    Total Input Jitter      (TIJ):    0.000ns
    Discrete Jitter          (DJ):    0.000ns
    Phase Error              (PE):    0.000ns
  Timing Exception:       False Path

    Location             Delay type                Incr(ns)  Path(ns)    Netlist Resource(s)
  -------------------------------------------------------------------    -------------------
                         (clock dbg_hub/inst/BSCANID.u_xsdbm_id/SWITCH_N_EXT_BSCAN.bscan_inst/SERIES7_BSCAN.bscan_inst/TCK rise edge)
                                                      0.000     0.000 r  
    BSCAN_X0Y0           BSCANE2                      0.000     0.000 r  dbg_hub/inst/BSCANID.u_xsdbm_id/SWITCH_N_EXT_BSCAN.bscan_inst/SERIES7_BSCAN.bscan_inst/TCK
                         net (fo=1, routed)           0.685     0.685    dbg_hub/inst/BSCANID.u_xsdbm_id/tck_bs
    BUFGCTRL_X0Y1        BUFG (Prop_bufg_I_O)         0.026     0.711 r  dbg_hub/inst/BSCANID.u_xsdbm_id/SWITCH_N_EXT_BSCAN.u_bufg_icon_tck/O
                         net (fo=482, routed)         0.563     1.274    dbg_hub/inst/BSCANID.u_xsdbm_id/CORE_XSDB.UUT_MASTER/U_ICON_INTERFACE/U_CMD5/m_bscan_tck[0]
    SLICE_X37Y46         FDRE                                         r  dbg_hub/inst/BSCANID.u_xsdbm_id/CORE_XSDB.UUT_MASTER/U_ICON_INTERFACE/U_CMD5/shift_reg_in_reg[4]/C
  -------------------------------------------------------------------    -------------------
    SLICE_X37Y46         FDRE (Prop_fdre_C_Q)         0.128     1.402 r  dbg_hub/inst/BSCANID.u_xsdbm_id/CORE_XSDB.UUT_MASTER/U_ICON_INTERFACE/U_CMD5/shift_reg_in_reg[4]/Q
                         net (fo=2, routed)           0.126     1.527    dbg_hub/inst/BSCANID.u_xsdbm_id/CORE_XSDB.UUT_MASTER/U_ICON_INTERFACE/U_CMD5/shift_reg_in[4]
    SLICE_X36Y46         FDRE                                         r  dbg_hub/inst/BSCANID.u_xsdbm_id/CORE_XSDB.UUT_MASTER/U_ICON_INTERFACE/U_CMD5/ctl_reg_reg[4]/D
  -------------------------------------------------------------------    -------------------

Slack:                    inf
  Source:                 dbg_hub/inst/BSCANID.u_xsdbm_id/CORE_XSDB.UUT_MASTER/U_ICON_INTERFACE/U_CMD4/shift_reg_in_reg[9]/C
                            (rising edge-triggered cell FDRE clocked by dbg_hub/inst/BSCANID.u_xsdbm_id/SWITCH_N_EXT_BSCAN.bscan_inst/SERIES7_BSCAN.bscan_inst/TCK  {rise@0.000ns fall@16.500ns period=33.000ns})
  Destination:            dbg_hub/inst/BSCANID.u_xsdbm_id/CORE_XSDB.UUT_MASTER/U_ICON_INTERFACE/U_CMD4/ctl_reg_reg[9]/D
  Path Group:             (none)
  Path Type:              Min at Fast Process Corner
  Data Path Delay:        0.255ns  (logic 0.141ns (55.353%)  route 0.114ns (44.647%))
  Logic Levels:           0  
  Clock Uncertainty:      0.025ns  ((TSJ^2 + TIJ^2)^1/2 + DJ) / 2 + PE
    Total System Jitter     (TSJ):    0.050ns
    Total Input Jitter      (TIJ):    0.000ns
    Discrete Jitter          (DJ):    0.000ns
    Phase Error              (PE):    0.000ns
  Timing Exception:       False Path

    Location             Delay type                Incr(ns)  Path(ns)    Netlist Resource(s)
  -------------------------------------------------------------------    -------------------
                         (clock dbg_hub/inst/BSCANID.u_xsdbm_id/SWITCH_N_EXT_BSCAN.bscan_inst/SERIES7_BSCAN.bscan_inst/TCK rise edge)
                                                      0.000     0.000 r  
    BSCAN_X0Y0           BSCANE2                      0.000     0.000 r  dbg_hub/inst/BSCANID.u_xsdbm_id/SWITCH_N_EXT_BSCAN.bscan_inst/SERIES7_BSCAN.bscan_inst/TCK
                         net (fo=1, routed)           0.685     0.685    dbg_hub/inst/BSCANID.u_xsdbm_id/tck_bs
    BUFGCTRL_X0Y1        BUFG (Prop_bufg_I_O)         0.026     0.711 r  dbg_hub/inst/BSCANID.u_xsdbm_id/SWITCH_N_EXT_BSCAN.u_bufg_icon_tck/O
                         net (fo=482, routed)         0.564     1.275    dbg_hub/inst/BSCANID.u_xsdbm_id/CORE_XSDB.UUT_MASTER/U_ICON_INTERFACE/U_CMD4/m_bscan_tck[0]
    SLICE_X32Y49         FDRE                                         r  dbg_hub/inst/BSCANID.u_xsdbm_id/CORE_XSDB.UUT_MASTER/U_ICON_INTERFACE/U_CMD4/shift_reg_in_reg[9]/C
  -------------------------------------------------------------------    -------------------
    SLICE_X32Y49         FDRE (Prop_fdre_C_Q)         0.141     1.416 r  dbg_hub/inst/BSCANID.u_xsdbm_id/CORE_XSDB.UUT_MASTER/U_ICON_INTERFACE/U_CMD4/shift_reg_in_reg[9]/Q
                         net (fo=2, routed)           0.114     1.529    dbg_hub/inst/BSCANID.u_xsdbm_id/CORE_XSDB.UUT_MASTER/U_ICON_INTERFACE/U_CMD4/shift_reg_in[9]
    SLICE_X30Y49         FDRE                                         r  dbg_hub/inst/BSCANID.u_xsdbm_id/CORE_XSDB.UUT_MASTER/U_ICON_INTERFACE/U_CMD4/ctl_reg_reg[9]/D
  -------------------------------------------------------------------    -------------------

Slack:                    inf
  Source:                 dbg_hub/inst/BSCANID.u_xsdbm_id/CORE_XSDB.UUT_MASTER/U_ICON_INTERFACE/U_CMD4/shift_reg_in_reg[21]/C
                            (rising edge-triggered cell FDRE clocked by dbg_hub/inst/BSCANID.u_xsdbm_id/SWITCH_N_EXT_BSCAN.bscan_inst/SERIES7_BSCAN.bscan_inst/TCK  {rise@0.000ns fall@16.500ns period=33.000ns})
  Destination:            dbg_hub/inst/BSCANID.u_xsdbm_id/CORE_XSDB.UUT_MASTER/U_ICON_INTERFACE/U_CMD4/ctl_reg_reg[21]/D
  Path Group:             (none)
  Path Type:              Min at Fast Process Corner
  Data Path Delay:        0.255ns  (logic 0.141ns (55.304%)  route 0.114ns (44.696%))
  Logic Levels:           0  
  Clock Uncertainty:      0.025ns  ((TSJ^2 + TIJ^2)^1/2 + DJ) / 2 + PE
    Total System Jitter     (TSJ):    0.050ns
    Total Input Jitter      (TIJ):    0.000ns
    Discrete Jitter          (DJ):    0.000ns
    Phase Error              (PE):    0.000ns
  Timing Exception:       False Path

    Location             Delay type                Incr(ns)  Path(ns)    Netlist Resource(s)
  -------------------------------------------------------------------    -------------------
                         (clock dbg_hub/inst/BSCANID.u_xsdbm_id/SWITCH_N_EXT_BSCAN.bscan_inst/SERIES7_BSCAN.bscan_inst/TCK rise edge)
                                                      0.000     0.000 r  
    BSCAN_X0Y0           BSCANE2                      0.000     0.000 r  dbg_hub/inst/BSCANID.u_xsdbm_id/SWITCH_N_EXT_BSCAN.bscan_inst/SERIES7_BSCAN.bscan_inst/TCK
                         net (fo=1, routed)           0.685     0.685    dbg_hub/inst/BSCANID.u_xsdbm_id/tck_bs
    BUFGCTRL_X0Y1        BUFG (Prop_bufg_I_O)         0.026     0.711 r  dbg_hub/inst/BSCANID.u_xsdbm_id/SWITCH_N_EXT_BSCAN.u_bufg_icon_tck/O
                         net (fo=482, routed)         0.564     1.275    dbg_hub/inst/BSCANID.u_xsdbm_id/CORE_XSDB.UUT_MASTER/U_ICON_INTERFACE/U_CMD4/m_bscan_tck[0]
    SLICE_X32Y47         FDRE                                         r  dbg_hub/inst/BSCANID.u_xsdbm_id/CORE_XSDB.UUT_MASTER/U_ICON_INTERFACE/U_CMD4/shift_reg_in_reg[21]/C
  -------------------------------------------------------------------    -------------------
    SLICE_X32Y47         FDRE (Prop_fdre_C_Q)         0.141     1.416 r  dbg_hub/inst/BSCANID.u_xsdbm_id/CORE_XSDB.UUT_MASTER/U_ICON_INTERFACE/U_CMD4/shift_reg_in_reg[21]/Q
                         net (fo=2, routed)           0.114     1.530    dbg_hub/inst/BSCANID.u_xsdbm_id/CORE_XSDB.UUT_MASTER/U_ICON_INTERFACE/U_CMD4/shift_reg_in[21]
    SLICE_X33Y47         FDRE                                         r  dbg_hub/inst/BSCANID.u_xsdbm_id/CORE_XSDB.UUT_MASTER/U_ICON_INTERFACE/U_CMD4/ctl_reg_reg[21]/D
  -------------------------------------------------------------------    -------------------





--------------------------------------------------------------------------------------
Path Group:  (none)
From Clock:  
  To Clock:  dbg_hub/inst/BSCANID.u_xsdbm_id/SWITCH_N_EXT_BSCAN.bscan_inst/SERIES7_BSCAN.bscan_inst/TCK

Max Delay            94 Endpoints
Min Delay            94 Endpoints
--------------------------------------------------------------------------------------


Max Delay Paths
--------------------------------------------------------------------------------------
Slack:                    inf
  Source:                 dbg_hub/inst/BSCANID.u_xsdbm_id/CORE_XSDB.UUT_MASTER/U_ICON_INTERFACE/U_CMD1/ctl_reg_reg[0]/C
                            (rising edge-triggered cell FDRE)
  Destination:            dbg_hub/inst/BSCANID.u_xsdbm_id/CORE_XSDB.UUT_MASTER/U_ICON_INTERFACE/U_CMD4/shift_reg_in_reg[0]/R
                            (rising edge-triggered cell FDRE clocked by dbg_hub/inst/BSCANID.u_xsdbm_id/SWITCH_N_EXT_BSCAN.bscan_inst/SERIES7_BSCAN.bscan_inst/TCK  {rise@0.000ns fall@16.500ns period=33.000ns})
  Path Group:             (none)
  Path Type:              Setup (Max at Slow Process Corner)
  Data Path Delay:        2.202ns  (logic 0.456ns (20.707%)  route 1.746ns (79.293%))
  Logic Levels:           1  (FDRE=1)
  Clock Uncertainty:      0.025ns  ((TSJ^2 + TIJ^2)^1/2 + DJ) / 2 + PE
    Total System Jitter     (TSJ):    0.050ns
    Total Input Jitter      (TIJ):    0.000ns
    Discrete Jitter          (DJ):    0.000ns
    Phase Error              (PE):    0.000ns
  Timing Exception:       False Path

    Location             Delay type                Incr(ns)  Path(ns)    Netlist Resource(s)
  -------------------------------------------------------------------    -------------------
    SLICE_X41Y49         FDRE                         0.000     0.000 r  dbg_hub/inst/BSCANID.u_xsdbm_id/CORE_XSDB.UUT_MASTER/U_ICON_INTERFACE/U_CMD1/ctl_reg_reg[0]/C
    SLICE_X41Y49         FDRE (Prop_fdre_C_Q)         0.456     0.456 r  dbg_hub/inst/BSCANID.u_xsdbm_id/CORE_XSDB.UUT_MASTER/U_ICON_INTERFACE/U_CMD1/ctl_reg_reg[0]/Q
                         net (fo=176, routed)         1.746     2.202    dbg_hub/inst/BSCANID.u_xsdbm_id/CORE_XSDB.UUT_MASTER/U_ICON_INTERFACE/U_CMD4/SR[0]
    SLICE_X32Y50         FDRE                                         r  dbg_hub/inst/BSCANID.u_xsdbm_id/CORE_XSDB.UUT_MASTER/U_ICON_INTERFACE/U_CMD4/shift_reg_in_reg[0]/R
  -------------------------------------------------------------------    -------------------

                         (clock dbg_hub/inst/BSCANID.u_xsdbm_id/SWITCH_N_EXT_BSCAN.bscan_inst/SERIES7_BSCAN.bscan_inst/TCK rise edge)
                                                      0.000     0.000 r  
    BSCAN_X0Y0           BSCANE2                      0.000     0.000 r  dbg_hub/inst/BSCANID.u_xsdbm_id/SWITCH_N_EXT_BSCAN.bscan_inst/SERIES7_BSCAN.bscan_inst/TCK
                         net (fo=1, routed)           1.487     1.487    dbg_hub/inst/BSCANID.u_xsdbm_id/tck_bs
    BUFGCTRL_X0Y1        BUFG (Prop_bufg_I_O)         0.091     1.578 r  dbg_hub/inst/BSCANID.u_xsdbm_id/SWITCH_N_EXT_BSCAN.u_bufg_icon_tck/O
                         net (fo=482, routed)         1.436     3.014    dbg_hub/inst/BSCANID.u_xsdbm_id/CORE_XSDB.UUT_MASTER/U_ICON_INTERFACE/U_CMD4/m_bscan_tck[0]
    SLICE_X32Y50         FDRE                                         r  dbg_hub/inst/BSCANID.u_xsdbm_id/CORE_XSDB.UUT_MASTER/U_ICON_INTERFACE/U_CMD4/shift_reg_in_reg[0]/C

Slack:                    inf
  Source:                 dbg_hub/inst/BSCANID.u_xsdbm_id/CORE_XSDB.UUT_MASTER/U_ICON_INTERFACE/U_CMD1/ctl_reg_reg[0]/C
                            (rising edge-triggered cell FDRE)
  Destination:            dbg_hub/inst/BSCANID.u_xsdbm_id/CORE_XSDB.UUT_MASTER/U_ICON_INTERFACE/U_CMD4/shift_reg_in_reg[1]/R
                            (rising edge-triggered cell FDRE clocked by dbg_hub/inst/BSCANID.u_xsdbm_id/SWITCH_N_EXT_BSCAN.bscan_inst/SERIES7_BSCAN.bscan_inst/TCK  {rise@0.000ns fall@16.500ns period=33.000ns})
  Path Group:             (none)
  Path Type:              Setup (Max at Slow Process Corner)
  Data Path Delay:        2.202ns  (logic 0.456ns (20.707%)  route 1.746ns (79.293%))
  Logic Levels:           1  (FDRE=1)
  Clock Uncertainty:      0.025ns  ((TSJ^2 + TIJ^2)^1/2 + DJ) / 2 + PE
    Total System Jitter     (TSJ):    0.050ns
    Total Input Jitter      (TIJ):    0.000ns
    Discrete Jitter          (DJ):    0.000ns
    Phase Error              (PE):    0.000ns
  Timing Exception:       False Path

    Location             Delay type                Incr(ns)  Path(ns)    Netlist Resource(s)
  -------------------------------------------------------------------    -------------------
    SLICE_X41Y49         FDRE                         0.000     0.000 r  dbg_hub/inst/BSCANID.u_xsdbm_id/CORE_XSDB.UUT_MASTER/U_ICON_INTERFACE/U_CMD1/ctl_reg_reg[0]/C
    SLICE_X41Y49         FDRE (Prop_fdre_C_Q)         0.456     0.456 r  dbg_hub/inst/BSCANID.u_xsdbm_id/CORE_XSDB.UUT_MASTER/U_ICON_INTERFACE/U_CMD1/ctl_reg_reg[0]/Q
                         net (fo=176, routed)         1.746     2.202    dbg_hub/inst/BSCANID.u_xsdbm_id/CORE_XSDB.UUT_MASTER/U_ICON_INTERFACE/U_CMD4/SR[0]
    SLICE_X32Y50         FDRE                                         r  dbg_hub/inst/BSCANID.u_xsdbm_id/CORE_XSDB.UUT_MASTER/U_ICON_INTERFACE/U_CMD4/shift_reg_in_reg[1]/R
  -------------------------------------------------------------------    -------------------

                         (clock dbg_hub/inst/BSCANID.u_xsdbm_id/SWITCH_N_EXT_BSCAN.bscan_inst/SERIES7_BSCAN.bscan_inst/TCK rise edge)
                                                      0.000     0.000 r  
    BSCAN_X0Y0           BSCANE2                      0.000     0.000 r  dbg_hub/inst/BSCANID.u_xsdbm_id/SWITCH_N_EXT_BSCAN.bscan_inst/SERIES7_BSCAN.bscan_inst/TCK
                         net (fo=1, routed)           1.487     1.487    dbg_hub/inst/BSCANID.u_xsdbm_id/tck_bs
    BUFGCTRL_X0Y1        BUFG (Prop_bufg_I_O)         0.091     1.578 r  dbg_hub/inst/BSCANID.u_xsdbm_id/SWITCH_N_EXT_BSCAN.u_bufg_icon_tck/O
                         net (fo=482, routed)         1.436     3.014    dbg_hub/inst/BSCANID.u_xsdbm_id/CORE_XSDB.UUT_MASTER/U_ICON_INTERFACE/U_CMD4/m_bscan_tck[0]
    SLICE_X32Y50         FDRE                                         r  dbg_hub/inst/BSCANID.u_xsdbm_id/CORE_XSDB.UUT_MASTER/U_ICON_INTERFACE/U_CMD4/shift_reg_in_reg[1]/C

Slack:                    inf
  Source:                 dbg_hub/inst/BSCANID.u_xsdbm_id/CORE_XSDB.UUT_MASTER/U_ICON_INTERFACE/U_CMD1/ctl_reg_reg[0]/C
                            (rising edge-triggered cell FDRE)
  Destination:            dbg_hub/inst/BSCANID.u_xsdbm_id/CORE_XSDB.UUT_MASTER/U_ICON_INTERFACE/U_CMD4/shift_reg_in_reg[2]/R
                            (rising edge-triggered cell FDRE clocked by dbg_hub/inst/BSCANID.u_xsdbm_id/SWITCH_N_EXT_BSCAN.bscan_inst/SERIES7_BSCAN.bscan_inst/TCK  {rise@0.000ns fall@16.500ns period=33.000ns})
  Path Group:             (none)
  Path Type:              Setup (Max at Slow Process Corner)
  Data Path Delay:        2.202ns  (logic 0.456ns (20.707%)  route 1.746ns (79.293%))
  Logic Levels:           1  (FDRE=1)
  Clock Uncertainty:      0.025ns  ((TSJ^2 + TIJ^2)^1/2 + DJ) / 2 + PE
    Total System Jitter     (TSJ):    0.050ns
    Total Input Jitter      (TIJ):    0.000ns
    Discrete Jitter          (DJ):    0.000ns
    Phase Error              (PE):    0.000ns
  Timing Exception:       False Path

    Location             Delay type                Incr(ns)  Path(ns)    Netlist Resource(s)
  -------------------------------------------------------------------    -------------------
    SLICE_X41Y49         FDRE                         0.000     0.000 r  dbg_hub/inst/BSCANID.u_xsdbm_id/CORE_XSDB.UUT_MASTER/U_ICON_INTERFACE/U_CMD1/ctl_reg_reg[0]/C
    SLICE_X41Y49         FDRE (Prop_fdre_C_Q)         0.456     0.456 r  dbg_hub/inst/BSCANID.u_xsdbm_id/CORE_XSDB.UUT_MASTER/U_ICON_INTERFACE/U_CMD1/ctl_reg_reg[0]/Q
                         net (fo=176, routed)         1.746     2.202    dbg_hub/inst/BSCANID.u_xsdbm_id/CORE_XSDB.UUT_MASTER/U_ICON_INTERFACE/U_CMD4/SR[0]
    SLICE_X32Y50         FDRE                                         r  dbg_hub/inst/BSCANID.u_xsdbm_id/CORE_XSDB.UUT_MASTER/U_ICON_INTERFACE/U_CMD4/shift_reg_in_reg[2]/R
  -------------------------------------------------------------------    -------------------

                         (clock dbg_hub/inst/BSCANID.u_xsdbm_id/SWITCH_N_EXT_BSCAN.bscan_inst/SERIES7_BSCAN.bscan_inst/TCK rise edge)
                                                      0.000     0.000 r  
    BSCAN_X0Y0           BSCANE2                      0.000     0.000 r  dbg_hub/inst/BSCANID.u_xsdbm_id/SWITCH_N_EXT_BSCAN.bscan_inst/SERIES7_BSCAN.bscan_inst/TCK
                         net (fo=1, routed)           1.487     1.487    dbg_hub/inst/BSCANID.u_xsdbm_id/tck_bs
    BUFGCTRL_X0Y1        BUFG (Prop_bufg_I_O)         0.091     1.578 r  dbg_hub/inst/BSCANID.u_xsdbm_id/SWITCH_N_EXT_BSCAN.u_bufg_icon_tck/O
                         net (fo=482, routed)         1.436     3.014    dbg_hub/inst/BSCANID.u_xsdbm_id/CORE_XSDB.UUT_MASTER/U_ICON_INTERFACE/U_CMD4/m_bscan_tck[0]
    SLICE_X32Y50         FDRE                                         r  dbg_hub/inst/BSCANID.u_xsdbm_id/CORE_XSDB.UUT_MASTER/U_ICON_INTERFACE/U_CMD4/shift_reg_in_reg[2]/C

Slack:                    inf
  Source:                 dbg_hub/inst/BSCANID.u_xsdbm_id/CORE_XSDB.UUT_MASTER/U_ICON_INTERFACE/U_CMD1/ctl_reg_reg[0]/C
                            (rising edge-triggered cell FDRE)
  Destination:            dbg_hub/inst/BSCANID.u_xsdbm_id/CORE_XSDB.UUT_MASTER/U_ICON_INTERFACE/U_CMD4/shift_reg_in_reg[3]/R
                            (rising edge-triggered cell FDRE clocked by dbg_hub/inst/BSCANID.u_xsdbm_id/SWITCH_N_EXT_BSCAN.bscan_inst/SERIES7_BSCAN.bscan_inst/TCK  {rise@0.000ns fall@16.500ns period=33.000ns})
  Path Group:             (none)
  Path Type:              Setup (Max at Slow Process Corner)
  Data Path Delay:        2.202ns  (logic 0.456ns (20.707%)  route 1.746ns (79.293%))
  Logic Levels:           1  (FDRE=1)
  Clock Uncertainty:      0.025ns  ((TSJ^2 + TIJ^2)^1/2 + DJ) / 2 + PE
    Total System Jitter     (TSJ):    0.050ns
    Total Input Jitter      (TIJ):    0.000ns
    Discrete Jitter          (DJ):    0.000ns
    Phase Error              (PE):    0.000ns
  Timing Exception:       False Path

    Location             Delay type                Incr(ns)  Path(ns)    Netlist Resource(s)
  -------------------------------------------------------------------    -------------------
    SLICE_X41Y49         FDRE                         0.000     0.000 r  dbg_hub/inst/BSCANID.u_xsdbm_id/CORE_XSDB.UUT_MASTER/U_ICON_INTERFACE/U_CMD1/ctl_reg_reg[0]/C
    SLICE_X41Y49         FDRE (Prop_fdre_C_Q)         0.456     0.456 r  dbg_hub/inst/BSCANID.u_xsdbm_id/CORE_XSDB.UUT_MASTER/U_ICON_INTERFACE/U_CMD1/ctl_reg_reg[0]/Q
                         net (fo=176, routed)         1.746     2.202    dbg_hub/inst/BSCANID.u_xsdbm_id/CORE_XSDB.UUT_MASTER/U_ICON_INTERFACE/U_CMD4/SR[0]
    SLICE_X32Y50         FDRE                                         r  dbg_hub/inst/BSCANID.u_xsdbm_id/CORE_XSDB.UUT_MASTER/U_ICON_INTERFACE/U_CMD4/shift_reg_in_reg[3]/R
  -------------------------------------------------------------------    -------------------

                         (clock dbg_hub/inst/BSCANID.u_xsdbm_id/SWITCH_N_EXT_BSCAN.bscan_inst/SERIES7_BSCAN.bscan_inst/TCK rise edge)
                                                      0.000     0.000 r  
    BSCAN_X0Y0           BSCANE2                      0.000     0.000 r  dbg_hub/inst/BSCANID.u_xsdbm_id/SWITCH_N_EXT_BSCAN.bscan_inst/SERIES7_BSCAN.bscan_inst/TCK
                         net (fo=1, routed)           1.487     1.487    dbg_hub/inst/BSCANID.u_xsdbm_id/tck_bs
    BUFGCTRL_X0Y1        BUFG (Prop_bufg_I_O)         0.091     1.578 r  dbg_hub/inst/BSCANID.u_xsdbm_id/SWITCH_N_EXT_BSCAN.u_bufg_icon_tck/O
                         net (fo=482, routed)         1.436     3.014    dbg_hub/inst/BSCANID.u_xsdbm_id/CORE_XSDB.UUT_MASTER/U_ICON_INTERFACE/U_CMD4/m_bscan_tck[0]
    SLICE_X32Y50         FDRE                                         r  dbg_hub/inst/BSCANID.u_xsdbm_id/CORE_XSDB.UUT_MASTER/U_ICON_INTERFACE/U_CMD4/shift_reg_in_reg[3]/C

Slack:                    inf
  Source:                 dbg_hub/inst/BSCANID.u_xsdbm_id/CORE_XSDB.UUT_MASTER/U_ICON_INTERFACE/U_CMD1/ctl_reg_reg[0]/C
                            (rising edge-triggered cell FDRE)
  Destination:            dbg_hub/inst/BSCANID.u_xsdbm_id/CORE_XSDB.UUT_MASTER/U_ICON_INTERFACE/U_CMD5/shift_reg_in_reg[10]/R
                            (rising edge-triggered cell FDRE clocked by dbg_hub/inst/BSCANID.u_xsdbm_id/SWITCH_N_EXT_BSCAN.bscan_inst/SERIES7_BSCAN.bscan_inst/TCK  {rise@0.000ns fall@16.500ns period=33.000ns})
  Path Group:             (none)
  Path Type:              Setup (Max at Slow Process Corner)
  Data Path Delay:        2.150ns  (logic 0.456ns (21.208%)  route 1.694ns (78.792%))
  Logic Levels:           1  (FDRE=1)
  Clock Uncertainty:      0.025ns  ((TSJ^2 + TIJ^2)^1/2 + DJ) / 2 + PE
    Total System Jitter     (TSJ):    0.050ns
    Total Input Jitter      (TIJ):    0.000ns
    Discrete Jitter          (DJ):    0.000ns
    Phase Error              (PE):    0.000ns
  Timing Exception:       False Path

    Location             Delay type                Incr(ns)  Path(ns)    Netlist Resource(s)
  -------------------------------------------------------------------    -------------------
    SLICE_X41Y49         FDRE                         0.000     0.000 r  dbg_hub/inst/BSCANID.u_xsdbm_id/CORE_XSDB.UUT_MASTER/U_ICON_INTERFACE/U_CMD1/ctl_reg_reg[0]/C
    SLICE_X41Y49         FDRE (Prop_fdre_C_Q)         0.456     0.456 r  dbg_hub/inst/BSCANID.u_xsdbm_id/CORE_XSDB.UUT_MASTER/U_ICON_INTERFACE/U_CMD1/ctl_reg_reg[0]/Q
                         net (fo=176, routed)         1.694     2.150    dbg_hub/inst/BSCANID.u_xsdbm_id/CORE_XSDB.UUT_MASTER/U_ICON_INTERFACE/U_CMD5/ctl_reg_reg[0]_0
    SLICE_X37Y45         FDRE                                         r  dbg_hub/inst/BSCANID.u_xsdbm_id/CORE_XSDB.UUT_MASTER/U_ICON_INTERFACE/U_CMD5/shift_reg_in_reg[10]/R
  -------------------------------------------------------------------    -------------------

                         (clock dbg_hub/inst/BSCANID.u_xsdbm_id/SWITCH_N_EXT_BSCAN.bscan_inst/SERIES7_BSCAN.bscan_inst/TCK rise edge)
                                                      0.000     0.000 r  
    BSCAN_X0Y0           BSCANE2                      0.000     0.000 r  dbg_hub/inst/BSCANID.u_xsdbm_id/SWITCH_N_EXT_BSCAN.bscan_inst/SERIES7_BSCAN.bscan_inst/TCK
                         net (fo=1, routed)           1.487     1.487    dbg_hub/inst/BSCANID.u_xsdbm_id/tck_bs
    BUFGCTRL_X0Y1        BUFG (Prop_bufg_I_O)         0.091     1.578 r  dbg_hub/inst/BSCANID.u_xsdbm_id/SWITCH_N_EXT_BSCAN.u_bufg_icon_tck/O
                         net (fo=482, routed)         1.445     3.023    dbg_hub/inst/BSCANID.u_xsdbm_id/CORE_XSDB.UUT_MASTER/U_ICON_INTERFACE/U_CMD5/m_bscan_tck[0]
    SLICE_X37Y45         FDRE                                         r  dbg_hub/inst/BSCANID.u_xsdbm_id/CORE_XSDB.UUT_MASTER/U_ICON_INTERFACE/U_CMD5/shift_reg_in_reg[10]/C

Slack:                    inf
  Source:                 dbg_hub/inst/BSCANID.u_xsdbm_id/CORE_XSDB.UUT_MASTER/U_ICON_INTERFACE/U_CMD1/ctl_reg_reg[0]/C
                            (rising edge-triggered cell FDRE)
  Destination:            dbg_hub/inst/BSCANID.u_xsdbm_id/CORE_XSDB.UUT_MASTER/U_ICON_INTERFACE/U_CMD5/shift_reg_in_reg[11]/R
                            (rising edge-triggered cell FDRE clocked by dbg_hub/inst/BSCANID.u_xsdbm_id/SWITCH_N_EXT_BSCAN.bscan_inst/SERIES7_BSCAN.bscan_inst/TCK  {rise@0.000ns fall@16.500ns period=33.000ns})
  Path Group:             (none)
  Path Type:              Setup (Max at Slow Process Corner)
  Data Path Delay:        2.150ns  (logic 0.456ns (21.208%)  route 1.694ns (78.792%))
  Logic Levels:           1  (FDRE=1)
  Clock Uncertainty:      0.025ns  ((TSJ^2 + TIJ^2)^1/2 + DJ) / 2 + PE
    Total System Jitter     (TSJ):    0.050ns
    Total Input Jitter      (TIJ):    0.000ns
    Discrete Jitter          (DJ):    0.000ns
    Phase Error              (PE):    0.000ns
  Timing Exception:       False Path

    Location             Delay type                Incr(ns)  Path(ns)    Netlist Resource(s)
  -------------------------------------------------------------------    -------------------
    SLICE_X41Y49         FDRE                         0.000     0.000 r  dbg_hub/inst/BSCANID.u_xsdbm_id/CORE_XSDB.UUT_MASTER/U_ICON_INTERFACE/U_CMD1/ctl_reg_reg[0]/C
    SLICE_X41Y49         FDRE (Prop_fdre_C_Q)         0.456     0.456 r  dbg_hub/inst/BSCANID.u_xsdbm_id/CORE_XSDB.UUT_MASTER/U_ICON_INTERFACE/U_CMD1/ctl_reg_reg[0]/Q
                         net (fo=176, routed)         1.694     2.150    dbg_hub/inst/BSCANID.u_xsdbm_id/CORE_XSDB.UUT_MASTER/U_ICON_INTERFACE/U_CMD5/ctl_reg_reg[0]_0
    SLICE_X37Y45         FDRE                                         r  dbg_hub/inst/BSCANID.u_xsdbm_id/CORE_XSDB.UUT_MASTER/U_ICON_INTERFACE/U_CMD5/shift_reg_in_reg[11]/R
  -------------------------------------------------------------------    -------------------

                         (clock dbg_hub/inst/BSCANID.u_xsdbm_id/SWITCH_N_EXT_BSCAN.bscan_inst/SERIES7_BSCAN.bscan_inst/TCK rise edge)
                                                      0.000     0.000 r  
    BSCAN_X0Y0           BSCANE2                      0.000     0.000 r  dbg_hub/inst/BSCANID.u_xsdbm_id/SWITCH_N_EXT_BSCAN.bscan_inst/SERIES7_BSCAN.bscan_inst/TCK
                         net (fo=1, routed)           1.487     1.487    dbg_hub/inst/BSCANID.u_xsdbm_id/tck_bs
    BUFGCTRL_X0Y1        BUFG (Prop_bufg_I_O)         0.091     1.578 r  dbg_hub/inst/BSCANID.u_xsdbm_id/SWITCH_N_EXT_BSCAN.u_bufg_icon_tck/O
                         net (fo=482, routed)         1.445     3.023    dbg_hub/inst/BSCANID.u_xsdbm_id/CORE_XSDB.UUT_MASTER/U_ICON_INTERFACE/U_CMD5/m_bscan_tck[0]
    SLICE_X37Y45         FDRE                                         r  dbg_hub/inst/BSCANID.u_xsdbm_id/CORE_XSDB.UUT_MASTER/U_ICON_INTERFACE/U_CMD5/shift_reg_in_reg[11]/C

Slack:                    inf
  Source:                 dbg_hub/inst/BSCANID.u_xsdbm_id/CORE_XSDB.UUT_MASTER/U_ICON_INTERFACE/U_CMD1/ctl_reg_reg[0]/C
                            (rising edge-triggered cell FDRE)
  Destination:            dbg_hub/inst/BSCANID.u_xsdbm_id/CORE_XSDB.UUT_MASTER/U_ICON_INTERFACE/U_CMD5/shift_reg_in_reg[12]/R
                            (rising edge-triggered cell FDRE clocked by dbg_hub/inst/BSCANID.u_xsdbm_id/SWITCH_N_EXT_BSCAN.bscan_inst/SERIES7_BSCAN.bscan_inst/TCK  {rise@0.000ns fall@16.500ns period=33.000ns})
  Path Group:             (none)
  Path Type:              Setup (Max at Slow Process Corner)
  Data Path Delay:        2.150ns  (logic 0.456ns (21.208%)  route 1.694ns (78.792%))
  Logic Levels:           1  (FDRE=1)
  Clock Uncertainty:      0.025ns  ((TSJ^2 + TIJ^2)^1/2 + DJ) / 2 + PE
    Total System Jitter     (TSJ):    0.050ns
    Total Input Jitter      (TIJ):    0.000ns
    Discrete Jitter          (DJ):    0.000ns
    Phase Error              (PE):    0.000ns
  Timing Exception:       False Path

    Location             Delay type                Incr(ns)  Path(ns)    Netlist Resource(s)
  -------------------------------------------------------------------    -------------------
    SLICE_X41Y49         FDRE                         0.000     0.000 r  dbg_hub/inst/BSCANID.u_xsdbm_id/CORE_XSDB.UUT_MASTER/U_ICON_INTERFACE/U_CMD1/ctl_reg_reg[0]/C
    SLICE_X41Y49         FDRE (Prop_fdre_C_Q)         0.456     0.456 r  dbg_hub/inst/BSCANID.u_xsdbm_id/CORE_XSDB.UUT_MASTER/U_ICON_INTERFACE/U_CMD1/ctl_reg_reg[0]/Q
                         net (fo=176, routed)         1.694     2.150    dbg_hub/inst/BSCANID.u_xsdbm_id/CORE_XSDB.UUT_MASTER/U_ICON_INTERFACE/U_CMD5/ctl_reg_reg[0]_0
    SLICE_X37Y45         FDRE                                         r  dbg_hub/inst/BSCANID.u_xsdbm_id/CORE_XSDB.UUT_MASTER/U_ICON_INTERFACE/U_CMD5/shift_reg_in_reg[12]/R
  -------------------------------------------------------------------    -------------------

                         (clock dbg_hub/inst/BSCANID.u_xsdbm_id/SWITCH_N_EXT_BSCAN.bscan_inst/SERIES7_BSCAN.bscan_inst/TCK rise edge)
                                                      0.000     0.000 r  
    BSCAN_X0Y0           BSCANE2                      0.000     0.000 r  dbg_hub/inst/BSCANID.u_xsdbm_id/SWITCH_N_EXT_BSCAN.bscan_inst/SERIES7_BSCAN.bscan_inst/TCK
                         net (fo=1, routed)           1.487     1.487    dbg_hub/inst/BSCANID.u_xsdbm_id/tck_bs
    BUFGCTRL_X0Y1        BUFG (Prop_bufg_I_O)         0.091     1.578 r  dbg_hub/inst/BSCANID.u_xsdbm_id/SWITCH_N_EXT_BSCAN.u_bufg_icon_tck/O
                         net (fo=482, routed)         1.445     3.023    dbg_hub/inst/BSCANID.u_xsdbm_id/CORE_XSDB.UUT_MASTER/U_ICON_INTERFACE/U_CMD5/m_bscan_tck[0]
    SLICE_X37Y45         FDRE                                         r  dbg_hub/inst/BSCANID.u_xsdbm_id/CORE_XSDB.UUT_MASTER/U_ICON_INTERFACE/U_CMD5/shift_reg_in_reg[12]/C

Slack:                    inf
  Source:                 dbg_hub/inst/BSCANID.u_xsdbm_id/CORE_XSDB.UUT_MASTER/U_ICON_INTERFACE/U_CMD1/ctl_reg_reg[0]/C
                            (rising edge-triggered cell FDRE)
  Destination:            dbg_hub/inst/BSCANID.u_xsdbm_id/CORE_XSDB.UUT_MASTER/U_ICON_INTERFACE/U_CMD5/shift_reg_in_reg[13]/R
                            (rising edge-triggered cell FDRE clocked by dbg_hub/inst/BSCANID.u_xsdbm_id/SWITCH_N_EXT_BSCAN.bscan_inst/SERIES7_BSCAN.bscan_inst/TCK  {rise@0.000ns fall@16.500ns period=33.000ns})
  Path Group:             (none)
  Path Type:              Setup (Max at Slow Process Corner)
  Data Path Delay:        2.150ns  (logic 0.456ns (21.208%)  route 1.694ns (78.792%))
  Logic Levels:           1  (FDRE=1)
  Clock Uncertainty:      0.025ns  ((TSJ^2 + TIJ^2)^1/2 + DJ) / 2 + PE
    Total System Jitter     (TSJ):    0.050ns
    Total Input Jitter      (TIJ):    0.000ns
    Discrete Jitter          (DJ):    0.000ns
    Phase Error              (PE):    0.000ns
  Timing Exception:       False Path

    Location             Delay type                Incr(ns)  Path(ns)    Netlist Resource(s)
  -------------------------------------------------------------------    -------------------
    SLICE_X41Y49         FDRE                         0.000     0.000 r  dbg_hub/inst/BSCANID.u_xsdbm_id/CORE_XSDB.UUT_MASTER/U_ICON_INTERFACE/U_CMD1/ctl_reg_reg[0]/C
    SLICE_X41Y49         FDRE (Prop_fdre_C_Q)         0.456     0.456 r  dbg_hub/inst/BSCANID.u_xsdbm_id/CORE_XSDB.UUT_MASTER/U_ICON_INTERFACE/U_CMD1/ctl_reg_reg[0]/Q
                         net (fo=176, routed)         1.694     2.150    dbg_hub/inst/BSCANID.u_xsdbm_id/CORE_XSDB.UUT_MASTER/U_ICON_INTERFACE/U_CMD5/ctl_reg_reg[0]_0
    SLICE_X37Y45         FDRE                                         r  dbg_hub/inst/BSCANID.u_xsdbm_id/CORE_XSDB.UUT_MASTER/U_ICON_INTERFACE/U_CMD5/shift_reg_in_reg[13]/R
  -------------------------------------------------------------------    -------------------

                         (clock dbg_hub/inst/BSCANID.u_xsdbm_id/SWITCH_N_EXT_BSCAN.bscan_inst/SERIES7_BSCAN.bscan_inst/TCK rise edge)
                                                      0.000     0.000 r  
    BSCAN_X0Y0           BSCANE2                      0.000     0.000 r  dbg_hub/inst/BSCANID.u_xsdbm_id/SWITCH_N_EXT_BSCAN.bscan_inst/SERIES7_BSCAN.bscan_inst/TCK
                         net (fo=1, routed)           1.487     1.487    dbg_hub/inst/BSCANID.u_xsdbm_id/tck_bs
    BUFGCTRL_X0Y1        BUFG (Prop_bufg_I_O)         0.091     1.578 r  dbg_hub/inst/BSCANID.u_xsdbm_id/SWITCH_N_EXT_BSCAN.u_bufg_icon_tck/O
                         net (fo=482, routed)         1.445     3.023    dbg_hub/inst/BSCANID.u_xsdbm_id/CORE_XSDB.UUT_MASTER/U_ICON_INTERFACE/U_CMD5/m_bscan_tck[0]
    SLICE_X37Y45         FDRE                                         r  dbg_hub/inst/BSCANID.u_xsdbm_id/CORE_XSDB.UUT_MASTER/U_ICON_INTERFACE/U_CMD5/shift_reg_in_reg[13]/C

Slack:                    inf
  Source:                 dbg_hub/inst/BSCANID.u_xsdbm_id/CORE_XSDB.UUT_MASTER/U_ICON_INTERFACE/U_CMD1/ctl_reg_reg[0]/C
                            (rising edge-triggered cell FDRE)
  Destination:            dbg_hub/inst/BSCANID.u_xsdbm_id/CORE_XSDB.UUT_MASTER/U_ICON_INTERFACE/U_CMD5/shift_reg_in_reg[14]/R
                            (rising edge-triggered cell FDRE clocked by dbg_hub/inst/BSCANID.u_xsdbm_id/SWITCH_N_EXT_BSCAN.bscan_inst/SERIES7_BSCAN.bscan_inst/TCK  {rise@0.000ns fall@16.500ns period=33.000ns})
  Path Group:             (none)
  Path Type:              Setup (Max at Slow Process Corner)
  Data Path Delay:        2.150ns  (logic 0.456ns (21.208%)  route 1.694ns (78.792%))
  Logic Levels:           1  (FDRE=1)
  Clock Uncertainty:      0.025ns  ((TSJ^2 + TIJ^2)^1/2 + DJ) / 2 + PE
    Total System Jitter     (TSJ):    0.050ns
    Total Input Jitter      (TIJ):    0.000ns
    Discrete Jitter          (DJ):    0.000ns
    Phase Error              (PE):    0.000ns
  Timing Exception:       False Path

    Location             Delay type                Incr(ns)  Path(ns)    Netlist Resource(s)
  -------------------------------------------------------------------    -------------------
    SLICE_X41Y49         FDRE                         0.000     0.000 r  dbg_hub/inst/BSCANID.u_xsdbm_id/CORE_XSDB.UUT_MASTER/U_ICON_INTERFACE/U_CMD1/ctl_reg_reg[0]/C
    SLICE_X41Y49         FDRE (Prop_fdre_C_Q)         0.456     0.456 r  dbg_hub/inst/BSCANID.u_xsdbm_id/CORE_XSDB.UUT_MASTER/U_ICON_INTERFACE/U_CMD1/ctl_reg_reg[0]/Q
                         net (fo=176, routed)         1.694     2.150    dbg_hub/inst/BSCANID.u_xsdbm_id/CORE_XSDB.UUT_MASTER/U_ICON_INTERFACE/U_CMD5/ctl_reg_reg[0]_0
    SLICE_X37Y45         FDRE                                         r  dbg_hub/inst/BSCANID.u_xsdbm_id/CORE_XSDB.UUT_MASTER/U_ICON_INTERFACE/U_CMD5/shift_reg_in_reg[14]/R
  -------------------------------------------------------------------    -------------------

                         (clock dbg_hub/inst/BSCANID.u_xsdbm_id/SWITCH_N_EXT_BSCAN.bscan_inst/SERIES7_BSCAN.bscan_inst/TCK rise edge)
                                                      0.000     0.000 r  
    BSCAN_X0Y0           BSCANE2                      0.000     0.000 r  dbg_hub/inst/BSCANID.u_xsdbm_id/SWITCH_N_EXT_BSCAN.bscan_inst/SERIES7_BSCAN.bscan_inst/TCK
                         net (fo=1, routed)           1.487     1.487    dbg_hub/inst/BSCANID.u_xsdbm_id/tck_bs
    BUFGCTRL_X0Y1        BUFG (Prop_bufg_I_O)         0.091     1.578 r  dbg_hub/inst/BSCANID.u_xsdbm_id/SWITCH_N_EXT_BSCAN.u_bufg_icon_tck/O
                         net (fo=482, routed)         1.445     3.023    dbg_hub/inst/BSCANID.u_xsdbm_id/CORE_XSDB.UUT_MASTER/U_ICON_INTERFACE/U_CMD5/m_bscan_tck[0]
    SLICE_X37Y45         FDRE                                         r  dbg_hub/inst/BSCANID.u_xsdbm_id/CORE_XSDB.UUT_MASTER/U_ICON_INTERFACE/U_CMD5/shift_reg_in_reg[14]/C

Slack:                    inf
  Source:                 dbg_hub/inst/BSCANID.u_xsdbm_id/CORE_XSDB.UUT_MASTER/U_ICON_INTERFACE/U_CMD1/ctl_reg_reg[0]/C
                            (rising edge-triggered cell FDRE)
  Destination:            dbg_hub/inst/BSCANID.u_xsdbm_id/CORE_XSDB.UUT_MASTER/U_ICON_INTERFACE/U_CMD5/shift_reg_in_reg[15]/R
                            (rising edge-triggered cell FDRE clocked by dbg_hub/inst/BSCANID.u_xsdbm_id/SWITCH_N_EXT_BSCAN.bscan_inst/SERIES7_BSCAN.bscan_inst/TCK  {rise@0.000ns fall@16.500ns period=33.000ns})
  Path Group:             (none)
  Path Type:              Setup (Max at Slow Process Corner)
  Data Path Delay:        2.150ns  (logic 0.456ns (21.208%)  route 1.694ns (78.792%))
  Logic Levels:           1  (FDRE=1)
  Clock Uncertainty:      0.025ns  ((TSJ^2 + TIJ^2)^1/2 + DJ) / 2 + PE
    Total System Jitter     (TSJ):    0.050ns
    Total Input Jitter      (TIJ):    0.000ns
    Discrete Jitter          (DJ):    0.000ns
    Phase Error              (PE):    0.000ns
  Timing Exception:       False Path

    Location             Delay type                Incr(ns)  Path(ns)    Netlist Resource(s)
  -------------------------------------------------------------------    -------------------
    SLICE_X41Y49         FDRE                         0.000     0.000 r  dbg_hub/inst/BSCANID.u_xsdbm_id/CORE_XSDB.UUT_MASTER/U_ICON_INTERFACE/U_CMD1/ctl_reg_reg[0]/C
    SLICE_X41Y49         FDRE (Prop_fdre_C_Q)         0.456     0.456 r  dbg_hub/inst/BSCANID.u_xsdbm_id/CORE_XSDB.UUT_MASTER/U_ICON_INTERFACE/U_CMD1/ctl_reg_reg[0]/Q
                         net (fo=176, routed)         1.694     2.150    dbg_hub/inst/BSCANID.u_xsdbm_id/CORE_XSDB.UUT_MASTER/U_ICON_INTERFACE/U_CMD5/ctl_reg_reg[0]_0
    SLICE_X37Y45         FDRE                                         r  dbg_hub/inst/BSCANID.u_xsdbm_id/CORE_XSDB.UUT_MASTER/U_ICON_INTERFACE/U_CMD5/shift_reg_in_reg[15]/R
  -------------------------------------------------------------------    -------------------

                         (clock dbg_hub/inst/BSCANID.u_xsdbm_id/SWITCH_N_EXT_BSCAN.bscan_inst/SERIES7_BSCAN.bscan_inst/TCK rise edge)
                                                      0.000     0.000 r  
    BSCAN_X0Y0           BSCANE2                      0.000     0.000 r  dbg_hub/inst/BSCANID.u_xsdbm_id/SWITCH_N_EXT_BSCAN.bscan_inst/SERIES7_BSCAN.bscan_inst/TCK
                         net (fo=1, routed)           1.487     1.487    dbg_hub/inst/BSCANID.u_xsdbm_id/tck_bs
    BUFGCTRL_X0Y1        BUFG (Prop_bufg_I_O)         0.091     1.578 r  dbg_hub/inst/BSCANID.u_xsdbm_id/SWITCH_N_EXT_BSCAN.u_bufg_icon_tck/O
                         net (fo=482, routed)         1.445     3.023    dbg_hub/inst/BSCANID.u_xsdbm_id/CORE_XSDB.UUT_MASTER/U_ICON_INTERFACE/U_CMD5/m_bscan_tck[0]
    SLICE_X37Y45         FDRE                                         r  dbg_hub/inst/BSCANID.u_xsdbm_id/CORE_XSDB.UUT_MASTER/U_ICON_INTERFACE/U_CMD5/shift_reg_in_reg[15]/C





Min Delay Paths
--------------------------------------------------------------------------------------
Slack:                    inf
  Source:                 dbg_hub/inst/BSCANID.u_xsdbm_id/CORE_XSDB.UUT_MASTER/U_ICON_INTERFACE/U_CMD2/stat_reg_reg[1]/C
                            (rising edge-triggered cell FDRE)
  Destination:            dbg_hub/inst/BSCANID.u_xsdbm_id/CORE_XSDB.UUT_MASTER/U_ICON_INTERFACE/U_CMD2/stat_reg_1_reg[1]/D
                            (rising edge-triggered cell FDRE clocked by dbg_hub/inst/BSCANID.u_xsdbm_id/SWITCH_N_EXT_BSCAN.bscan_inst/SERIES7_BSCAN.bscan_inst/TCK  {rise@0.000ns fall@16.500ns period=33.000ns})
  Path Group:             (none)
  Path Type:              Hold (Min at Fast Process Corner)
  Data Path Delay:        0.247ns  (logic 0.128ns (51.722%)  route 0.119ns (48.278%))
  Logic Levels:           1  (FDRE=1)
  Clock Uncertainty:      0.025ns  ((TSJ^2 + TIJ^2)^1/2 + DJ) / 2 + PE
    Total System Jitter     (TSJ):    0.050ns
    Total Input Jitter      (TIJ):    0.000ns
    Discrete Jitter          (DJ):    0.000ns
    Phase Error              (PE):    0.000ns
  Timing Exception:       False Path

    Location             Delay type                Incr(ns)  Path(ns)    Netlist Resource(s)
  -------------------------------------------------------------------    -------------------
    SLICE_X40Y53         FDRE                         0.000     0.000 r  dbg_hub/inst/BSCANID.u_xsdbm_id/CORE_XSDB.UUT_MASTER/U_ICON_INTERFACE/U_CMD2/stat_reg_reg[1]/C
    SLICE_X40Y53         FDRE (Prop_fdre_C_Q)         0.128     0.128 r  dbg_hub/inst/BSCANID.u_xsdbm_id/CORE_XSDB.UUT_MASTER/U_ICON_INTERFACE/U_CMD2/stat_reg_reg[1]/Q
                         net (fo=1, routed)           0.119     0.247    dbg_hub/inst/BSCANID.u_xsdbm_id/CORE_XSDB.UUT_MASTER/U_ICON_INTERFACE/U_CMD2/stat_reg[1]
    SLICE_X40Y54         FDRE                                         r  dbg_hub/inst/BSCANID.u_xsdbm_id/CORE_XSDB.UUT_MASTER/U_ICON_INTERFACE/U_CMD2/stat_reg_1_reg[1]/D
  -------------------------------------------------------------------    -------------------

                         (clock dbg_hub/inst/BSCANID.u_xsdbm_id/SWITCH_N_EXT_BSCAN.bscan_inst/SERIES7_BSCAN.bscan_inst/TCK rise edge)
                                                      0.000     0.000 r  
    BSCAN_X0Y0           BSCANE2                      0.000     0.000 r  dbg_hub/inst/BSCANID.u_xsdbm_id/SWITCH_N_EXT_BSCAN.bscan_inst/SERIES7_BSCAN.bscan_inst/TCK
                         net (fo=1, routed)           0.791     0.791    dbg_hub/inst/BSCANID.u_xsdbm_id/tck_bs
    BUFGCTRL_X0Y1        BUFG (Prop_bufg_I_O)         0.029     0.820 r  dbg_hub/inst/BSCANID.u_xsdbm_id/SWITCH_N_EXT_BSCAN.u_bufg_icon_tck/O
                         net (fo=482, routed)         0.831     1.651    dbg_hub/inst/BSCANID.u_xsdbm_id/CORE_XSDB.UUT_MASTER/U_ICON_INTERFACE/U_CMD2/m_bscan_tck[0]
    SLICE_X40Y54         FDRE                                         r  dbg_hub/inst/BSCANID.u_xsdbm_id/CORE_XSDB.UUT_MASTER/U_ICON_INTERFACE/U_CMD2/stat_reg_1_reg[1]/C

Slack:                    inf
  Source:                 dbg_hub/inst/BSCANID.u_xsdbm_id/CORE_XSDB.UUT_MASTER/U_ICON_INTERFACE/U_CMD3/stat_reg_reg[0]/C
                            (rising edge-triggered cell FDRE)
  Destination:            dbg_hub/inst/BSCANID.u_xsdbm_id/CORE_XSDB.UUT_MASTER/U_ICON_INTERFACE/U_CMD3/stat_reg_1_reg[0]/D
                            (rising edge-triggered cell FDRE clocked by dbg_hub/inst/BSCANID.u_xsdbm_id/SWITCH_N_EXT_BSCAN.bscan_inst/SERIES7_BSCAN.bscan_inst/TCK  {rise@0.000ns fall@16.500ns period=33.000ns})
  Path Group:             (none)
  Path Type:              Hold (Min at Fast Process Corner)
  Data Path Delay:        0.247ns  (logic 0.128ns (51.722%)  route 0.119ns (48.278%))
  Logic Levels:           1  (FDRE=1)
  Clock Uncertainty:      0.025ns  ((TSJ^2 + TIJ^2)^1/2 + DJ) / 2 + PE
    Total System Jitter     (TSJ):    0.050ns
    Total Input Jitter      (TIJ):    0.000ns
    Discrete Jitter          (DJ):    0.000ns
    Phase Error              (PE):    0.000ns
  Timing Exception:       False Path

    Location             Delay type                Incr(ns)  Path(ns)    Netlist Resource(s)
  -------------------------------------------------------------------    -------------------
    SLICE_X36Y50         FDRE                         0.000     0.000 r  dbg_hub/inst/BSCANID.u_xsdbm_id/CORE_XSDB.UUT_MASTER/U_ICON_INTERFACE/U_CMD3/stat_reg_reg[0]/C
    SLICE_X36Y50         FDRE (Prop_fdre_C_Q)         0.128     0.128 r  dbg_hub/inst/BSCANID.u_xsdbm_id/CORE_XSDB.UUT_MASTER/U_ICON_INTERFACE/U_CMD3/stat_reg_reg[0]/Q
                         net (fo=1, routed)           0.119     0.247    dbg_hub/inst/BSCANID.u_xsdbm_id/CORE_XSDB.UUT_MASTER/U_ICON_INTERFACE/U_CMD3/stat_reg[0]
    SLICE_X36Y51         FDRE                                         r  dbg_hub/inst/BSCANID.u_xsdbm_id/CORE_XSDB.UUT_MASTER/U_ICON_INTERFACE/U_CMD3/stat_reg_1_reg[0]/D
  -------------------------------------------------------------------    -------------------

                         (clock dbg_hub/inst/BSCANID.u_xsdbm_id/SWITCH_N_EXT_BSCAN.bscan_inst/SERIES7_BSCAN.bscan_inst/TCK rise edge)
                                                      0.000     0.000 r  
    BSCAN_X0Y0           BSCANE2                      0.000     0.000 r  dbg_hub/inst/BSCANID.u_xsdbm_id/SWITCH_N_EXT_BSCAN.bscan_inst/SERIES7_BSCAN.bscan_inst/TCK
                         net (fo=1, routed)           0.791     0.791    dbg_hub/inst/BSCANID.u_xsdbm_id/tck_bs
    BUFGCTRL_X0Y1        BUFG (Prop_bufg_I_O)         0.029     0.820 r  dbg_hub/inst/BSCANID.u_xsdbm_id/SWITCH_N_EXT_BSCAN.u_bufg_icon_tck/O
                         net (fo=482, routed)         0.830     1.651    dbg_hub/inst/BSCANID.u_xsdbm_id/CORE_XSDB.UUT_MASTER/U_ICON_INTERFACE/U_CMD3/m_bscan_tck[0]
    SLICE_X36Y51         FDRE                                         r  dbg_hub/inst/BSCANID.u_xsdbm_id/CORE_XSDB.UUT_MASTER/U_ICON_INTERFACE/U_CMD3/stat_reg_1_reg[0]/C

Slack:                    inf
  Source:                 dbg_hub/inst/BSCANID.u_xsdbm_id/CORE_XSDB.UUT_MASTER/U_ICON_INTERFACE/U_CMD7_STAT/stat_reg_reg[0]/C
                            (rising edge-triggered cell FDRE)
  Destination:            dbg_hub/inst/BSCANID.u_xsdbm_id/CORE_XSDB.UUT_MASTER/U_ICON_INTERFACE/U_CMD7_STAT/stat_reg_1_reg[0]/D
                            (rising edge-triggered cell FDRE clocked by dbg_hub/inst/BSCANID.u_xsdbm_id/SWITCH_N_EXT_BSCAN.bscan_inst/SERIES7_BSCAN.bscan_inst/TCK  {rise@0.000ns fall@16.500ns period=33.000ns})
  Path Group:             (none)
  Path Type:              Hold (Min at Fast Process Corner)
  Data Path Delay:        0.247ns  (logic 0.128ns (51.722%)  route 0.119ns (48.278%))
  Logic Levels:           1  (FDRE=1)
  Clock Uncertainty:      0.025ns  ((TSJ^2 + TIJ^2)^1/2 + DJ) / 2 + PE
    Total System Jitter     (TSJ):    0.050ns
    Total Input Jitter      (TIJ):    0.000ns
    Discrete Jitter          (DJ):    0.000ns
    Phase Error              (PE):    0.000ns
  Timing Exception:       False Path

    Location             Delay type                Incr(ns)  Path(ns)    Netlist Resource(s)
  -------------------------------------------------------------------    -------------------
    SLICE_X28Y48         FDRE                         0.000     0.000 r  dbg_hub/inst/BSCANID.u_xsdbm_id/CORE_XSDB.UUT_MASTER/U_ICON_INTERFACE/U_CMD7_STAT/stat_reg_reg[0]/C
    SLICE_X28Y48         FDRE (Prop_fdre_C_Q)         0.128     0.128 r  dbg_hub/inst/BSCANID.u_xsdbm_id/CORE_XSDB.UUT_MASTER/U_ICON_INTERFACE/U_CMD7_STAT/stat_reg_reg[0]/Q
                         net (fo=1, routed)           0.119     0.247    dbg_hub/inst/BSCANID.u_xsdbm_id/CORE_XSDB.UUT_MASTER/U_ICON_INTERFACE/U_CMD7_STAT/stat_reg[0]
    SLICE_X28Y49         FDRE                                         r  dbg_hub/inst/BSCANID.u_xsdbm_id/CORE_XSDB.UUT_MASTER/U_ICON_INTERFACE/U_CMD7_STAT/stat_reg_1_reg[0]/D
  -------------------------------------------------------------------    -------------------

                         (clock dbg_hub/inst/BSCANID.u_xsdbm_id/SWITCH_N_EXT_BSCAN.bscan_inst/SERIES7_BSCAN.bscan_inst/TCK rise edge)
                                                      0.000     0.000 r  
    BSCAN_X0Y0           BSCANE2                      0.000     0.000 r  dbg_hub/inst/BSCANID.u_xsdbm_id/SWITCH_N_EXT_BSCAN.bscan_inst/SERIES7_BSCAN.bscan_inst/TCK
                         net (fo=1, routed)           0.791     0.791    dbg_hub/inst/BSCANID.u_xsdbm_id/tck_bs
    BUFGCTRL_X0Y1        BUFG (Prop_bufg_I_O)         0.029     0.820 r  dbg_hub/inst/BSCANID.u_xsdbm_id/SWITCH_N_EXT_BSCAN.u_bufg_icon_tck/O
                         net (fo=482, routed)         0.834     1.654    dbg_hub/inst/BSCANID.u_xsdbm_id/CORE_XSDB.UUT_MASTER/U_ICON_INTERFACE/U_CMD7_STAT/m_bscan_tck[0]
    SLICE_X28Y49         FDRE                                         r  dbg_hub/inst/BSCANID.u_xsdbm_id/CORE_XSDB.UUT_MASTER/U_ICON_INTERFACE/U_CMD7_STAT/stat_reg_1_reg[0]/C

Slack:                    inf
  Source:                 dbg_hub/inst/BSCANID.u_xsdbm_id/CORE_XSDB.UUT_MASTER/U_ICON_INTERFACE/U_CMD7_STAT/stat_reg_reg[1]/C
                            (rising edge-triggered cell FDRE)
  Destination:            dbg_hub/inst/BSCANID.u_xsdbm_id/CORE_XSDB.UUT_MASTER/U_ICON_INTERFACE/U_CMD7_STAT/stat_reg_1_reg[1]/D
                            (rising edge-triggered cell FDRE clocked by dbg_hub/inst/BSCANID.u_xsdbm_id/SWITCH_N_EXT_BSCAN.bscan_inst/SERIES7_BSCAN.bscan_inst/TCK  {rise@0.000ns fall@16.500ns period=33.000ns})
  Path Group:             (none)
  Path Type:              Hold (Min at Fast Process Corner)
  Data Path Delay:        0.247ns  (logic 0.128ns (51.722%)  route 0.119ns (48.278%))
  Logic Levels:           1  (FDRE=1)
  Clock Uncertainty:      0.025ns  ((TSJ^2 + TIJ^2)^1/2 + DJ) / 2 + PE
    Total System Jitter     (TSJ):    0.050ns
    Total Input Jitter      (TIJ):    0.000ns
    Discrete Jitter          (DJ):    0.000ns
    Phase Error              (PE):    0.000ns
  Timing Exception:       False Path

    Location             Delay type                Incr(ns)  Path(ns)    Netlist Resource(s)
  -------------------------------------------------------------------    -------------------
    SLICE_X28Y50         FDRE                         0.000     0.000 r  dbg_hub/inst/BSCANID.u_xsdbm_id/CORE_XSDB.UUT_MASTER/U_ICON_INTERFACE/U_CMD7_STAT/stat_reg_reg[1]/C
    SLICE_X28Y50         FDRE (Prop_fdre_C_Q)         0.128     0.128 r  dbg_hub/inst/BSCANID.u_xsdbm_id/CORE_XSDB.UUT_MASTER/U_ICON_INTERFACE/U_CMD7_STAT/stat_reg_reg[1]/Q
                         net (fo=1, routed)           0.119     0.247    dbg_hub/inst/BSCANID.u_xsdbm_id/CORE_XSDB.UUT_MASTER/U_ICON_INTERFACE/U_CMD7_STAT/stat_reg[1]
    SLICE_X28Y51         FDRE                                         r  dbg_hub/inst/BSCANID.u_xsdbm_id/CORE_XSDB.UUT_MASTER/U_ICON_INTERFACE/U_CMD7_STAT/stat_reg_1_reg[1]/D
  -------------------------------------------------------------------    -------------------

                         (clock dbg_hub/inst/BSCANID.u_xsdbm_id/SWITCH_N_EXT_BSCAN.bscan_inst/SERIES7_BSCAN.bscan_inst/TCK rise edge)
                                                      0.000     0.000 r  
    BSCAN_X0Y0           BSCANE2                      0.000     0.000 r  dbg_hub/inst/BSCANID.u_xsdbm_id/SWITCH_N_EXT_BSCAN.bscan_inst/SERIES7_BSCAN.bscan_inst/TCK
                         net (fo=1, routed)           0.791     0.791    dbg_hub/inst/BSCANID.u_xsdbm_id/tck_bs
    BUFGCTRL_X0Y1        BUFG (Prop_bufg_I_O)         0.029     0.820 r  dbg_hub/inst/BSCANID.u_xsdbm_id/SWITCH_N_EXT_BSCAN.u_bufg_icon_tck/O
                         net (fo=482, routed)         0.832     1.652    dbg_hub/inst/BSCANID.u_xsdbm_id/CORE_XSDB.UUT_MASTER/U_ICON_INTERFACE/U_CMD7_STAT/m_bscan_tck[0]
    SLICE_X28Y51         FDRE                                         r  dbg_hub/inst/BSCANID.u_xsdbm_id/CORE_XSDB.UUT_MASTER/U_ICON_INTERFACE/U_CMD7_STAT/stat_reg_1_reg[1]/C

Slack:                    inf
  Source:                 dbg_hub/inst/BSCANID.u_xsdbm_id/CORE_XSDB.UUT_MASTER/U_ICON_INTERFACE/U_CMD7_STAT/stat_reg_reg[2]/C
                            (rising edge-triggered cell FDRE)
  Destination:            dbg_hub/inst/BSCANID.u_xsdbm_id/CORE_XSDB.UUT_MASTER/U_ICON_INTERFACE/U_CMD7_STAT/stat_reg_1_reg[2]/D
                            (rising edge-triggered cell FDRE clocked by dbg_hub/inst/BSCANID.u_xsdbm_id/SWITCH_N_EXT_BSCAN.bscan_inst/SERIES7_BSCAN.bscan_inst/TCK  {rise@0.000ns fall@16.500ns period=33.000ns})
  Path Group:             (none)
  Path Type:              Hold (Min at Fast Process Corner)
  Data Path Delay:        0.249ns  (logic 0.128ns (51.426%)  route 0.121ns (48.574%))
  Logic Levels:           1  (FDRE=1)
  Clock Uncertainty:      0.025ns  ((TSJ^2 + TIJ^2)^1/2 + DJ) / 2 + PE
    Total System Jitter     (TSJ):    0.050ns
    Total Input Jitter      (TIJ):    0.000ns
    Discrete Jitter          (DJ):    0.000ns
    Phase Error              (PE):    0.000ns
  Timing Exception:       False Path

    Location             Delay type                Incr(ns)  Path(ns)    Netlist Resource(s)
  -------------------------------------------------------------------    -------------------
    SLICE_X29Y49         FDRE                         0.000     0.000 r  dbg_hub/inst/BSCANID.u_xsdbm_id/CORE_XSDB.UUT_MASTER/U_ICON_INTERFACE/U_CMD7_STAT/stat_reg_reg[2]/C
    SLICE_X29Y49         FDRE (Prop_fdre_C_Q)         0.128     0.128 r  dbg_hub/inst/BSCANID.u_xsdbm_id/CORE_XSDB.UUT_MASTER/U_ICON_INTERFACE/U_CMD7_STAT/stat_reg_reg[2]/Q
                         net (fo=1, routed)           0.121     0.249    dbg_hub/inst/BSCANID.u_xsdbm_id/CORE_XSDB.UUT_MASTER/U_ICON_INTERFACE/U_CMD7_STAT/stat_reg[2]
    SLICE_X29Y50         FDRE                                         r  dbg_hub/inst/BSCANID.u_xsdbm_id/CORE_XSDB.UUT_MASTER/U_ICON_INTERFACE/U_CMD7_STAT/stat_reg_1_reg[2]/D
  -------------------------------------------------------------------    -------------------

                         (clock dbg_hub/inst/BSCANID.u_xsdbm_id/SWITCH_N_EXT_BSCAN.bscan_inst/SERIES7_BSCAN.bscan_inst/TCK rise edge)
                                                      0.000     0.000 r  
    BSCAN_X0Y0           BSCANE2                      0.000     0.000 r  dbg_hub/inst/BSCANID.u_xsdbm_id/SWITCH_N_EXT_BSCAN.bscan_inst/SERIES7_BSCAN.bscan_inst/TCK
                         net (fo=1, routed)           0.791     0.791    dbg_hub/inst/BSCANID.u_xsdbm_id/tck_bs
    BUFGCTRL_X0Y1        BUFG (Prop_bufg_I_O)         0.029     0.820 r  dbg_hub/inst/BSCANID.u_xsdbm_id/SWITCH_N_EXT_BSCAN.u_bufg_icon_tck/O
                         net (fo=482, routed)         0.832     1.652    dbg_hub/inst/BSCANID.u_xsdbm_id/CORE_XSDB.UUT_MASTER/U_ICON_INTERFACE/U_CMD7_STAT/m_bscan_tck[0]
    SLICE_X29Y50         FDRE                                         r  dbg_hub/inst/BSCANID.u_xsdbm_id/CORE_XSDB.UUT_MASTER/U_ICON_INTERFACE/U_CMD7_STAT/stat_reg_1_reg[2]/C

Slack:                    inf
  Source:                 dbg_hub/inst/BSCANID.u_xsdbm_id/CORE_XSDB.UUT_MASTER/U_ICON_INTERFACE/U_CMD2/stat_reg_reg[2]/C
                            (rising edge-triggered cell FDRE)
  Destination:            dbg_hub/inst/BSCANID.u_xsdbm_id/CORE_XSDB.UUT_MASTER/U_ICON_INTERFACE/U_CMD2/stat_reg_1_reg[2]/D
                            (rising edge-triggered cell FDRE clocked by dbg_hub/inst/BSCANID.u_xsdbm_id/SWITCH_N_EXT_BSCAN.bscan_inst/SERIES7_BSCAN.bscan_inst/TCK  {rise@0.000ns fall@16.500ns period=33.000ns})
  Path Group:             (none)
  Path Type:              Hold (Min at Fast Process Corner)
  Data Path Delay:        0.261ns  (logic 0.148ns (56.607%)  route 0.113ns (43.393%))
  Logic Levels:           1  (FDRE=1)
  Clock Uncertainty:      0.025ns  ((TSJ^2 + TIJ^2)^1/2 + DJ) / 2 + PE
    Total System Jitter     (TSJ):    0.050ns
    Total Input Jitter      (TIJ):    0.000ns
    Discrete Jitter          (DJ):    0.000ns
    Phase Error              (PE):    0.000ns
  Timing Exception:       False Path

    Location             Delay type                Incr(ns)  Path(ns)    Netlist Resource(s)
  -------------------------------------------------------------------    -------------------
    SLICE_X42Y51         FDRE                         0.000     0.000 r  dbg_hub/inst/BSCANID.u_xsdbm_id/CORE_XSDB.UUT_MASTER/U_ICON_INTERFACE/U_CMD2/stat_reg_reg[2]/C
    SLICE_X42Y51         FDRE (Prop_fdre_C_Q)         0.148     0.148 r  dbg_hub/inst/BSCANID.u_xsdbm_id/CORE_XSDB.UUT_MASTER/U_ICON_INTERFACE/U_CMD2/stat_reg_reg[2]/Q
                         net (fo=1, routed)           0.113     0.261    dbg_hub/inst/BSCANID.u_xsdbm_id/CORE_XSDB.UUT_MASTER/U_ICON_INTERFACE/U_CMD2/stat_reg[2]
    SLICE_X42Y52         FDRE                                         r  dbg_hub/inst/BSCANID.u_xsdbm_id/CORE_XSDB.UUT_MASTER/U_ICON_INTERFACE/U_CMD2/stat_reg_1_reg[2]/D
  -------------------------------------------------------------------    -------------------

                         (clock dbg_hub/inst/BSCANID.u_xsdbm_id/SWITCH_N_EXT_BSCAN.bscan_inst/SERIES7_BSCAN.bscan_inst/TCK rise edge)
                                                      0.000     0.000 r  
    BSCAN_X0Y0           BSCANE2                      0.000     0.000 r  dbg_hub/inst/BSCANID.u_xsdbm_id/SWITCH_N_EXT_BSCAN.bscan_inst/SERIES7_BSCAN.bscan_inst/TCK
                         net (fo=1, routed)           0.791     0.791    dbg_hub/inst/BSCANID.u_xsdbm_id/tck_bs
    BUFGCTRL_X0Y1        BUFG (Prop_bufg_I_O)         0.029     0.820 r  dbg_hub/inst/BSCANID.u_xsdbm_id/SWITCH_N_EXT_BSCAN.u_bufg_icon_tck/O
                         net (fo=482, routed)         0.832     1.652    dbg_hub/inst/BSCANID.u_xsdbm_id/CORE_XSDB.UUT_MASTER/U_ICON_INTERFACE/U_CMD2/m_bscan_tck[0]
    SLICE_X42Y52         FDRE                                         r  dbg_hub/inst/BSCANID.u_xsdbm_id/CORE_XSDB.UUT_MASTER/U_ICON_INTERFACE/U_CMD2/stat_reg_1_reg[2]/C

Slack:                    inf
  Source:                 dbg_hub/inst/BSCANID.u_xsdbm_id/CORE_XSDB.UUT_MASTER/U_ICON_INTERFACE/U_CMD3/stat_reg_reg[1]/C
                            (rising edge-triggered cell FDRE)
  Destination:            dbg_hub/inst/BSCANID.u_xsdbm_id/CORE_XSDB.UUT_MASTER/U_ICON_INTERFACE/U_CMD3/stat_reg_1_reg[1]/D
                            (rising edge-triggered cell FDRE clocked by dbg_hub/inst/BSCANID.u_xsdbm_id/SWITCH_N_EXT_BSCAN.bscan_inst/SERIES7_BSCAN.bscan_inst/TCK  {rise@0.000ns fall@16.500ns period=33.000ns})
  Path Group:             (none)
  Path Type:              Hold (Min at Fast Process Corner)
  Data Path Delay:        0.261ns  (logic 0.148ns (56.607%)  route 0.113ns (43.393%))
  Logic Levels:           1  (FDRE=1)
  Clock Uncertainty:      0.025ns  ((TSJ^2 + TIJ^2)^1/2 + DJ) / 2 + PE
    Total System Jitter     (TSJ):    0.050ns
    Total Input Jitter      (TIJ):    0.000ns
    Discrete Jitter          (DJ):    0.000ns
    Phase Error              (PE):    0.000ns
  Timing Exception:       False Path

    Location             Delay type                Incr(ns)  Path(ns)    Netlist Resource(s)
  -------------------------------------------------------------------    -------------------
    SLICE_X34Y50         FDRE                         0.000     0.000 r  dbg_hub/inst/BSCANID.u_xsdbm_id/CORE_XSDB.UUT_MASTER/U_ICON_INTERFACE/U_CMD3/stat_reg_reg[1]/C
    SLICE_X34Y50         FDRE (Prop_fdre_C_Q)         0.148     0.148 r  dbg_hub/inst/BSCANID.u_xsdbm_id/CORE_XSDB.UUT_MASTER/U_ICON_INTERFACE/U_CMD3/stat_reg_reg[1]/Q
                         net (fo=1, routed)           0.113     0.261    dbg_hub/inst/BSCANID.u_xsdbm_id/CORE_XSDB.UUT_MASTER/U_ICON_INTERFACE/U_CMD3/stat_reg[1]
    SLICE_X34Y51         FDRE                                         r  dbg_hub/inst/BSCANID.u_xsdbm_id/CORE_XSDB.UUT_MASTER/U_ICON_INTERFACE/U_CMD3/stat_reg_1_reg[1]/D
  -------------------------------------------------------------------    -------------------

                         (clock dbg_hub/inst/BSCANID.u_xsdbm_id/SWITCH_N_EXT_BSCAN.bscan_inst/SERIES7_BSCAN.bscan_inst/TCK rise edge)
                                                      0.000     0.000 r  
    BSCAN_X0Y0           BSCANE2                      0.000     0.000 r  dbg_hub/inst/BSCANID.u_xsdbm_id/SWITCH_N_EXT_BSCAN.bscan_inst/SERIES7_BSCAN.bscan_inst/TCK
                         net (fo=1, routed)           0.791     0.791    dbg_hub/inst/BSCANID.u_xsdbm_id/tck_bs
    BUFGCTRL_X0Y1        BUFG (Prop_bufg_I_O)         0.029     0.820 r  dbg_hub/inst/BSCANID.u_xsdbm_id/SWITCH_N_EXT_BSCAN.u_bufg_icon_tck/O
                         net (fo=482, routed)         0.829     1.650    dbg_hub/inst/BSCANID.u_xsdbm_id/CORE_XSDB.UUT_MASTER/U_ICON_INTERFACE/U_CMD3/m_bscan_tck[0]
    SLICE_X34Y51         FDRE                                         r  dbg_hub/inst/BSCANID.u_xsdbm_id/CORE_XSDB.UUT_MASTER/U_ICON_INTERFACE/U_CMD3/stat_reg_1_reg[1]/C

Slack:                    inf
  Source:                 dbg_hub/inst/BSCANID.u_xsdbm_id/CORE_XSDB.UUT_MASTER/U_ICON_INTERFACE/U_CMD2/stat_reg_reg[3]/C
                            (rising edge-triggered cell FDRE)
  Destination:            dbg_hub/inst/BSCANID.u_xsdbm_id/CORE_XSDB.UUT_MASTER/U_ICON_INTERFACE/U_CMD2/stat_reg_1_reg[3]/D
                            (rising edge-triggered cell FDRE clocked by dbg_hub/inst/BSCANID.u_xsdbm_id/SWITCH_N_EXT_BSCAN.bscan_inst/SERIES7_BSCAN.bscan_inst/TCK  {rise@0.000ns fall@16.500ns period=33.000ns})
  Path Group:             (none)
  Path Type:              Hold (Min at Fast Process Corner)
  Data Path Delay:        0.302ns  (logic 0.128ns (42.400%)  route 0.174ns (57.600%))
  Logic Levels:           1  (FDRE=1)
  Clock Uncertainty:      0.025ns  ((TSJ^2 + TIJ^2)^1/2 + DJ) / 2 + PE
    Total System Jitter     (TSJ):    0.050ns
    Total Input Jitter      (TIJ):    0.000ns
    Discrete Jitter          (DJ):    0.000ns
    Phase Error              (PE):    0.000ns
  Timing Exception:       False Path

    Location             Delay type                Incr(ns)  Path(ns)    Netlist Resource(s)
  -------------------------------------------------------------------    -------------------
    SLICE_X41Y50         FDRE                         0.000     0.000 r  dbg_hub/inst/BSCANID.u_xsdbm_id/CORE_XSDB.UUT_MASTER/U_ICON_INTERFACE/U_CMD2/stat_reg_reg[3]/C
    SLICE_X41Y50         FDRE (Prop_fdre_C_Q)         0.128     0.128 r  dbg_hub/inst/BSCANID.u_xsdbm_id/CORE_XSDB.UUT_MASTER/U_ICON_INTERFACE/U_CMD2/stat_reg_reg[3]/Q
                         net (fo=1, routed)           0.174     0.302    dbg_hub/inst/BSCANID.u_xsdbm_id/CORE_XSDB.UUT_MASTER/U_ICON_INTERFACE/U_CMD2/stat_reg[3]
    SLICE_X41Y51         FDRE                                         r  dbg_hub/inst/BSCANID.u_xsdbm_id/CORE_XSDB.UUT_MASTER/U_ICON_INTERFACE/U_CMD2/stat_reg_1_reg[3]/D
  -------------------------------------------------------------------    -------------------

                         (clock dbg_hub/inst/BSCANID.u_xsdbm_id/SWITCH_N_EXT_BSCAN.bscan_inst/SERIES7_BSCAN.bscan_inst/TCK rise edge)
                                                      0.000     0.000 r  
    BSCAN_X0Y0           BSCANE2                      0.000     0.000 r  dbg_hub/inst/BSCANID.u_xsdbm_id/SWITCH_N_EXT_BSCAN.bscan_inst/SERIES7_BSCAN.bscan_inst/TCK
                         net (fo=1, routed)           0.791     0.791    dbg_hub/inst/BSCANID.u_xsdbm_id/tck_bs
    BUFGCTRL_X0Y1        BUFG (Prop_bufg_I_O)         0.029     0.820 r  dbg_hub/inst/BSCANID.u_xsdbm_id/SWITCH_N_EXT_BSCAN.u_bufg_icon_tck/O
                         net (fo=482, routed)         0.832     1.652    dbg_hub/inst/BSCANID.u_xsdbm_id/CORE_XSDB.UUT_MASTER/U_ICON_INTERFACE/U_CMD2/m_bscan_tck[0]
    SLICE_X41Y51         FDRE                                         r  dbg_hub/inst/BSCANID.u_xsdbm_id/CORE_XSDB.UUT_MASTER/U_ICON_INTERFACE/U_CMD2/stat_reg_1_reg[3]/C

Slack:                    inf
  Source:                 dbg_hub/inst/BSCANID.u_xsdbm_id/CORE_XSDB.UUT_MASTER/U_ICON_INTERFACE/U_CMD3/stat_reg_reg[2]/C
                            (rising edge-triggered cell FDRE)
  Destination:            dbg_hub/inst/BSCANID.u_xsdbm_id/CORE_XSDB.UUT_MASTER/U_ICON_INTERFACE/U_CMD3/stat_reg_1_reg[2]/D
                            (rising edge-triggered cell FDRE clocked by dbg_hub/inst/BSCANID.u_xsdbm_id/SWITCH_N_EXT_BSCAN.bscan_inst/SERIES7_BSCAN.bscan_inst/TCK  {rise@0.000ns fall@16.500ns period=33.000ns})
  Path Group:             (none)
  Path Type:              Hold (Min at Fast Process Corner)
  Data Path Delay:        0.302ns  (logic 0.128ns (42.400%)  route 0.174ns (57.600%))
  Logic Levels:           1  (FDRE=1)
  Clock Uncertainty:      0.025ns  ((TSJ^2 + TIJ^2)^1/2 + DJ) / 2 + PE
    Total System Jitter     (TSJ):    0.050ns
    Total Input Jitter      (TIJ):    0.000ns
    Discrete Jitter          (DJ):    0.000ns
    Phase Error              (PE):    0.000ns
  Timing Exception:       False Path

    Location             Delay type                Incr(ns)  Path(ns)    Netlist Resource(s)
  -------------------------------------------------------------------    -------------------
    SLICE_X33Y50         FDRE                         0.000     0.000 r  dbg_hub/inst/BSCANID.u_xsdbm_id/CORE_XSDB.UUT_MASTER/U_ICON_INTERFACE/U_CMD3/stat_reg_reg[2]/C
    SLICE_X33Y50         FDRE (Prop_fdre_C_Q)         0.128     0.128 r  dbg_hub/inst/BSCANID.u_xsdbm_id/CORE_XSDB.UUT_MASTER/U_ICON_INTERFACE/U_CMD3/stat_reg_reg[2]/Q
                         net (fo=1, routed)           0.174     0.302    dbg_hub/inst/BSCANID.u_xsdbm_id/CORE_XSDB.UUT_MASTER/U_ICON_INTERFACE/U_CMD3/stat_reg[2]
    SLICE_X33Y51         FDRE                                         r  dbg_hub/inst/BSCANID.u_xsdbm_id/CORE_XSDB.UUT_MASTER/U_ICON_INTERFACE/U_CMD3/stat_reg_1_reg[2]/D
  -------------------------------------------------------------------    -------------------

                         (clock dbg_hub/inst/BSCANID.u_xsdbm_id/SWITCH_N_EXT_BSCAN.bscan_inst/SERIES7_BSCAN.bscan_inst/TCK rise edge)
                                                      0.000     0.000 r  
    BSCAN_X0Y0           BSCANE2                      0.000     0.000 r  dbg_hub/inst/BSCANID.u_xsdbm_id/SWITCH_N_EXT_BSCAN.bscan_inst/SERIES7_BSCAN.bscan_inst/TCK
                         net (fo=1, routed)           0.791     0.791    dbg_hub/inst/BSCANID.u_xsdbm_id/tck_bs
    BUFGCTRL_X0Y1        BUFG (Prop_bufg_I_O)         0.029     0.820 r  dbg_hub/inst/BSCANID.u_xsdbm_id/SWITCH_N_EXT_BSCAN.u_bufg_icon_tck/O
                         net (fo=482, routed)         0.830     1.651    dbg_hub/inst/BSCANID.u_xsdbm_id/CORE_XSDB.UUT_MASTER/U_ICON_INTERFACE/U_CMD3/m_bscan_tck[0]
    SLICE_X33Y51         FDRE                                         r  dbg_hub/inst/BSCANID.u_xsdbm_id/CORE_XSDB.UUT_MASTER/U_ICON_INTERFACE/U_CMD3/stat_reg_1_reg[2]/C

Slack:                    inf
  Source:                 dbg_hub/inst/BSCANID.u_xsdbm_id/CORE_XSDB.UUT_MASTER/U_ICON_INTERFACE/U_CMD2/stat_reg_reg[0]/C
                            (rising edge-triggered cell FDRE)
  Destination:            dbg_hub/inst/BSCANID.u_xsdbm_id/CORE_XSDB.UUT_MASTER/U_ICON_INTERFACE/U_CMD2/stat_reg_1_reg[0]/D
                            (rising edge-triggered cell FDRE clocked by dbg_hub/inst/BSCANID.u_xsdbm_id/SWITCH_N_EXT_BSCAN.bscan_inst/SERIES7_BSCAN.bscan_inst/TCK  {rise@0.000ns fall@16.500ns period=33.000ns})
  Path Group:             (none)
  Path Type:              Hold (Min at Fast Process Corner)
  Data Path Delay:        0.304ns  (logic 0.128ns (42.121%)  route 0.176ns (57.879%))
  Logic Levels:           1  (FDRE=1)
  Clock Uncertainty:      0.025ns  ((TSJ^2 + TIJ^2)^1/2 + DJ) / 2 + PE
    Total System Jitter     (TSJ):    0.050ns
    Total Input Jitter      (TIJ):    0.000ns
    Discrete Jitter          (DJ):    0.000ns
    Phase Error              (PE):    0.000ns
  Timing Exception:       False Path

    Location             Delay type                Incr(ns)  Path(ns)    Netlist Resource(s)
  -------------------------------------------------------------------    -------------------
    SLICE_X41Y53         FDRE                         0.000     0.000 r  dbg_hub/inst/BSCANID.u_xsdbm_id/CORE_XSDB.UUT_MASTER/U_ICON_INTERFACE/U_CMD2/stat_reg_reg[0]/C
    SLICE_X41Y53         FDRE (Prop_fdre_C_Q)         0.128     0.128 r  dbg_hub/inst/BSCANID.u_xsdbm_id/CORE_XSDB.UUT_MASTER/U_ICON_INTERFACE/U_CMD2/stat_reg_reg[0]/Q
                         net (fo=1, routed)           0.176     0.304    dbg_hub/inst/BSCANID.u_xsdbm_id/CORE_XSDB.UUT_MASTER/U_ICON_INTERFACE/U_CMD2/stat_reg[0]
    SLICE_X41Y54         FDRE                                         r  dbg_hub/inst/BSCANID.u_xsdbm_id/CORE_XSDB.UUT_MASTER/U_ICON_INTERFACE/U_CMD2/stat_reg_1_reg[0]/D
  -------------------------------------------------------------------    -------------------

                         (clock dbg_hub/inst/BSCANID.u_xsdbm_id/SWITCH_N_EXT_BSCAN.bscan_inst/SERIES7_BSCAN.bscan_inst/TCK rise edge)
                                                      0.000     0.000 r  
    BSCAN_X0Y0           BSCANE2                      0.000     0.000 r  dbg_hub/inst/BSCANID.u_xsdbm_id/SWITCH_N_EXT_BSCAN.bscan_inst/SERIES7_BSCAN.bscan_inst/TCK
                         net (fo=1, routed)           0.791     0.791    dbg_hub/inst/BSCANID.u_xsdbm_id/tck_bs
    BUFGCTRL_X0Y1        BUFG (Prop_bufg_I_O)         0.029     0.820 r  dbg_hub/inst/BSCANID.u_xsdbm_id/SWITCH_N_EXT_BSCAN.u_bufg_icon_tck/O
                         net (fo=482, routed)         0.831     1.651    dbg_hub/inst/BSCANID.u_xsdbm_id/CORE_XSDB.UUT_MASTER/U_ICON_INTERFACE/U_CMD2/m_bscan_tck[0]
    SLICE_X41Y54         FDRE                                         r  dbg_hub/inst/BSCANID.u_xsdbm_id/CORE_XSDB.UUT_MASTER/U_ICON_INTERFACE/U_CMD2/stat_reg_1_reg[0]/C





--------------------------------------------------------------------------------------
Path Group:  (none)
From Clock:  
  To Clock:  

Max Delay          3015 Endpoints
Min Delay          3015 Endpoints
--------------------------------------------------------------------------------------


Max Delay Paths
--------------------------------------------------------------------------------------
Slack:                    inf
  Source:                 design_1_i/ila_0/inst/ila_core_inst/u_ila_regs/U_XSDB_SLAVE/G_1PIPE_IFACE.s_daddr_r_reg[0]/C
                            (rising edge-triggered cell FDRE)
  Destination:            design_1_i/ila_0/inst/ila_core_inst/xsdb_memory_read_inst/read_addr_reg[4]/CE
  Path Group:             (none)
  Path Type:              Max at Slow Process Corner
  Data Path Delay:        9.181ns  (logic 1.014ns (11.045%)  route 8.167ns (88.955%))
  Logic Levels:           5  (FDRE=1 LUT3=1 LUT4=2 LUT6=1)

    Location             Delay type                Incr(ns)  Path(ns)    Netlist Resource(s)
  -------------------------------------------------------------------    -------------------
    SLICE_X38Y38         FDRE                         0.000     0.000 r  design_1_i/ila_0/inst/ila_core_inst/u_ila_regs/U_XSDB_SLAVE/G_1PIPE_IFACE.s_daddr_r_reg[0]/C
    SLICE_X38Y38         FDRE (Prop_fdre_C_Q)         0.518     0.518 r  design_1_i/ila_0/inst/ila_core_inst/u_ila_regs/U_XSDB_SLAVE/G_1PIPE_IFACE.s_daddr_r_reg[0]/Q
                         net (fo=173, routed)         4.128     4.646    design_1_i/ila_0/inst/ila_core_inst/u_ila_regs/reg_stream_ffe/s_daddr_i[0]
    SLICE_X40Y28         LUT4 (Prop_lut4_I2_O)        0.124     4.770 f  design_1_i/ila_0/inst/ila_core_inst/u_ila_regs/reg_stream_ffe/en_o_INST_0/O
                         net (fo=6, routed)           0.992     5.762    design_1_i/ila_0/inst/ila_core_inst/xsdb_memory_read_inst/EN_I
    SLICE_X51Y28         LUT4 (Prop_lut4_I3_O)        0.124     5.886 f  design_1_i/ila_0/inst/ila_core_inst/xsdb_memory_read_inst/read_addr[9]_i_7/O
                         net (fo=1, routed)           0.670     6.557    design_1_i/ila_0/inst/ila_core_inst/xsdb_memory_read_inst/read_addr[9]_i_7_n_0
    SLICE_X51Y28         LUT6 (Prop_lut6_I3_O)        0.124     6.681 r  design_1_i/ila_0/inst/ila_core_inst/xsdb_memory_read_inst/read_addr[9]_i_3/O
                         net (fo=13, routed)          1.359     8.040    design_1_i/ila_0/inst/ila_core_inst/xsdb_memory_read_inst/next_state__0[0]
    SLICE_X46Y24         LUT3 (Prop_lut3_I0_O)        0.124     8.164 r  design_1_i/ila_0/inst/ila_core_inst/xsdb_memory_read_inst/read_addr[9]_i_1/O
                         net (fo=10, routed)          1.017     9.181    design_1_i/ila_0/inst/ila_core_inst/xsdb_memory_read_inst/read_addr0
    SLICE_X47Y22         FDRE                                         r  design_1_i/ila_0/inst/ila_core_inst/xsdb_memory_read_inst/read_addr_reg[4]/CE
  -------------------------------------------------------------------    -------------------

Slack:                    inf
  Source:                 design_1_i/ila_0/inst/ila_core_inst/u_ila_regs/U_XSDB_SLAVE/G_1PIPE_IFACE.s_daddr_r_reg[0]/C
                            (rising edge-triggered cell FDRE)
  Destination:            design_1_i/ila_0/inst/ila_core_inst/xsdb_memory_read_inst/read_addr_reg[5]/CE
  Path Group:             (none)
  Path Type:              Max at Slow Process Corner
  Data Path Delay:        9.181ns  (logic 1.014ns (11.045%)  route 8.167ns (88.955%))
  Logic Levels:           5  (FDRE=1 LUT3=1 LUT4=2 LUT6=1)

    Location             Delay type                Incr(ns)  Path(ns)    Netlist Resource(s)
  -------------------------------------------------------------------    -------------------
    SLICE_X38Y38         FDRE                         0.000     0.000 r  design_1_i/ila_0/inst/ila_core_inst/u_ila_regs/U_XSDB_SLAVE/G_1PIPE_IFACE.s_daddr_r_reg[0]/C
    SLICE_X38Y38         FDRE (Prop_fdre_C_Q)         0.518     0.518 r  design_1_i/ila_0/inst/ila_core_inst/u_ila_regs/U_XSDB_SLAVE/G_1PIPE_IFACE.s_daddr_r_reg[0]/Q
                         net (fo=173, routed)         4.128     4.646    design_1_i/ila_0/inst/ila_core_inst/u_ila_regs/reg_stream_ffe/s_daddr_i[0]
    SLICE_X40Y28         LUT4 (Prop_lut4_I2_O)        0.124     4.770 f  design_1_i/ila_0/inst/ila_core_inst/u_ila_regs/reg_stream_ffe/en_o_INST_0/O
                         net (fo=6, routed)           0.992     5.762    design_1_i/ila_0/inst/ila_core_inst/xsdb_memory_read_inst/EN_I
    SLICE_X51Y28         LUT4 (Prop_lut4_I3_O)        0.124     5.886 f  design_1_i/ila_0/inst/ila_core_inst/xsdb_memory_read_inst/read_addr[9]_i_7/O
                         net (fo=1, routed)           0.670     6.557    design_1_i/ila_0/inst/ila_core_inst/xsdb_memory_read_inst/read_addr[9]_i_7_n_0
    SLICE_X51Y28         LUT6 (Prop_lut6_I3_O)        0.124     6.681 r  design_1_i/ila_0/inst/ila_core_inst/xsdb_memory_read_inst/read_addr[9]_i_3/O
                         net (fo=13, routed)          1.359     8.040    design_1_i/ila_0/inst/ila_core_inst/xsdb_memory_read_inst/next_state__0[0]
    SLICE_X46Y24         LUT3 (Prop_lut3_I0_O)        0.124     8.164 r  design_1_i/ila_0/inst/ila_core_inst/xsdb_memory_read_inst/read_addr[9]_i_1/O
                         net (fo=10, routed)          1.017     9.181    design_1_i/ila_0/inst/ila_core_inst/xsdb_memory_read_inst/read_addr0
    SLICE_X47Y22         FDRE                                         r  design_1_i/ila_0/inst/ila_core_inst/xsdb_memory_read_inst/read_addr_reg[5]/CE
  -------------------------------------------------------------------    -------------------

Slack:                    inf
  Source:                 design_1_i/ila_0/inst/ila_core_inst/u_ila_regs/U_XSDB_SLAVE/G_1PIPE_IFACE.s_daddr_r_reg[0]/C
                            (rising edge-triggered cell FDRE)
  Destination:            design_1_i/ila_0/inst/ila_core_inst/xsdb_memory_read_inst/read_addr_reg[1]/CE
  Path Group:             (none)
  Path Type:              Max at Slow Process Corner
  Data Path Delay:        8.843ns  (logic 1.014ns (11.467%)  route 7.829ns (88.533%))
  Logic Levels:           5  (FDRE=1 LUT3=1 LUT4=2 LUT6=1)

    Location             Delay type                Incr(ns)  Path(ns)    Netlist Resource(s)
  -------------------------------------------------------------------    -------------------
    SLICE_X38Y38         FDRE                         0.000     0.000 r  design_1_i/ila_0/inst/ila_core_inst/u_ila_regs/U_XSDB_SLAVE/G_1PIPE_IFACE.s_daddr_r_reg[0]/C
    SLICE_X38Y38         FDRE (Prop_fdre_C_Q)         0.518     0.518 r  design_1_i/ila_0/inst/ila_core_inst/u_ila_regs/U_XSDB_SLAVE/G_1PIPE_IFACE.s_daddr_r_reg[0]/Q
                         net (fo=173, routed)         4.128     4.646    design_1_i/ila_0/inst/ila_core_inst/u_ila_regs/reg_stream_ffe/s_daddr_i[0]
    SLICE_X40Y28         LUT4 (Prop_lut4_I2_O)        0.124     4.770 f  design_1_i/ila_0/inst/ila_core_inst/u_ila_regs/reg_stream_ffe/en_o_INST_0/O
                         net (fo=6, routed)           0.992     5.762    design_1_i/ila_0/inst/ila_core_inst/xsdb_memory_read_inst/EN_I
    SLICE_X51Y28         LUT4 (Prop_lut4_I3_O)        0.124     5.886 f  design_1_i/ila_0/inst/ila_core_inst/xsdb_memory_read_inst/read_addr[9]_i_7/O
                         net (fo=1, routed)           0.670     6.557    design_1_i/ila_0/inst/ila_core_inst/xsdb_memory_read_inst/read_addr[9]_i_7_n_0
    SLICE_X51Y28         LUT6 (Prop_lut6_I3_O)        0.124     6.681 r  design_1_i/ila_0/inst/ila_core_inst/xsdb_memory_read_inst/read_addr[9]_i_3/O
                         net (fo=13, routed)          1.359     8.040    design_1_i/ila_0/inst/ila_core_inst/xsdb_memory_read_inst/next_state__0[0]
    SLICE_X46Y24         LUT3 (Prop_lut3_I0_O)        0.124     8.164 r  design_1_i/ila_0/inst/ila_core_inst/xsdb_memory_read_inst/read_addr[9]_i_1/O
                         net (fo=10, routed)          0.679     8.843    design_1_i/ila_0/inst/ila_core_inst/xsdb_memory_read_inst/read_addr0
    SLICE_X47Y23         FDRE                                         r  design_1_i/ila_0/inst/ila_core_inst/xsdb_memory_read_inst/read_addr_reg[1]/CE
  -------------------------------------------------------------------    -------------------

Slack:                    inf
  Source:                 design_1_i/ila_0/inst/ila_core_inst/u_ila_regs/U_XSDB_SLAVE/G_1PIPE_IFACE.s_daddr_r_reg[0]/C
                            (rising edge-triggered cell FDRE)
  Destination:            design_1_i/ila_0/inst/ila_core_inst/xsdb_memory_read_inst/read_addr_reg[2]/CE
  Path Group:             (none)
  Path Type:              Max at Slow Process Corner
  Data Path Delay:        8.843ns  (logic 1.014ns (11.467%)  route 7.829ns (88.533%))
  Logic Levels:           5  (FDRE=1 LUT3=1 LUT4=2 LUT6=1)

    Location             Delay type                Incr(ns)  Path(ns)    Netlist Resource(s)
  -------------------------------------------------------------------    -------------------
    SLICE_X38Y38         FDRE                         0.000     0.000 r  design_1_i/ila_0/inst/ila_core_inst/u_ila_regs/U_XSDB_SLAVE/G_1PIPE_IFACE.s_daddr_r_reg[0]/C
    SLICE_X38Y38         FDRE (Prop_fdre_C_Q)         0.518     0.518 r  design_1_i/ila_0/inst/ila_core_inst/u_ila_regs/U_XSDB_SLAVE/G_1PIPE_IFACE.s_daddr_r_reg[0]/Q
                         net (fo=173, routed)         4.128     4.646    design_1_i/ila_0/inst/ila_core_inst/u_ila_regs/reg_stream_ffe/s_daddr_i[0]
    SLICE_X40Y28         LUT4 (Prop_lut4_I2_O)        0.124     4.770 f  design_1_i/ila_0/inst/ila_core_inst/u_ila_regs/reg_stream_ffe/en_o_INST_0/O
                         net (fo=6, routed)           0.992     5.762    design_1_i/ila_0/inst/ila_core_inst/xsdb_memory_read_inst/EN_I
    SLICE_X51Y28         LUT4 (Prop_lut4_I3_O)        0.124     5.886 f  design_1_i/ila_0/inst/ila_core_inst/xsdb_memory_read_inst/read_addr[9]_i_7/O
                         net (fo=1, routed)           0.670     6.557    design_1_i/ila_0/inst/ila_core_inst/xsdb_memory_read_inst/read_addr[9]_i_7_n_0
    SLICE_X51Y28         LUT6 (Prop_lut6_I3_O)        0.124     6.681 r  design_1_i/ila_0/inst/ila_core_inst/xsdb_memory_read_inst/read_addr[9]_i_3/O
                         net (fo=13, routed)          1.359     8.040    design_1_i/ila_0/inst/ila_core_inst/xsdb_memory_read_inst/next_state__0[0]
    SLICE_X46Y24         LUT3 (Prop_lut3_I0_O)        0.124     8.164 r  design_1_i/ila_0/inst/ila_core_inst/xsdb_memory_read_inst/read_addr[9]_i_1/O
                         net (fo=10, routed)          0.679     8.843    design_1_i/ila_0/inst/ila_core_inst/xsdb_memory_read_inst/read_addr0
    SLICE_X47Y23         FDRE                                         r  design_1_i/ila_0/inst/ila_core_inst/xsdb_memory_read_inst/read_addr_reg[2]/CE
  -------------------------------------------------------------------    -------------------

Slack:                    inf
  Source:                 design_1_i/ila_0/inst/ila_core_inst/u_ila_regs/U_XSDB_SLAVE/G_1PIPE_IFACE.s_daddr_r_reg[0]/C
                            (rising edge-triggered cell FDRE)
  Destination:            design_1_i/ila_0/inst/ila_core_inst/xsdb_memory_read_inst/read_addr_reg[7]/CE
  Path Group:             (none)
  Path Type:              Max at Slow Process Corner
  Data Path Delay:        8.843ns  (logic 1.014ns (11.467%)  route 7.829ns (88.533%))
  Logic Levels:           5  (FDRE=1 LUT3=1 LUT4=2 LUT6=1)

    Location             Delay type                Incr(ns)  Path(ns)    Netlist Resource(s)
  -------------------------------------------------------------------    -------------------
    SLICE_X38Y38         FDRE                         0.000     0.000 r  design_1_i/ila_0/inst/ila_core_inst/u_ila_regs/U_XSDB_SLAVE/G_1PIPE_IFACE.s_daddr_r_reg[0]/C
    SLICE_X38Y38         FDRE (Prop_fdre_C_Q)         0.518     0.518 r  design_1_i/ila_0/inst/ila_core_inst/u_ila_regs/U_XSDB_SLAVE/G_1PIPE_IFACE.s_daddr_r_reg[0]/Q
                         net (fo=173, routed)         4.128     4.646    design_1_i/ila_0/inst/ila_core_inst/u_ila_regs/reg_stream_ffe/s_daddr_i[0]
    SLICE_X40Y28         LUT4 (Prop_lut4_I2_O)        0.124     4.770 f  design_1_i/ila_0/inst/ila_core_inst/u_ila_regs/reg_stream_ffe/en_o_INST_0/O
                         net (fo=6, routed)           0.992     5.762    design_1_i/ila_0/inst/ila_core_inst/xsdb_memory_read_inst/EN_I
    SLICE_X51Y28         LUT4 (Prop_lut4_I3_O)        0.124     5.886 f  design_1_i/ila_0/inst/ila_core_inst/xsdb_memory_read_inst/read_addr[9]_i_7/O
                         net (fo=1, routed)           0.670     6.557    design_1_i/ila_0/inst/ila_core_inst/xsdb_memory_read_inst/read_addr[9]_i_7_n_0
    SLICE_X51Y28         LUT6 (Prop_lut6_I3_O)        0.124     6.681 r  design_1_i/ila_0/inst/ila_core_inst/xsdb_memory_read_inst/read_addr[9]_i_3/O
                         net (fo=13, routed)          1.359     8.040    design_1_i/ila_0/inst/ila_core_inst/xsdb_memory_read_inst/next_state__0[0]
    SLICE_X46Y24         LUT3 (Prop_lut3_I0_O)        0.124     8.164 r  design_1_i/ila_0/inst/ila_core_inst/xsdb_memory_read_inst/read_addr[9]_i_1/O
                         net (fo=10, routed)          0.679     8.843    design_1_i/ila_0/inst/ila_core_inst/xsdb_memory_read_inst/read_addr0
    SLICE_X47Y23         FDRE                                         r  design_1_i/ila_0/inst/ila_core_inst/xsdb_memory_read_inst/read_addr_reg[7]/CE
  -------------------------------------------------------------------    -------------------

Slack:                    inf
  Source:                 design_1_i/ila_0/inst/ila_core_inst/u_ila_regs/U_XSDB_SLAVE/G_1PIPE_IFACE.s_daddr_r_reg[0]/C
                            (rising edge-triggered cell FDRE)
  Destination:            design_1_i/ila_0/inst/ila_core_inst/xsdb_memory_read_inst/read_addr_reg[3]/CE
  Path Group:             (none)
  Path Type:              Max at Slow Process Corner
  Data Path Delay:        8.827ns  (logic 1.014ns (11.487%)  route 7.813ns (88.513%))
  Logic Levels:           5  (FDRE=1 LUT3=1 LUT4=2 LUT6=1)

    Location             Delay type                Incr(ns)  Path(ns)    Netlist Resource(s)
  -------------------------------------------------------------------    -------------------
    SLICE_X38Y38         FDRE                         0.000     0.000 r  design_1_i/ila_0/inst/ila_core_inst/u_ila_regs/U_XSDB_SLAVE/G_1PIPE_IFACE.s_daddr_r_reg[0]/C
    SLICE_X38Y38         FDRE (Prop_fdre_C_Q)         0.518     0.518 r  design_1_i/ila_0/inst/ila_core_inst/u_ila_regs/U_XSDB_SLAVE/G_1PIPE_IFACE.s_daddr_r_reg[0]/Q
                         net (fo=173, routed)         4.128     4.646    design_1_i/ila_0/inst/ila_core_inst/u_ila_regs/reg_stream_ffe/s_daddr_i[0]
    SLICE_X40Y28         LUT4 (Prop_lut4_I2_O)        0.124     4.770 f  design_1_i/ila_0/inst/ila_core_inst/u_ila_regs/reg_stream_ffe/en_o_INST_0/O
                         net (fo=6, routed)           0.992     5.762    design_1_i/ila_0/inst/ila_core_inst/xsdb_memory_read_inst/EN_I
    SLICE_X51Y28         LUT4 (Prop_lut4_I3_O)        0.124     5.886 f  design_1_i/ila_0/inst/ila_core_inst/xsdb_memory_read_inst/read_addr[9]_i_7/O
                         net (fo=1, routed)           0.670     6.557    design_1_i/ila_0/inst/ila_core_inst/xsdb_memory_read_inst/read_addr[9]_i_7_n_0
    SLICE_X51Y28         LUT6 (Prop_lut6_I3_O)        0.124     6.681 r  design_1_i/ila_0/inst/ila_core_inst/xsdb_memory_read_inst/read_addr[9]_i_3/O
                         net (fo=13, routed)          1.359     8.040    design_1_i/ila_0/inst/ila_core_inst/xsdb_memory_read_inst/next_state__0[0]
    SLICE_X46Y24         LUT3 (Prop_lut3_I0_O)        0.124     8.164 r  design_1_i/ila_0/inst/ila_core_inst/xsdb_memory_read_inst/read_addr[9]_i_1/O
                         net (fo=10, routed)          0.663     8.827    design_1_i/ila_0/inst/ila_core_inst/xsdb_memory_read_inst/read_addr0
    SLICE_X45Y22         FDRE                                         r  design_1_i/ila_0/inst/ila_core_inst/xsdb_memory_read_inst/read_addr_reg[3]/CE
  -------------------------------------------------------------------    -------------------

Slack:                    inf
  Source:                 design_1_i/ila_0/inst/ila_core_inst/u_ila_regs/U_XSDB_SLAVE/G_1PIPE_IFACE.s_daddr_r_reg[0]/C
                            (rising edge-triggered cell FDRE)
  Destination:            design_1_i/ila_0/inst/ila_core_inst/xsdb_memory_read_inst/read_addr_reg[6]/CE
  Path Group:             (none)
  Path Type:              Max at Slow Process Corner
  Data Path Delay:        8.827ns  (logic 1.014ns (11.487%)  route 7.813ns (88.513%))
  Logic Levels:           5  (FDRE=1 LUT3=1 LUT4=2 LUT6=1)

    Location             Delay type                Incr(ns)  Path(ns)    Netlist Resource(s)
  -------------------------------------------------------------------    -------------------
    SLICE_X38Y38         FDRE                         0.000     0.000 r  design_1_i/ila_0/inst/ila_core_inst/u_ila_regs/U_XSDB_SLAVE/G_1PIPE_IFACE.s_daddr_r_reg[0]/C
    SLICE_X38Y38         FDRE (Prop_fdre_C_Q)         0.518     0.518 r  design_1_i/ila_0/inst/ila_core_inst/u_ila_regs/U_XSDB_SLAVE/G_1PIPE_IFACE.s_daddr_r_reg[0]/Q
                         net (fo=173, routed)         4.128     4.646    design_1_i/ila_0/inst/ila_core_inst/u_ila_regs/reg_stream_ffe/s_daddr_i[0]
    SLICE_X40Y28         LUT4 (Prop_lut4_I2_O)        0.124     4.770 f  design_1_i/ila_0/inst/ila_core_inst/u_ila_regs/reg_stream_ffe/en_o_INST_0/O
                         net (fo=6, routed)           0.992     5.762    design_1_i/ila_0/inst/ila_core_inst/xsdb_memory_read_inst/EN_I
    SLICE_X51Y28         LUT4 (Prop_lut4_I3_O)        0.124     5.886 f  design_1_i/ila_0/inst/ila_core_inst/xsdb_memory_read_inst/read_addr[9]_i_7/O
                         net (fo=1, routed)           0.670     6.557    design_1_i/ila_0/inst/ila_core_inst/xsdb_memory_read_inst/read_addr[9]_i_7_n_0
    SLICE_X51Y28         LUT6 (Prop_lut6_I3_O)        0.124     6.681 r  design_1_i/ila_0/inst/ila_core_inst/xsdb_memory_read_inst/read_addr[9]_i_3/O
                         net (fo=13, routed)          1.359     8.040    design_1_i/ila_0/inst/ila_core_inst/xsdb_memory_read_inst/next_state__0[0]
    SLICE_X46Y24         LUT3 (Prop_lut3_I0_O)        0.124     8.164 r  design_1_i/ila_0/inst/ila_core_inst/xsdb_memory_read_inst/read_addr[9]_i_1/O
                         net (fo=10, routed)          0.663     8.827    design_1_i/ila_0/inst/ila_core_inst/xsdb_memory_read_inst/read_addr0
    SLICE_X45Y22         FDRE                                         r  design_1_i/ila_0/inst/ila_core_inst/xsdb_memory_read_inst/read_addr_reg[6]/CE
  -------------------------------------------------------------------    -------------------

Slack:                    inf
  Source:                 design_1_i/ila_0/inst/ila_core_inst/u_ila_regs/U_XSDB_SLAVE/G_1PIPE_IFACE.s_daddr_r_reg[0]/C
                            (rising edge-triggered cell FDRE)
  Destination:            design_1_i/ila_0/inst/ila_core_inst/xsdb_memory_read_inst/read_addr_reg[4]/D
  Path Group:             (none)
  Path Type:              Max at Slow Process Corner
  Data Path Delay:        8.510ns  (logic 1.014ns (11.915%)  route 7.496ns (88.085%))
  Logic Levels:           5  (FDRE=1 LUT4=2 LUT5=1 LUT6=1)

    Location             Delay type                Incr(ns)  Path(ns)    Netlist Resource(s)
  -------------------------------------------------------------------    -------------------
    SLICE_X38Y38         FDRE                         0.000     0.000 r  design_1_i/ila_0/inst/ila_core_inst/u_ila_regs/U_XSDB_SLAVE/G_1PIPE_IFACE.s_daddr_r_reg[0]/C
    SLICE_X38Y38         FDRE (Prop_fdre_C_Q)         0.518     0.518 r  design_1_i/ila_0/inst/ila_core_inst/u_ila_regs/U_XSDB_SLAVE/G_1PIPE_IFACE.s_daddr_r_reg[0]/Q
                         net (fo=173, routed)         4.128     4.646    design_1_i/ila_0/inst/ila_core_inst/u_ila_regs/reg_stream_ffe/s_daddr_i[0]
    SLICE_X40Y28         LUT4 (Prop_lut4_I2_O)        0.124     4.770 f  design_1_i/ila_0/inst/ila_core_inst/u_ila_regs/reg_stream_ffe/en_o_INST_0/O
                         net (fo=6, routed)           0.992     5.762    design_1_i/ila_0/inst/ila_core_inst/xsdb_memory_read_inst/EN_I
    SLICE_X51Y28         LUT4 (Prop_lut4_I3_O)        0.124     5.886 f  design_1_i/ila_0/inst/ila_core_inst/xsdb_memory_read_inst/read_addr[9]_i_7/O
                         net (fo=1, routed)           0.670     6.557    design_1_i/ila_0/inst/ila_core_inst/xsdb_memory_read_inst/read_addr[9]_i_7_n_0
    SLICE_X51Y28         LUT6 (Prop_lut6_I3_O)        0.124     6.681 r  design_1_i/ila_0/inst/ila_core_inst/xsdb_memory_read_inst/read_addr[9]_i_3/O
                         net (fo=13, routed)          1.705     8.386    design_1_i/ila_0/inst/ila_core_inst/xsdb_memory_read_inst/next_state__0[0]
    SLICE_X47Y22         LUT5 (Prop_lut5_I0_O)        0.124     8.510 r  design_1_i/ila_0/inst/ila_core_inst/xsdb_memory_read_inst/read_addr[4]_i_1/O
                         net (fo=1, routed)           0.000     8.510    design_1_i/ila_0/inst/ila_core_inst/xsdb_memory_read_inst/read_addr[4]_i_1_n_0
    SLICE_X47Y22         FDRE                                         r  design_1_i/ila_0/inst/ila_core_inst/xsdb_memory_read_inst/read_addr_reg[4]/D
  -------------------------------------------------------------------    -------------------

Slack:                    inf
  Source:                 design_1_i/ila_0/inst/ila_core_inst/u_ila_regs/U_XSDB_SLAVE/G_1PIPE_IFACE.s_daddr_r_reg[0]/C
                            (rising edge-triggered cell FDRE)
  Destination:            design_1_i/ila_0/inst/ila_core_inst/xsdb_memory_read_inst/read_addr_reg[0]/CE
  Path Group:             (none)
  Path Type:              Max at Slow Process Corner
  Data Path Delay:        8.508ns  (logic 1.014ns (11.918%)  route 7.494ns (88.082%))
  Logic Levels:           5  (FDRE=1 LUT3=1 LUT4=2 LUT6=1)

    Location             Delay type                Incr(ns)  Path(ns)    Netlist Resource(s)
  -------------------------------------------------------------------    -------------------
    SLICE_X38Y38         FDRE                         0.000     0.000 r  design_1_i/ila_0/inst/ila_core_inst/u_ila_regs/U_XSDB_SLAVE/G_1PIPE_IFACE.s_daddr_r_reg[0]/C
    SLICE_X38Y38         FDRE (Prop_fdre_C_Q)         0.518     0.518 r  design_1_i/ila_0/inst/ila_core_inst/u_ila_regs/U_XSDB_SLAVE/G_1PIPE_IFACE.s_daddr_r_reg[0]/Q
                         net (fo=173, routed)         4.128     4.646    design_1_i/ila_0/inst/ila_core_inst/u_ila_regs/reg_stream_ffe/s_daddr_i[0]
    SLICE_X40Y28         LUT4 (Prop_lut4_I2_O)        0.124     4.770 f  design_1_i/ila_0/inst/ila_core_inst/u_ila_regs/reg_stream_ffe/en_o_INST_0/O
                         net (fo=6, routed)           0.992     5.762    design_1_i/ila_0/inst/ila_core_inst/xsdb_memory_read_inst/EN_I
    SLICE_X51Y28         LUT4 (Prop_lut4_I3_O)        0.124     5.886 f  design_1_i/ila_0/inst/ila_core_inst/xsdb_memory_read_inst/read_addr[9]_i_7/O
                         net (fo=1, routed)           0.670     6.557    design_1_i/ila_0/inst/ila_core_inst/xsdb_memory_read_inst/read_addr[9]_i_7_n_0
    SLICE_X51Y28         LUT6 (Prop_lut6_I3_O)        0.124     6.681 r  design_1_i/ila_0/inst/ila_core_inst/xsdb_memory_read_inst/read_addr[9]_i_3/O
                         net (fo=13, routed)          1.359     8.040    design_1_i/ila_0/inst/ila_core_inst/xsdb_memory_read_inst/next_state__0[0]
    SLICE_X46Y24         LUT3 (Prop_lut3_I0_O)        0.124     8.164 r  design_1_i/ila_0/inst/ila_core_inst/xsdb_memory_read_inst/read_addr[9]_i_1/O
                         net (fo=10, routed)          0.345     8.508    design_1_i/ila_0/inst/ila_core_inst/xsdb_memory_read_inst/read_addr0
    SLICE_X45Y24         FDRE                                         r  design_1_i/ila_0/inst/ila_core_inst/xsdb_memory_read_inst/read_addr_reg[0]/CE
  -------------------------------------------------------------------    -------------------

Slack:                    inf
  Source:                 design_1_i/ila_0/inst/ila_core_inst/u_ila_regs/U_XSDB_SLAVE/G_1PIPE_IFACE.s_daddr_r_reg[0]/C
                            (rising edge-triggered cell FDRE)
  Destination:            design_1_i/ila_0/inst/ila_core_inst/xsdb_memory_read_inst/read_addr_reg[8]/CE
  Path Group:             (none)
  Path Type:              Max at Slow Process Corner
  Data Path Delay:        8.508ns  (logic 1.014ns (11.918%)  route 7.494ns (88.082%))
  Logic Levels:           5  (FDRE=1 LUT3=1 LUT4=2 LUT6=1)

    Location             Delay type                Incr(ns)  Path(ns)    Netlist Resource(s)
  -------------------------------------------------------------------    -------------------
    SLICE_X38Y38         FDRE                         0.000     0.000 r  design_1_i/ila_0/inst/ila_core_inst/u_ila_regs/U_XSDB_SLAVE/G_1PIPE_IFACE.s_daddr_r_reg[0]/C
    SLICE_X38Y38         FDRE (Prop_fdre_C_Q)         0.518     0.518 r  design_1_i/ila_0/inst/ila_core_inst/u_ila_regs/U_XSDB_SLAVE/G_1PIPE_IFACE.s_daddr_r_reg[0]/Q
                         net (fo=173, routed)         4.128     4.646    design_1_i/ila_0/inst/ila_core_inst/u_ila_regs/reg_stream_ffe/s_daddr_i[0]
    SLICE_X40Y28         LUT4 (Prop_lut4_I2_O)        0.124     4.770 f  design_1_i/ila_0/inst/ila_core_inst/u_ila_regs/reg_stream_ffe/en_o_INST_0/O
                         net (fo=6, routed)           0.992     5.762    design_1_i/ila_0/inst/ila_core_inst/xsdb_memory_read_inst/EN_I
    SLICE_X51Y28         LUT4 (Prop_lut4_I3_O)        0.124     5.886 f  design_1_i/ila_0/inst/ila_core_inst/xsdb_memory_read_inst/read_addr[9]_i_7/O
                         net (fo=1, routed)           0.670     6.557    design_1_i/ila_0/inst/ila_core_inst/xsdb_memory_read_inst/read_addr[9]_i_7_n_0
    SLICE_X51Y28         LUT6 (Prop_lut6_I3_O)        0.124     6.681 r  design_1_i/ila_0/inst/ila_core_inst/xsdb_memory_read_inst/read_addr[9]_i_3/O
                         net (fo=13, routed)          1.359     8.040    design_1_i/ila_0/inst/ila_core_inst/xsdb_memory_read_inst/next_state__0[0]
    SLICE_X46Y24         LUT3 (Prop_lut3_I0_O)        0.124     8.164 r  design_1_i/ila_0/inst/ila_core_inst/xsdb_memory_read_inst/read_addr[9]_i_1/O
                         net (fo=10, routed)          0.345     8.508    design_1_i/ila_0/inst/ila_core_inst/xsdb_memory_read_inst/read_addr0
    SLICE_X45Y24         FDRE                                         r  design_1_i/ila_0/inst/ila_core_inst/xsdb_memory_read_inst/read_addr_reg[8]/CE
  -------------------------------------------------------------------    -------------------





Min Delay Paths
--------------------------------------------------------------------------------------
Slack:                    inf
  Source:                 design_1_i/ila_0/inst/ila_core_inst/u_ila_cap_ctrl/u_cap_addrgen/i_intcap.icap_addr_reg[9]/C
                            (rising edge-triggered cell FDRE)
  Destination:            design_1_i/ila_0/inst/ila_core_inst/u_ila_cap_ctrl/u_cap_addrgen/i_intcap.CAP_ADDR_O_reg[9]/D
  Path Group:             (none)
  Path Type:              Min at Fast Process Corner
  Data Path Delay:        0.182ns  (logic 0.128ns (70.172%)  route 0.054ns (29.828%))
  Logic Levels:           1  (FDRE=1)

    Location             Delay type                Incr(ns)  Path(ns)    Netlist Resource(s)
  -------------------------------------------------------------------    -------------------
    SLICE_X49Y22         FDRE                         0.000     0.000 r  design_1_i/ila_0/inst/ila_core_inst/u_ila_cap_ctrl/u_cap_addrgen/i_intcap.icap_addr_reg[9]/C
    SLICE_X49Y22         FDRE (Prop_fdre_C_Q)         0.128     0.128 r  design_1_i/ila_0/inst/ila_core_inst/u_ila_cap_ctrl/u_cap_addrgen/i_intcap.icap_addr_reg[9]/Q
                         net (fo=1, routed)           0.054     0.182    design_1_i/ila_0/inst/ila_core_inst/u_ila_cap_ctrl/u_cap_addrgen/icap_addr[9]
    SLICE_X49Y22         FDRE                                         r  design_1_i/ila_0/inst/ila_core_inst/u_ila_cap_ctrl/u_cap_addrgen/i_intcap.CAP_ADDR_O_reg[9]/D
  -------------------------------------------------------------------    -------------------

Slack:                    inf
  Source:                 dbg_hub/inst/BSCANID.u_xsdbm_id/CORE_XSDB.UUT_MASTER/U_ICON_INTERFACE/icn_cmd_en_5_temp_reg/C
                            (rising edge-triggered cell FDRE)
  Destination:            dbg_hub/inst/BSCANID.u_xsdbm_id/CORE_XSDB.UUT_MASTER/U_ICON_INTERFACE/icn_cmd_en_5_reg/D
  Path Group:             (none)
  Path Type:              Min at Fast Process Corner
  Data Path Delay:        0.190ns  (logic 0.128ns (67.443%)  route 0.062ns (32.557%))
  Logic Levels:           1  (FDRE=1)

    Location             Delay type                Incr(ns)  Path(ns)    Netlist Resource(s)
  -------------------------------------------------------------------    -------------------
    SLICE_X40Y46         FDRE                         0.000     0.000 r  dbg_hub/inst/BSCANID.u_xsdbm_id/CORE_XSDB.UUT_MASTER/U_ICON_INTERFACE/icn_cmd_en_5_temp_reg/C
    SLICE_X40Y46         FDRE (Prop_fdre_C_Q)         0.128     0.128 r  dbg_hub/inst/BSCANID.u_xsdbm_id/CORE_XSDB.UUT_MASTER/U_ICON_INTERFACE/icn_cmd_en_5_temp_reg/Q
                         net (fo=1, routed)           0.062     0.190    dbg_hub/inst/BSCANID.u_xsdbm_id/CORE_XSDB.UUT_MASTER/U_ICON_INTERFACE/icn_cmd_en_5_temp
    SLICE_X40Y46         FDRE                                         r  dbg_hub/inst/BSCANID.u_xsdbm_id/CORE_XSDB.UUT_MASTER/U_ICON_INTERFACE/icn_cmd_en_5_reg/D
  -------------------------------------------------------------------    -------------------

Slack:                    inf
  Source:                 design_1_i/ila_0/inst/ila_core_inst/u_ila_cap_ctrl/u_cap_addrgen/icap_wr_en_reg/C
                            (rising edge-triggered cell FDRE)
  Destination:            design_1_i/ila_0/inst/ila_core_inst/u_ila_cap_ctrl/u_cap_addrgen/CAP_WR_EN_O_reg/D
  Path Group:             (none)
  Path Type:              Min at Fast Process Corner
  Data Path Delay:        0.190ns  (logic 0.128ns (67.443%)  route 0.062ns (32.557%))
  Logic Levels:           1  (FDRE=1)

    Location             Delay type                Incr(ns)  Path(ns)    Netlist Resource(s)
  -------------------------------------------------------------------    -------------------
    SLICE_X48Y22         FDRE                         0.000     0.000 r  design_1_i/ila_0/inst/ila_core_inst/u_ila_cap_ctrl/u_cap_addrgen/icap_wr_en_reg/C
    SLICE_X48Y22         FDRE (Prop_fdre_C_Q)         0.128     0.128 r  design_1_i/ila_0/inst/ila_core_inst/u_ila_cap_ctrl/u_cap_addrgen/icap_wr_en_reg/Q
                         net (fo=1, routed)           0.062     0.190    design_1_i/ila_0/inst/ila_core_inst/u_ila_cap_ctrl/u_cap_addrgen/icap_wr_en
    SLICE_X48Y22         FDRE                                         r  design_1_i/ila_0/inst/ila_core_inst/u_ila_cap_ctrl/u_cap_addrgen/CAP_WR_EN_O_reg/D
  -------------------------------------------------------------------    -------------------

Slack:                    inf
  Source:                 design_1_i/ila_0/inst/ila_core_inst/u_ila_cap_ctrl/u_cap_addrgen/i_intcap.icap_addr_reg[1]/C
                            (rising edge-triggered cell FDRE)
  Destination:            design_1_i/ila_0/inst/ila_core_inst/u_ila_cap_ctrl/u_cap_addrgen/i_intcap.CAP_ADDR_O_reg[1]/D
  Path Group:             (none)
  Path Type:              Min at Fast Process Corner
  Data Path Delay:        0.190ns  (logic 0.128ns (67.443%)  route 0.062ns (32.557%))
  Logic Levels:           1  (FDRE=1)

    Location             Delay type                Incr(ns)  Path(ns)    Netlist Resource(s)
  -------------------------------------------------------------------    -------------------
    SLICE_X48Y20         FDRE                         0.000     0.000 r  design_1_i/ila_0/inst/ila_core_inst/u_ila_cap_ctrl/u_cap_addrgen/i_intcap.icap_addr_reg[1]/C
    SLICE_X48Y20         FDRE (Prop_fdre_C_Q)         0.128     0.128 r  design_1_i/ila_0/inst/ila_core_inst/u_ila_cap_ctrl/u_cap_addrgen/i_intcap.icap_addr_reg[1]/Q
                         net (fo=1, routed)           0.062     0.190    design_1_i/ila_0/inst/ila_core_inst/u_ila_cap_ctrl/u_cap_addrgen/icap_addr[1]
    SLICE_X48Y20         FDRE                                         r  design_1_i/ila_0/inst/ila_core_inst/u_ila_cap_ctrl/u_cap_addrgen/i_intcap.CAP_ADDR_O_reg[1]/D
  -------------------------------------------------------------------    -------------------

Slack:                    inf
  Source:                 design_1_i/ila_0/inst/ila_core_inst/u_ila_cap_ctrl/u_cap_addrgen/i_intcap.icap_addr_reg[2]/C
                            (rising edge-triggered cell FDRE)
  Destination:            design_1_i/ila_0/inst/ila_core_inst/u_ila_cap_ctrl/u_cap_addrgen/i_intcap.CAP_ADDR_O_reg[2]/D
  Path Group:             (none)
  Path Type:              Min at Fast Process Corner
  Data Path Delay:        0.190ns  (logic 0.128ns (67.443%)  route 0.062ns (32.557%))
  Logic Levels:           1  (FDRE=1)

    Location             Delay type                Incr(ns)  Path(ns)    Netlist Resource(s)
  -------------------------------------------------------------------    -------------------
    SLICE_X48Y19         FDRE                         0.000     0.000 r  design_1_i/ila_0/inst/ila_core_inst/u_ila_cap_ctrl/u_cap_addrgen/i_intcap.icap_addr_reg[2]/C
    SLICE_X48Y19         FDRE (Prop_fdre_C_Q)         0.128     0.128 r  design_1_i/ila_0/inst/ila_core_inst/u_ila_cap_ctrl/u_cap_addrgen/i_intcap.icap_addr_reg[2]/Q
                         net (fo=1, routed)           0.062     0.190    design_1_i/ila_0/inst/ila_core_inst/u_ila_cap_ctrl/u_cap_addrgen/icap_addr[2]
    SLICE_X48Y19         FDRE                                         r  design_1_i/ila_0/inst/ila_core_inst/u_ila_cap_ctrl/u_cap_addrgen/i_intcap.CAP_ADDR_O_reg[2]/D
  -------------------------------------------------------------------    -------------------

Slack:                    inf
  Source:                 design_1_i/ila_0/inst/ila_core_inst/u_ila_regs/reg_890/I_EN_STAT_EQ1.U_STAT/xsdb_reg_reg[8]/C
                            (rising edge-triggered cell FDRE)
  Destination:            design_1_i/ila_0/inst/ila_core_inst/u_ila_regs/slaveRegDo_mux_2_reg[8]/D
  Path Group:             (none)
  Path Type:              Min at Fast Process Corner
  Data Path Delay:        0.193ns  (logic 0.128ns (66.390%)  route 0.065ns (33.610%))
  Logic Levels:           1  (FDRE=1)

    Location             Delay type                Incr(ns)  Path(ns)    Netlist Resource(s)
  -------------------------------------------------------------------    -------------------
    SLICE_X37Y36         FDRE                         0.000     0.000 r  design_1_i/ila_0/inst/ila_core_inst/u_ila_regs/reg_890/I_EN_STAT_EQ1.U_STAT/xsdb_reg_reg[8]/C
    SLICE_X37Y36         FDRE (Prop_fdre_C_Q)         0.128     0.128 r  design_1_i/ila_0/inst/ila_core_inst/u_ila_regs/reg_890/I_EN_STAT_EQ1.U_STAT/xsdb_reg_reg[8]/Q
                         net (fo=1, routed)           0.065     0.193    design_1_i/ila_0/inst/ila_core_inst/u_ila_regs/slaveRegDo_890[8]
    SLICE_X36Y36         FDRE                                         r  design_1_i/ila_0/inst/ila_core_inst/u_ila_regs/slaveRegDo_mux_2_reg[8]/D
  -------------------------------------------------------------------    -------------------

Slack:                    inf
  Source:                 design_1_i/ila_0/inst/ila_core_inst/u_ila_cap_ctrl/u_cap_addrgen/i_intcap.icap_addr_reg[8]/C
                            (rising edge-triggered cell FDRE)
  Destination:            design_1_i/ila_0/inst/ila_core_inst/u_ila_cap_ctrl/u_cap_addrgen/i_intcap.CAP_ADDR_O_reg[8]/D
  Path Group:             (none)
  Path Type:              Min at Fast Process Corner
  Data Path Delay:        0.193ns  (logic 0.128ns (66.266%)  route 0.065ns (33.734%))
  Logic Levels:           1  (FDRE=1)

    Location             Delay type                Incr(ns)  Path(ns)    Netlist Resource(s)
  -------------------------------------------------------------------    -------------------
    SLICE_X48Y20         FDRE                         0.000     0.000 r  design_1_i/ila_0/inst/ila_core_inst/u_ila_cap_ctrl/u_cap_addrgen/i_intcap.icap_addr_reg[8]/C
    SLICE_X48Y20         FDRE (Prop_fdre_C_Q)         0.128     0.128 r  design_1_i/ila_0/inst/ila_core_inst/u_ila_cap_ctrl/u_cap_addrgen/i_intcap.icap_addr_reg[8]/Q
                         net (fo=1, routed)           0.065     0.193    design_1_i/ila_0/inst/ila_core_inst/u_ila_cap_ctrl/u_cap_addrgen/icap_addr[8]
    SLICE_X48Y20         FDRE                                         r  design_1_i/ila_0/inst/ila_core_inst/u_ila_cap_ctrl/u_cap_addrgen/i_intcap.CAP_ADDR_O_reg[8]/D
  -------------------------------------------------------------------    -------------------

Slack:                    inf
  Source:                 dbg_hub/inst/BSCANID.u_xsdbm_id/CORE_XSDB.UUT_MASTER/U_ICON_INTERFACE/U_CMD1/ctl_reg_en_1_reg[0]/C
                            (rising edge-triggered cell FDRE)
  Destination:            dbg_hub/inst/BSCANID.u_xsdbm_id/CORE_XSDB.UUT_MASTER/U_ICON_INTERFACE/U_CMD1/ctl_reg_en_1_reg[1]/D
  Path Group:             (none)
  Path Type:              Min at Fast Process Corner
  Data Path Delay:        0.197ns  (logic 0.141ns (71.611%)  route 0.056ns (28.389%))
  Logic Levels:           1  (FDRE=1)

    Location             Delay type                Incr(ns)  Path(ns)    Netlist Resource(s)
  -------------------------------------------------------------------    -------------------
    SLICE_X35Y49         FDRE                         0.000     0.000 r  dbg_hub/inst/BSCANID.u_xsdbm_id/CORE_XSDB.UUT_MASTER/U_ICON_INTERFACE/U_CMD1/ctl_reg_en_1_reg[0]/C
    SLICE_X35Y49         FDRE (Prop_fdre_C_Q)         0.141     0.141 r  dbg_hub/inst/BSCANID.u_xsdbm_id/CORE_XSDB.UUT_MASTER/U_ICON_INTERFACE/U_CMD1/ctl_reg_en_1_reg[0]/Q
                         net (fo=1, routed)           0.056     0.197    dbg_hub/inst/BSCANID.u_xsdbm_id/CORE_XSDB.UUT_MASTER/U_ICON_INTERFACE/U_CMD1/ctl_reg_en_1[0]
    SLICE_X35Y49         FDRE                                         r  dbg_hub/inst/BSCANID.u_xsdbm_id/CORE_XSDB.UUT_MASTER/U_ICON_INTERFACE/U_CMD1/ctl_reg_en_1_reg[1]/D
  -------------------------------------------------------------------    -------------------

Slack:                    inf
  Source:                 dbg_hub/inst/BSCANID.u_xsdbm_id/CORE_XSDB.UUT_MASTER/U_ICON_INTERFACE/U_CMD3/stat_reg_ld_reg[0]/C
                            (rising edge-triggered cell FDRE)
  Destination:            dbg_hub/inst/BSCANID.u_xsdbm_id/CORE_XSDB.UUT_MASTER/U_ICON_INTERFACE/U_CMD3/stat_reg_ld_reg[1]/D
  Path Group:             (none)
  Path Type:              Min at Fast Process Corner
  Data Path Delay:        0.197ns  (logic 0.141ns (71.611%)  route 0.056ns (28.389%))
  Logic Levels:           1  (FDRE=1)

    Location             Delay type                Incr(ns)  Path(ns)    Netlist Resource(s)
  -------------------------------------------------------------------    -------------------
    SLICE_X37Y50         FDRE                         0.000     0.000 r  dbg_hub/inst/BSCANID.u_xsdbm_id/CORE_XSDB.UUT_MASTER/U_ICON_INTERFACE/U_CMD3/stat_reg_ld_reg[0]/C
    SLICE_X37Y50         FDRE (Prop_fdre_C_Q)         0.141     0.141 r  dbg_hub/inst/BSCANID.u_xsdbm_id/CORE_XSDB.UUT_MASTER/U_ICON_INTERFACE/U_CMD3/stat_reg_ld_reg[0]/Q
                         net (fo=1, routed)           0.056     0.197    dbg_hub/inst/BSCANID.u_xsdbm_id/CORE_XSDB.UUT_MASTER/U_ICON_INTERFACE/U_CMD3/stat_reg_ld[0]
    SLICE_X37Y50         FDRE                                         r  dbg_hub/inst/BSCANID.u_xsdbm_id/CORE_XSDB.UUT_MASTER/U_ICON_INTERFACE/U_CMD3/stat_reg_ld_reg[1]/D
  -------------------------------------------------------------------    -------------------

Slack:                    inf
  Source:                 dbg_hub/inst/BSCANID.u_xsdbm_id/CORE_XSDB.UUT_MASTER/U_ICON_INTERFACE/U_CMD4/ctl_reg_en_1_reg[0]/C
                            (rising edge-triggered cell FDRE)
  Destination:            dbg_hub/inst/BSCANID.u_xsdbm_id/CORE_XSDB.UUT_MASTER/U_ICON_INTERFACE/U_CMD4/ctl_reg_en_1_reg[1]/D
  Path Group:             (none)
  Path Type:              Min at Fast Process Corner
  Data Path Delay:        0.197ns  (logic 0.141ns (71.611%)  route 0.056ns (28.389%))
  Logic Levels:           1  (FDRE=1)

    Location             Delay type                Incr(ns)  Path(ns)    Netlist Resource(s)
  -------------------------------------------------------------------    -------------------
    SLICE_X35Y51         FDRE                         0.000     0.000 r  dbg_hub/inst/BSCANID.u_xsdbm_id/CORE_XSDB.UUT_MASTER/U_ICON_INTERFACE/U_CMD4/ctl_reg_en_1_reg[0]/C
    SLICE_X35Y51         FDRE (Prop_fdre_C_Q)         0.141     0.141 r  dbg_hub/inst/BSCANID.u_xsdbm_id/CORE_XSDB.UUT_MASTER/U_ICON_INTERFACE/U_CMD4/ctl_reg_en_1_reg[0]/Q
                         net (fo=1, routed)           0.056     0.197    dbg_hub/inst/BSCANID.u_xsdbm_id/CORE_XSDB.UUT_MASTER/U_ICON_INTERFACE/U_CMD4/ctl_reg_en_1[0]
    SLICE_X35Y51         FDRE                                         r  dbg_hub/inst/BSCANID.u_xsdbm_id/CORE_XSDB.UUT_MASTER/U_ICON_INTERFACE/U_CMD4/ctl_reg_en_1_reg[1]/D
  -------------------------------------------------------------------    -------------------





--------------------------------------------------------------------------------------
Path Group:  (none)
From Clock:  
  To Clock:  dbg_hub/inst/BSCANID.u_xsdbm_id/SWITCH_N_EXT_BSCAN.bscan_inst/SERIES7_BSCAN.bscan_inst/TCK

Max Delay           265 Endpoints
Min Delay           265 Endpoints
--------------------------------------------------------------------------------------


Max Delay Paths
--------------------------------------------------------------------------------------
Slack:                    inf
  Source:                 dbg_hub/inst/BSCANID.u_xsdbm_id/SWITCH_N_EXT_BSCAN.bscan_inst/SERIES7_BSCAN.bscan_inst/SHIFT
                            (internal pin)
  Destination:            dbg_hub/inst/BSCANID.u_xsdbm_id/CORE_XSDB.U_ICON/U_STAT/iSTAT_CNT_reg[0]/R
                            (rising edge-triggered cell FDRE clocked by dbg_hub/inst/BSCANID.u_xsdbm_id/SWITCH_N_EXT_BSCAN.bscan_inst/SERIES7_BSCAN.bscan_inst/TCK  {rise@0.000ns fall@16.500ns period=33.000ns})
  Path Group:             (none)
  Path Type:              Setup (Max at Slow Process Corner)
  Data Path Delay:        4.842ns  (logic 0.398ns (8.219%)  route 4.444ns (91.781%))
  Logic Levels:           3  (LUT4=1 LUT5=2)
  Clock Uncertainty:      0.025ns  ((TSJ^2 + TIJ^2)^1/2 + DJ) / 2 + PE
    Total System Jitter     (TSJ):    0.050ns
    Total Input Jitter      (TIJ):    0.000ns
    Discrete Jitter          (DJ):    0.000ns
    Phase Error              (PE):    0.000ns

    Location             Delay type                Incr(ns)  Path(ns)    Netlist Resource(s)
  -------------------------------------------------------------------    -------------------
    BSCAN_X0Y0           BSCANE2                      0.000     0.000 f  dbg_hub/inst/BSCANID.u_xsdbm_id/SWITCH_N_EXT_BSCAN.bscan_inst/SERIES7_BSCAN.bscan_inst/SHIFT
                         net (fo=37, routed)          2.576     2.576    dbg_hub/inst/BSCANID.u_xsdbm_id/SWITCH_N_EXT_BSCAN.bscan_switch/s_bscan_shift
    SLICE_X39Y56         LUT5 (Prop_lut5_I4_O)        0.124     2.700 f  dbg_hub/inst/BSCANID.u_xsdbm_id/SWITCH_N_EXT_BSCAN.bscan_switch/m_bscan_shift[0]_INST_0/O
                         net (fo=4, routed)           0.752     3.452    dbg_hub/inst/BSCANID.u_xsdbm_id/CORE_XSDB.U_ICON/U_CMD/icn_cmd_en_reg[7]
    SLICE_X38Y54         LUT4 (Prop_lut4_I1_O)        0.124     3.576 f  dbg_hub/inst/BSCANID.u_xsdbm_id/CORE_XSDB.U_ICON/U_CMD/iSTAT_CNT[5]_i_4/O
                         net (fo=1, routed)           0.627     4.204    dbg_hub/inst/BSCANID.u_xsdbm_id/CORE_XSDB.U_ICON/U_CMD/iSTAT_CNT[5]_i_4_n_0
    SLICE_X37Y54         LUT5 (Prop_lut5_I4_O)        0.150     4.354 r  dbg_hub/inst/BSCANID.u_xsdbm_id/CORE_XSDB.U_ICON/U_CMD/iSTAT_CNT[5]_i_1/O
                         net (fo=6, routed)           0.489     4.842    dbg_hub/inst/BSCANID.u_xsdbm_id/CORE_XSDB.U_ICON/U_STAT/SR[0]
    SLICE_X36Y53         FDRE                                         r  dbg_hub/inst/BSCANID.u_xsdbm_id/CORE_XSDB.U_ICON/U_STAT/iSTAT_CNT_reg[0]/R
  -------------------------------------------------------------------    -------------------

                         (clock dbg_hub/inst/BSCANID.u_xsdbm_id/SWITCH_N_EXT_BSCAN.bscan_inst/SERIES7_BSCAN.bscan_inst/TCK rise edge)
                                                      0.000     0.000 r  
    BSCAN_X0Y0           BSCANE2                      0.000     0.000 r  dbg_hub/inst/BSCANID.u_xsdbm_id/SWITCH_N_EXT_BSCAN.bscan_inst/SERIES7_BSCAN.bscan_inst/TCK
                         net (fo=1, routed)           1.487     1.487    dbg_hub/inst/BSCANID.u_xsdbm_id/tck_bs
    BUFGCTRL_X0Y1        BUFG (Prop_bufg_I_O)         0.091     1.578 r  dbg_hub/inst/BSCANID.u_xsdbm_id/SWITCH_N_EXT_BSCAN.u_bufg_icon_tck/O
                         net (fo=482, routed)         1.435     3.013    dbg_hub/inst/BSCANID.u_xsdbm_id/CORE_XSDB.U_ICON/U_STAT/m_bscan_tck[0]
    SLICE_X36Y53         FDRE                                         r  dbg_hub/inst/BSCANID.u_xsdbm_id/CORE_XSDB.U_ICON/U_STAT/iSTAT_CNT_reg[0]/C

Slack:                    inf
  Source:                 dbg_hub/inst/BSCANID.u_xsdbm_id/SWITCH_N_EXT_BSCAN.bscan_inst/SERIES7_BSCAN.bscan_inst/SHIFT
                            (internal pin)
  Destination:            dbg_hub/inst/BSCANID.u_xsdbm_id/CORE_XSDB.U_ICON/U_STAT/iSTAT_CNT_reg[1]/R
                            (rising edge-triggered cell FDRE clocked by dbg_hub/inst/BSCANID.u_xsdbm_id/SWITCH_N_EXT_BSCAN.bscan_inst/SERIES7_BSCAN.bscan_inst/TCK  {rise@0.000ns fall@16.500ns period=33.000ns})
  Path Group:             (none)
  Path Type:              Setup (Max at Slow Process Corner)
  Data Path Delay:        4.842ns  (logic 0.398ns (8.219%)  route 4.444ns (91.781%))
  Logic Levels:           3  (LUT4=1 LUT5=2)
  Clock Uncertainty:      0.025ns  ((TSJ^2 + TIJ^2)^1/2 + DJ) / 2 + PE
    Total System Jitter     (TSJ):    0.050ns
    Total Input Jitter      (TIJ):    0.000ns
    Discrete Jitter          (DJ):    0.000ns
    Phase Error              (PE):    0.000ns

    Location             Delay type                Incr(ns)  Path(ns)    Netlist Resource(s)
  -------------------------------------------------------------------    -------------------
    BSCAN_X0Y0           BSCANE2                      0.000     0.000 f  dbg_hub/inst/BSCANID.u_xsdbm_id/SWITCH_N_EXT_BSCAN.bscan_inst/SERIES7_BSCAN.bscan_inst/SHIFT
                         net (fo=37, routed)          2.576     2.576    dbg_hub/inst/BSCANID.u_xsdbm_id/SWITCH_N_EXT_BSCAN.bscan_switch/s_bscan_shift
    SLICE_X39Y56         LUT5 (Prop_lut5_I4_O)        0.124     2.700 f  dbg_hub/inst/BSCANID.u_xsdbm_id/SWITCH_N_EXT_BSCAN.bscan_switch/m_bscan_shift[0]_INST_0/O
                         net (fo=4, routed)           0.752     3.452    dbg_hub/inst/BSCANID.u_xsdbm_id/CORE_XSDB.U_ICON/U_CMD/icn_cmd_en_reg[7]
    SLICE_X38Y54         LUT4 (Prop_lut4_I1_O)        0.124     3.576 f  dbg_hub/inst/BSCANID.u_xsdbm_id/CORE_XSDB.U_ICON/U_CMD/iSTAT_CNT[5]_i_4/O
                         net (fo=1, routed)           0.627     4.204    dbg_hub/inst/BSCANID.u_xsdbm_id/CORE_XSDB.U_ICON/U_CMD/iSTAT_CNT[5]_i_4_n_0
    SLICE_X37Y54         LUT5 (Prop_lut5_I4_O)        0.150     4.354 r  dbg_hub/inst/BSCANID.u_xsdbm_id/CORE_XSDB.U_ICON/U_CMD/iSTAT_CNT[5]_i_1/O
                         net (fo=6, routed)           0.489     4.842    dbg_hub/inst/BSCANID.u_xsdbm_id/CORE_XSDB.U_ICON/U_STAT/SR[0]
    SLICE_X36Y53         FDRE                                         r  dbg_hub/inst/BSCANID.u_xsdbm_id/CORE_XSDB.U_ICON/U_STAT/iSTAT_CNT_reg[1]/R
  -------------------------------------------------------------------    -------------------

                         (clock dbg_hub/inst/BSCANID.u_xsdbm_id/SWITCH_N_EXT_BSCAN.bscan_inst/SERIES7_BSCAN.bscan_inst/TCK rise edge)
                                                      0.000     0.000 r  
    BSCAN_X0Y0           BSCANE2                      0.000     0.000 r  dbg_hub/inst/BSCANID.u_xsdbm_id/SWITCH_N_EXT_BSCAN.bscan_inst/SERIES7_BSCAN.bscan_inst/TCK
                         net (fo=1, routed)           1.487     1.487    dbg_hub/inst/BSCANID.u_xsdbm_id/tck_bs
    BUFGCTRL_X0Y1        BUFG (Prop_bufg_I_O)         0.091     1.578 r  dbg_hub/inst/BSCANID.u_xsdbm_id/SWITCH_N_EXT_BSCAN.u_bufg_icon_tck/O
                         net (fo=482, routed)         1.435     3.013    dbg_hub/inst/BSCANID.u_xsdbm_id/CORE_XSDB.U_ICON/U_STAT/m_bscan_tck[0]
    SLICE_X36Y53         FDRE                                         r  dbg_hub/inst/BSCANID.u_xsdbm_id/CORE_XSDB.U_ICON/U_STAT/iSTAT_CNT_reg[1]/C

Slack:                    inf
  Source:                 dbg_hub/inst/BSCANID.u_xsdbm_id/SWITCH_N_EXT_BSCAN.bscan_inst/SERIES7_BSCAN.bscan_inst/SHIFT
                            (internal pin)
  Destination:            dbg_hub/inst/BSCANID.u_xsdbm_id/CORE_XSDB.U_ICON/U_STAT/iSTAT_CNT_reg[2]/R
                            (rising edge-triggered cell FDRE clocked by dbg_hub/inst/BSCANID.u_xsdbm_id/SWITCH_N_EXT_BSCAN.bscan_inst/SERIES7_BSCAN.bscan_inst/TCK  {rise@0.000ns fall@16.500ns period=33.000ns})
  Path Group:             (none)
  Path Type:              Setup (Max at Slow Process Corner)
  Data Path Delay:        4.842ns  (logic 0.398ns (8.219%)  route 4.444ns (91.781%))
  Logic Levels:           3  (LUT4=1 LUT5=2)
  Clock Uncertainty:      0.025ns  ((TSJ^2 + TIJ^2)^1/2 + DJ) / 2 + PE
    Total System Jitter     (TSJ):    0.050ns
    Total Input Jitter      (TIJ):    0.000ns
    Discrete Jitter          (DJ):    0.000ns
    Phase Error              (PE):    0.000ns

    Location             Delay type                Incr(ns)  Path(ns)    Netlist Resource(s)
  -------------------------------------------------------------------    -------------------
    BSCAN_X0Y0           BSCANE2                      0.000     0.000 f  dbg_hub/inst/BSCANID.u_xsdbm_id/SWITCH_N_EXT_BSCAN.bscan_inst/SERIES7_BSCAN.bscan_inst/SHIFT
                         net (fo=37, routed)          2.576     2.576    dbg_hub/inst/BSCANID.u_xsdbm_id/SWITCH_N_EXT_BSCAN.bscan_switch/s_bscan_shift
    SLICE_X39Y56         LUT5 (Prop_lut5_I4_O)        0.124     2.700 f  dbg_hub/inst/BSCANID.u_xsdbm_id/SWITCH_N_EXT_BSCAN.bscan_switch/m_bscan_shift[0]_INST_0/O
                         net (fo=4, routed)           0.752     3.452    dbg_hub/inst/BSCANID.u_xsdbm_id/CORE_XSDB.U_ICON/U_CMD/icn_cmd_en_reg[7]
    SLICE_X38Y54         LUT4 (Prop_lut4_I1_O)        0.124     3.576 f  dbg_hub/inst/BSCANID.u_xsdbm_id/CORE_XSDB.U_ICON/U_CMD/iSTAT_CNT[5]_i_4/O
                         net (fo=1, routed)           0.627     4.204    dbg_hub/inst/BSCANID.u_xsdbm_id/CORE_XSDB.U_ICON/U_CMD/iSTAT_CNT[5]_i_4_n_0
    SLICE_X37Y54         LUT5 (Prop_lut5_I4_O)        0.150     4.354 r  dbg_hub/inst/BSCANID.u_xsdbm_id/CORE_XSDB.U_ICON/U_CMD/iSTAT_CNT[5]_i_1/O
                         net (fo=6, routed)           0.489     4.842    dbg_hub/inst/BSCANID.u_xsdbm_id/CORE_XSDB.U_ICON/U_STAT/SR[0]
    SLICE_X36Y53         FDRE                                         r  dbg_hub/inst/BSCANID.u_xsdbm_id/CORE_XSDB.U_ICON/U_STAT/iSTAT_CNT_reg[2]/R
  -------------------------------------------------------------------    -------------------

                         (clock dbg_hub/inst/BSCANID.u_xsdbm_id/SWITCH_N_EXT_BSCAN.bscan_inst/SERIES7_BSCAN.bscan_inst/TCK rise edge)
                                                      0.000     0.000 r  
    BSCAN_X0Y0           BSCANE2                      0.000     0.000 r  dbg_hub/inst/BSCANID.u_xsdbm_id/SWITCH_N_EXT_BSCAN.bscan_inst/SERIES7_BSCAN.bscan_inst/TCK
                         net (fo=1, routed)           1.487     1.487    dbg_hub/inst/BSCANID.u_xsdbm_id/tck_bs
    BUFGCTRL_X0Y1        BUFG (Prop_bufg_I_O)         0.091     1.578 r  dbg_hub/inst/BSCANID.u_xsdbm_id/SWITCH_N_EXT_BSCAN.u_bufg_icon_tck/O
                         net (fo=482, routed)         1.435     3.013    dbg_hub/inst/BSCANID.u_xsdbm_id/CORE_XSDB.U_ICON/U_STAT/m_bscan_tck[0]
    SLICE_X36Y53         FDRE                                         r  dbg_hub/inst/BSCANID.u_xsdbm_id/CORE_XSDB.U_ICON/U_STAT/iSTAT_CNT_reg[2]/C

Slack:                    inf
  Source:                 dbg_hub/inst/BSCANID.u_xsdbm_id/SWITCH_N_EXT_BSCAN.bscan_inst/SERIES7_BSCAN.bscan_inst/SHIFT
                            (internal pin)
  Destination:            dbg_hub/inst/BSCANID.u_xsdbm_id/CORE_XSDB.U_ICON/U_STAT/iSTAT_CNT_reg[3]/R
                            (rising edge-triggered cell FDRE clocked by dbg_hub/inst/BSCANID.u_xsdbm_id/SWITCH_N_EXT_BSCAN.bscan_inst/SERIES7_BSCAN.bscan_inst/TCK  {rise@0.000ns fall@16.500ns period=33.000ns})
  Path Group:             (none)
  Path Type:              Setup (Max at Slow Process Corner)
  Data Path Delay:        4.842ns  (logic 0.398ns (8.219%)  route 4.444ns (91.781%))
  Logic Levels:           3  (LUT4=1 LUT5=2)
  Clock Uncertainty:      0.025ns  ((TSJ^2 + TIJ^2)^1/2 + DJ) / 2 + PE
    Total System Jitter     (TSJ):    0.050ns
    Total Input Jitter      (TIJ):    0.000ns
    Discrete Jitter          (DJ):    0.000ns
    Phase Error              (PE):    0.000ns

    Location             Delay type                Incr(ns)  Path(ns)    Netlist Resource(s)
  -------------------------------------------------------------------    -------------------
    BSCAN_X0Y0           BSCANE2                      0.000     0.000 f  dbg_hub/inst/BSCANID.u_xsdbm_id/SWITCH_N_EXT_BSCAN.bscan_inst/SERIES7_BSCAN.bscan_inst/SHIFT
                         net (fo=37, routed)          2.576     2.576    dbg_hub/inst/BSCANID.u_xsdbm_id/SWITCH_N_EXT_BSCAN.bscan_switch/s_bscan_shift
    SLICE_X39Y56         LUT5 (Prop_lut5_I4_O)        0.124     2.700 f  dbg_hub/inst/BSCANID.u_xsdbm_id/SWITCH_N_EXT_BSCAN.bscan_switch/m_bscan_shift[0]_INST_0/O
                         net (fo=4, routed)           0.752     3.452    dbg_hub/inst/BSCANID.u_xsdbm_id/CORE_XSDB.U_ICON/U_CMD/icn_cmd_en_reg[7]
    SLICE_X38Y54         LUT4 (Prop_lut4_I1_O)        0.124     3.576 f  dbg_hub/inst/BSCANID.u_xsdbm_id/CORE_XSDB.U_ICON/U_CMD/iSTAT_CNT[5]_i_4/O
                         net (fo=1, routed)           0.627     4.204    dbg_hub/inst/BSCANID.u_xsdbm_id/CORE_XSDB.U_ICON/U_CMD/iSTAT_CNT[5]_i_4_n_0
    SLICE_X37Y54         LUT5 (Prop_lut5_I4_O)        0.150     4.354 r  dbg_hub/inst/BSCANID.u_xsdbm_id/CORE_XSDB.U_ICON/U_CMD/iSTAT_CNT[5]_i_1/O
                         net (fo=6, routed)           0.489     4.842    dbg_hub/inst/BSCANID.u_xsdbm_id/CORE_XSDB.U_ICON/U_STAT/SR[0]
    SLICE_X36Y53         FDRE                                         r  dbg_hub/inst/BSCANID.u_xsdbm_id/CORE_XSDB.U_ICON/U_STAT/iSTAT_CNT_reg[3]/R
  -------------------------------------------------------------------    -------------------

                         (clock dbg_hub/inst/BSCANID.u_xsdbm_id/SWITCH_N_EXT_BSCAN.bscan_inst/SERIES7_BSCAN.bscan_inst/TCK rise edge)
                                                      0.000     0.000 r  
    BSCAN_X0Y0           BSCANE2                      0.000     0.000 r  dbg_hub/inst/BSCANID.u_xsdbm_id/SWITCH_N_EXT_BSCAN.bscan_inst/SERIES7_BSCAN.bscan_inst/TCK
                         net (fo=1, routed)           1.487     1.487    dbg_hub/inst/BSCANID.u_xsdbm_id/tck_bs
    BUFGCTRL_X0Y1        BUFG (Prop_bufg_I_O)         0.091     1.578 r  dbg_hub/inst/BSCANID.u_xsdbm_id/SWITCH_N_EXT_BSCAN.u_bufg_icon_tck/O
                         net (fo=482, routed)         1.435     3.013    dbg_hub/inst/BSCANID.u_xsdbm_id/CORE_XSDB.U_ICON/U_STAT/m_bscan_tck[0]
    SLICE_X36Y53         FDRE                                         r  dbg_hub/inst/BSCANID.u_xsdbm_id/CORE_XSDB.U_ICON/U_STAT/iSTAT_CNT_reg[3]/C

Slack:                    inf
  Source:                 dbg_hub/inst/BSCANID.u_xsdbm_id/SWITCH_N_EXT_BSCAN.bscan_inst/SERIES7_BSCAN.bscan_inst/SHIFT
                            (internal pin)
  Destination:            dbg_hub/inst/BSCANID.u_xsdbm_id/CORE_XSDB.U_ICON/U_STAT/iSTAT_CNT_reg[4]/R
                            (rising edge-triggered cell FDRE clocked by dbg_hub/inst/BSCANID.u_xsdbm_id/SWITCH_N_EXT_BSCAN.bscan_inst/SERIES7_BSCAN.bscan_inst/TCK  {rise@0.000ns fall@16.500ns period=33.000ns})
  Path Group:             (none)
  Path Type:              Setup (Max at Slow Process Corner)
  Data Path Delay:        4.842ns  (logic 0.398ns (8.219%)  route 4.444ns (91.781%))
  Logic Levels:           3  (LUT4=1 LUT5=2)
  Clock Uncertainty:      0.025ns  ((TSJ^2 + TIJ^2)^1/2 + DJ) / 2 + PE
    Total System Jitter     (TSJ):    0.050ns
    Total Input Jitter      (TIJ):    0.000ns
    Discrete Jitter          (DJ):    0.000ns
    Phase Error              (PE):    0.000ns

    Location             Delay type                Incr(ns)  Path(ns)    Netlist Resource(s)
  -------------------------------------------------------------------    -------------------
    BSCAN_X0Y0           BSCANE2                      0.000     0.000 f  dbg_hub/inst/BSCANID.u_xsdbm_id/SWITCH_N_EXT_BSCAN.bscan_inst/SERIES7_BSCAN.bscan_inst/SHIFT
                         net (fo=37, routed)          2.576     2.576    dbg_hub/inst/BSCANID.u_xsdbm_id/SWITCH_N_EXT_BSCAN.bscan_switch/s_bscan_shift
    SLICE_X39Y56         LUT5 (Prop_lut5_I4_O)        0.124     2.700 f  dbg_hub/inst/BSCANID.u_xsdbm_id/SWITCH_N_EXT_BSCAN.bscan_switch/m_bscan_shift[0]_INST_0/O
                         net (fo=4, routed)           0.752     3.452    dbg_hub/inst/BSCANID.u_xsdbm_id/CORE_XSDB.U_ICON/U_CMD/icn_cmd_en_reg[7]
    SLICE_X38Y54         LUT4 (Prop_lut4_I1_O)        0.124     3.576 f  dbg_hub/inst/BSCANID.u_xsdbm_id/CORE_XSDB.U_ICON/U_CMD/iSTAT_CNT[5]_i_4/O
                         net (fo=1, routed)           0.627     4.204    dbg_hub/inst/BSCANID.u_xsdbm_id/CORE_XSDB.U_ICON/U_CMD/iSTAT_CNT[5]_i_4_n_0
    SLICE_X37Y54         LUT5 (Prop_lut5_I4_O)        0.150     4.354 r  dbg_hub/inst/BSCANID.u_xsdbm_id/CORE_XSDB.U_ICON/U_CMD/iSTAT_CNT[5]_i_1/O
                         net (fo=6, routed)           0.489     4.842    dbg_hub/inst/BSCANID.u_xsdbm_id/CORE_XSDB.U_ICON/U_STAT/SR[0]
    SLICE_X36Y53         FDRE                                         r  dbg_hub/inst/BSCANID.u_xsdbm_id/CORE_XSDB.U_ICON/U_STAT/iSTAT_CNT_reg[4]/R
  -------------------------------------------------------------------    -------------------

                         (clock dbg_hub/inst/BSCANID.u_xsdbm_id/SWITCH_N_EXT_BSCAN.bscan_inst/SERIES7_BSCAN.bscan_inst/TCK rise edge)
                                                      0.000     0.000 r  
    BSCAN_X0Y0           BSCANE2                      0.000     0.000 r  dbg_hub/inst/BSCANID.u_xsdbm_id/SWITCH_N_EXT_BSCAN.bscan_inst/SERIES7_BSCAN.bscan_inst/TCK
                         net (fo=1, routed)           1.487     1.487    dbg_hub/inst/BSCANID.u_xsdbm_id/tck_bs
    BUFGCTRL_X0Y1        BUFG (Prop_bufg_I_O)         0.091     1.578 r  dbg_hub/inst/BSCANID.u_xsdbm_id/SWITCH_N_EXT_BSCAN.u_bufg_icon_tck/O
                         net (fo=482, routed)         1.435     3.013    dbg_hub/inst/BSCANID.u_xsdbm_id/CORE_XSDB.U_ICON/U_STAT/m_bscan_tck[0]
    SLICE_X36Y53         FDRE                                         r  dbg_hub/inst/BSCANID.u_xsdbm_id/CORE_XSDB.U_ICON/U_STAT/iSTAT_CNT_reg[4]/C

Slack:                    inf
  Source:                 dbg_hub/inst/BSCANID.u_xsdbm_id/SWITCH_N_EXT_BSCAN.bscan_inst/SERIES7_BSCAN.bscan_inst/SHIFT
                            (internal pin)
  Destination:            dbg_hub/inst/BSCANID.u_xsdbm_id/CORE_XSDB.U_ICON/U_STAT/iSTAT_CNT_reg[5]/R
                            (rising edge-triggered cell FDRE clocked by dbg_hub/inst/BSCANID.u_xsdbm_id/SWITCH_N_EXT_BSCAN.bscan_inst/SERIES7_BSCAN.bscan_inst/TCK  {rise@0.000ns fall@16.500ns period=33.000ns})
  Path Group:             (none)
  Path Type:              Setup (Max at Slow Process Corner)
  Data Path Delay:        4.842ns  (logic 0.398ns (8.219%)  route 4.444ns (91.781%))
  Logic Levels:           3  (LUT4=1 LUT5=2)
  Clock Uncertainty:      0.025ns  ((TSJ^2 + TIJ^2)^1/2 + DJ) / 2 + PE
    Total System Jitter     (TSJ):    0.050ns
    Total Input Jitter      (TIJ):    0.000ns
    Discrete Jitter          (DJ):    0.000ns
    Phase Error              (PE):    0.000ns

    Location             Delay type                Incr(ns)  Path(ns)    Netlist Resource(s)
  -------------------------------------------------------------------    -------------------
    BSCAN_X0Y0           BSCANE2                      0.000     0.000 f  dbg_hub/inst/BSCANID.u_xsdbm_id/SWITCH_N_EXT_BSCAN.bscan_inst/SERIES7_BSCAN.bscan_inst/SHIFT
                         net (fo=37, routed)          2.576     2.576    dbg_hub/inst/BSCANID.u_xsdbm_id/SWITCH_N_EXT_BSCAN.bscan_switch/s_bscan_shift
    SLICE_X39Y56         LUT5 (Prop_lut5_I4_O)        0.124     2.700 f  dbg_hub/inst/BSCANID.u_xsdbm_id/SWITCH_N_EXT_BSCAN.bscan_switch/m_bscan_shift[0]_INST_0/O
                         net (fo=4, routed)           0.752     3.452    dbg_hub/inst/BSCANID.u_xsdbm_id/CORE_XSDB.U_ICON/U_CMD/icn_cmd_en_reg[7]
    SLICE_X38Y54         LUT4 (Prop_lut4_I1_O)        0.124     3.576 f  dbg_hub/inst/BSCANID.u_xsdbm_id/CORE_XSDB.U_ICON/U_CMD/iSTAT_CNT[5]_i_4/O
                         net (fo=1, routed)           0.627     4.204    dbg_hub/inst/BSCANID.u_xsdbm_id/CORE_XSDB.U_ICON/U_CMD/iSTAT_CNT[5]_i_4_n_0
    SLICE_X37Y54         LUT5 (Prop_lut5_I4_O)        0.150     4.354 r  dbg_hub/inst/BSCANID.u_xsdbm_id/CORE_XSDB.U_ICON/U_CMD/iSTAT_CNT[5]_i_1/O
                         net (fo=6, routed)           0.489     4.842    dbg_hub/inst/BSCANID.u_xsdbm_id/CORE_XSDB.U_ICON/U_STAT/SR[0]
    SLICE_X36Y53         FDRE                                         r  dbg_hub/inst/BSCANID.u_xsdbm_id/CORE_XSDB.U_ICON/U_STAT/iSTAT_CNT_reg[5]/R
  -------------------------------------------------------------------    -------------------

                         (clock dbg_hub/inst/BSCANID.u_xsdbm_id/SWITCH_N_EXT_BSCAN.bscan_inst/SERIES7_BSCAN.bscan_inst/TCK rise edge)
                                                      0.000     0.000 r  
    BSCAN_X0Y0           BSCANE2                      0.000     0.000 r  dbg_hub/inst/BSCANID.u_xsdbm_id/SWITCH_N_EXT_BSCAN.bscan_inst/SERIES7_BSCAN.bscan_inst/TCK
                         net (fo=1, routed)           1.487     1.487    dbg_hub/inst/BSCANID.u_xsdbm_id/tck_bs
    BUFGCTRL_X0Y1        BUFG (Prop_bufg_I_O)         0.091     1.578 r  dbg_hub/inst/BSCANID.u_xsdbm_id/SWITCH_N_EXT_BSCAN.u_bufg_icon_tck/O
                         net (fo=482, routed)         1.435     3.013    dbg_hub/inst/BSCANID.u_xsdbm_id/CORE_XSDB.U_ICON/U_STAT/m_bscan_tck[0]
    SLICE_X36Y53         FDRE                                         r  dbg_hub/inst/BSCANID.u_xsdbm_id/CORE_XSDB.U_ICON/U_STAT/iSTAT_CNT_reg[5]/C

Slack:                    inf
  Source:                 dbg_hub/inst/BSCANID.u_xsdbm_id/SWITCH_N_EXT_BSCAN.bscan_inst/SERIES7_BSCAN.bscan_inst/RESET
                            (internal pin)
  Destination:            dbg_hub/inst/BSCANID.u_xsdbm_id/SWITCH_N_EXT_BSCAN.bscan_switch/shiftreg_reg[16]/R
                            (rising edge-triggered cell FDRE clocked by dbg_hub/inst/BSCANID.u_xsdbm_id/SWITCH_N_EXT_BSCAN.bscan_inst/SERIES7_BSCAN.bscan_inst/TCK  {rise@0.000ns fall@16.500ns period=33.000ns})
  Path Group:             (none)
  Path Type:              Setup (Max at Slow Process Corner)
  Data Path Delay:        4.785ns  (logic 0.146ns (3.051%)  route 4.639ns (96.949%))
  Logic Levels:           1  (LUT5=1)
  Clock Uncertainty:      0.025ns  ((TSJ^2 + TIJ^2)^1/2 + DJ) / 2 + PE
    Total System Jitter     (TSJ):    0.050ns
    Total Input Jitter      (TIJ):    0.000ns
    Discrete Jitter          (DJ):    0.000ns
    Phase Error              (PE):    0.000ns

    Location             Delay type                Incr(ns)  Path(ns)    Netlist Resource(s)
  -------------------------------------------------------------------    -------------------
    BSCAN_X0Y0           BSCANE2                      0.000     0.000 r  dbg_hub/inst/BSCANID.u_xsdbm_id/SWITCH_N_EXT_BSCAN.bscan_inst/SERIES7_BSCAN.bscan_inst/RESET
                         net (fo=79, routed)          3.076     3.076    dbg_hub/inst/BSCANID.u_xsdbm_id/SWITCH_N_EXT_BSCAN.bscan_switch/s_bscan_reset
    SLICE_X38Y56         LUT5 (Prop_lut5_I0_O)        0.146     3.222 r  dbg_hub/inst/BSCANID.u_xsdbm_id/SWITCH_N_EXT_BSCAN.bscan_switch/shiftreg[31]_i_1/O
                         net (fo=32, routed)          1.563     4.785    dbg_hub/inst/BSCANID.u_xsdbm_id/SWITCH_N_EXT_BSCAN.bscan_switch/shiftreg[31]_i_1_n_0
    SLICE_X40Y59         FDRE                                         r  dbg_hub/inst/BSCANID.u_xsdbm_id/SWITCH_N_EXT_BSCAN.bscan_switch/shiftreg_reg[16]/R
  -------------------------------------------------------------------    -------------------

                         (clock dbg_hub/inst/BSCANID.u_xsdbm_id/SWITCH_N_EXT_BSCAN.bscan_inst/SERIES7_BSCAN.bscan_inst/TCK rise edge)
                                                      0.000     0.000 r  
    BSCAN_X0Y0           BSCANE2                      0.000     0.000 r  dbg_hub/inst/BSCANID.u_xsdbm_id/SWITCH_N_EXT_BSCAN.bscan_inst/SERIES7_BSCAN.bscan_inst/TCK
                         net (fo=1, routed)           1.487     1.487    dbg_hub/inst/BSCANID.u_xsdbm_id/tck_bs
    BUFGCTRL_X0Y1        BUFG (Prop_bufg_I_O)         0.091     1.578 r  dbg_hub/inst/BSCANID.u_xsdbm_id/SWITCH_N_EXT_BSCAN.u_bufg_icon_tck/O
                         net (fo=482, routed)         1.435     3.013    dbg_hub/inst/BSCANID.u_xsdbm_id/SWITCH_N_EXT_BSCAN.bscan_switch/s_bscan_tck
    SLICE_X40Y59         FDRE                                         r  dbg_hub/inst/BSCANID.u_xsdbm_id/SWITCH_N_EXT_BSCAN.bscan_switch/shiftreg_reg[16]/C

Slack:                    inf
  Source:                 dbg_hub/inst/BSCANID.u_xsdbm_id/SWITCH_N_EXT_BSCAN.bscan_inst/SERIES7_BSCAN.bscan_inst/RESET
                            (internal pin)
  Destination:            dbg_hub/inst/BSCANID.u_xsdbm_id/SWITCH_N_EXT_BSCAN.bscan_switch/shiftreg_reg[17]/R
                            (rising edge-triggered cell FDRE clocked by dbg_hub/inst/BSCANID.u_xsdbm_id/SWITCH_N_EXT_BSCAN.bscan_inst/SERIES7_BSCAN.bscan_inst/TCK  {rise@0.000ns fall@16.500ns period=33.000ns})
  Path Group:             (none)
  Path Type:              Setup (Max at Slow Process Corner)
  Data Path Delay:        4.785ns  (logic 0.146ns (3.051%)  route 4.639ns (96.949%))
  Logic Levels:           1  (LUT5=1)
  Clock Uncertainty:      0.025ns  ((TSJ^2 + TIJ^2)^1/2 + DJ) / 2 + PE
    Total System Jitter     (TSJ):    0.050ns
    Total Input Jitter      (TIJ):    0.000ns
    Discrete Jitter          (DJ):    0.000ns
    Phase Error              (PE):    0.000ns

    Location             Delay type                Incr(ns)  Path(ns)    Netlist Resource(s)
  -------------------------------------------------------------------    -------------------
    BSCAN_X0Y0           BSCANE2                      0.000     0.000 r  dbg_hub/inst/BSCANID.u_xsdbm_id/SWITCH_N_EXT_BSCAN.bscan_inst/SERIES7_BSCAN.bscan_inst/RESET
                         net (fo=79, routed)          3.076     3.076    dbg_hub/inst/BSCANID.u_xsdbm_id/SWITCH_N_EXT_BSCAN.bscan_switch/s_bscan_reset
    SLICE_X38Y56         LUT5 (Prop_lut5_I0_O)        0.146     3.222 r  dbg_hub/inst/BSCANID.u_xsdbm_id/SWITCH_N_EXT_BSCAN.bscan_switch/shiftreg[31]_i_1/O
                         net (fo=32, routed)          1.563     4.785    dbg_hub/inst/BSCANID.u_xsdbm_id/SWITCH_N_EXT_BSCAN.bscan_switch/shiftreg[31]_i_1_n_0
    SLICE_X40Y59         FDRE                                         r  dbg_hub/inst/BSCANID.u_xsdbm_id/SWITCH_N_EXT_BSCAN.bscan_switch/shiftreg_reg[17]/R
  -------------------------------------------------------------------    -------------------

                         (clock dbg_hub/inst/BSCANID.u_xsdbm_id/SWITCH_N_EXT_BSCAN.bscan_inst/SERIES7_BSCAN.bscan_inst/TCK rise edge)
                                                      0.000     0.000 r  
    BSCAN_X0Y0           BSCANE2                      0.000     0.000 r  dbg_hub/inst/BSCANID.u_xsdbm_id/SWITCH_N_EXT_BSCAN.bscan_inst/SERIES7_BSCAN.bscan_inst/TCK
                         net (fo=1, routed)           1.487     1.487    dbg_hub/inst/BSCANID.u_xsdbm_id/tck_bs
    BUFGCTRL_X0Y1        BUFG (Prop_bufg_I_O)         0.091     1.578 r  dbg_hub/inst/BSCANID.u_xsdbm_id/SWITCH_N_EXT_BSCAN.u_bufg_icon_tck/O
                         net (fo=482, routed)         1.435     3.013    dbg_hub/inst/BSCANID.u_xsdbm_id/SWITCH_N_EXT_BSCAN.bscan_switch/s_bscan_tck
    SLICE_X40Y59         FDRE                                         r  dbg_hub/inst/BSCANID.u_xsdbm_id/SWITCH_N_EXT_BSCAN.bscan_switch/shiftreg_reg[17]/C

Slack:                    inf
  Source:                 dbg_hub/inst/BSCANID.u_xsdbm_id/SWITCH_N_EXT_BSCAN.bscan_inst/SERIES7_BSCAN.bscan_inst/RESET
                            (internal pin)
  Destination:            dbg_hub/inst/BSCANID.u_xsdbm_id/SWITCH_N_EXT_BSCAN.bscan_switch/shiftreg_reg[18]/R
                            (rising edge-triggered cell FDRE clocked by dbg_hub/inst/BSCANID.u_xsdbm_id/SWITCH_N_EXT_BSCAN.bscan_inst/SERIES7_BSCAN.bscan_inst/TCK  {rise@0.000ns fall@16.500ns period=33.000ns})
  Path Group:             (none)
  Path Type:              Setup (Max at Slow Process Corner)
  Data Path Delay:        4.785ns  (logic 0.146ns (3.051%)  route 4.639ns (96.949%))
  Logic Levels:           1  (LUT5=1)
  Clock Uncertainty:      0.025ns  ((TSJ^2 + TIJ^2)^1/2 + DJ) / 2 + PE
    Total System Jitter     (TSJ):    0.050ns
    Total Input Jitter      (TIJ):    0.000ns
    Discrete Jitter          (DJ):    0.000ns
    Phase Error              (PE):    0.000ns

    Location             Delay type                Incr(ns)  Path(ns)    Netlist Resource(s)
  -------------------------------------------------------------------    -------------------
    BSCAN_X0Y0           BSCANE2                      0.000     0.000 r  dbg_hub/inst/BSCANID.u_xsdbm_id/SWITCH_N_EXT_BSCAN.bscan_inst/SERIES7_BSCAN.bscan_inst/RESET
                         net (fo=79, routed)          3.076     3.076    dbg_hub/inst/BSCANID.u_xsdbm_id/SWITCH_N_EXT_BSCAN.bscan_switch/s_bscan_reset
    SLICE_X38Y56         LUT5 (Prop_lut5_I0_O)        0.146     3.222 r  dbg_hub/inst/BSCANID.u_xsdbm_id/SWITCH_N_EXT_BSCAN.bscan_switch/shiftreg[31]_i_1/O
                         net (fo=32, routed)          1.563     4.785    dbg_hub/inst/BSCANID.u_xsdbm_id/SWITCH_N_EXT_BSCAN.bscan_switch/shiftreg[31]_i_1_n_0
    SLICE_X40Y59         FDRE                                         r  dbg_hub/inst/BSCANID.u_xsdbm_id/SWITCH_N_EXT_BSCAN.bscan_switch/shiftreg_reg[18]/R
  -------------------------------------------------------------------    -------------------

                         (clock dbg_hub/inst/BSCANID.u_xsdbm_id/SWITCH_N_EXT_BSCAN.bscan_inst/SERIES7_BSCAN.bscan_inst/TCK rise edge)
                                                      0.000     0.000 r  
    BSCAN_X0Y0           BSCANE2                      0.000     0.000 r  dbg_hub/inst/BSCANID.u_xsdbm_id/SWITCH_N_EXT_BSCAN.bscan_inst/SERIES7_BSCAN.bscan_inst/TCK
                         net (fo=1, routed)           1.487     1.487    dbg_hub/inst/BSCANID.u_xsdbm_id/tck_bs
    BUFGCTRL_X0Y1        BUFG (Prop_bufg_I_O)         0.091     1.578 r  dbg_hub/inst/BSCANID.u_xsdbm_id/SWITCH_N_EXT_BSCAN.u_bufg_icon_tck/O
                         net (fo=482, routed)         1.435     3.013    dbg_hub/inst/BSCANID.u_xsdbm_id/SWITCH_N_EXT_BSCAN.bscan_switch/s_bscan_tck
    SLICE_X40Y59         FDRE                                         r  dbg_hub/inst/BSCANID.u_xsdbm_id/SWITCH_N_EXT_BSCAN.bscan_switch/shiftreg_reg[18]/C

Slack:                    inf
  Source:                 dbg_hub/inst/BSCANID.u_xsdbm_id/SWITCH_N_EXT_BSCAN.bscan_inst/SERIES7_BSCAN.bscan_inst/RESET
                            (internal pin)
  Destination:            dbg_hub/inst/BSCANID.u_xsdbm_id/SWITCH_N_EXT_BSCAN.bscan_switch/shiftreg_reg[19]/R
                            (rising edge-triggered cell FDRE clocked by dbg_hub/inst/BSCANID.u_xsdbm_id/SWITCH_N_EXT_BSCAN.bscan_inst/SERIES7_BSCAN.bscan_inst/TCK  {rise@0.000ns fall@16.500ns period=33.000ns})
  Path Group:             (none)
  Path Type:              Setup (Max at Slow Process Corner)
  Data Path Delay:        4.785ns  (logic 0.146ns (3.051%)  route 4.639ns (96.949%))
  Logic Levels:           1  (LUT5=1)
  Clock Uncertainty:      0.025ns  ((TSJ^2 + TIJ^2)^1/2 + DJ) / 2 + PE
    Total System Jitter     (TSJ):    0.050ns
    Total Input Jitter      (TIJ):    0.000ns
    Discrete Jitter          (DJ):    0.000ns
    Phase Error              (PE):    0.000ns

    Location             Delay type                Incr(ns)  Path(ns)    Netlist Resource(s)
  -------------------------------------------------------------------    -------------------
    BSCAN_X0Y0           BSCANE2                      0.000     0.000 r  dbg_hub/inst/BSCANID.u_xsdbm_id/SWITCH_N_EXT_BSCAN.bscan_inst/SERIES7_BSCAN.bscan_inst/RESET
                         net (fo=79, routed)          3.076     3.076    dbg_hub/inst/BSCANID.u_xsdbm_id/SWITCH_N_EXT_BSCAN.bscan_switch/s_bscan_reset
    SLICE_X38Y56         LUT5 (Prop_lut5_I0_O)        0.146     3.222 r  dbg_hub/inst/BSCANID.u_xsdbm_id/SWITCH_N_EXT_BSCAN.bscan_switch/shiftreg[31]_i_1/O
                         net (fo=32, routed)          1.563     4.785    dbg_hub/inst/BSCANID.u_xsdbm_id/SWITCH_N_EXT_BSCAN.bscan_switch/shiftreg[31]_i_1_n_0
    SLICE_X40Y59         FDRE                                         r  dbg_hub/inst/BSCANID.u_xsdbm_id/SWITCH_N_EXT_BSCAN.bscan_switch/shiftreg_reg[19]/R
  -------------------------------------------------------------------    -------------------

                         (clock dbg_hub/inst/BSCANID.u_xsdbm_id/SWITCH_N_EXT_BSCAN.bscan_inst/SERIES7_BSCAN.bscan_inst/TCK rise edge)
                                                      0.000     0.000 r  
    BSCAN_X0Y0           BSCANE2                      0.000     0.000 r  dbg_hub/inst/BSCANID.u_xsdbm_id/SWITCH_N_EXT_BSCAN.bscan_inst/SERIES7_BSCAN.bscan_inst/TCK
                         net (fo=1, routed)           1.487     1.487    dbg_hub/inst/BSCANID.u_xsdbm_id/tck_bs
    BUFGCTRL_X0Y1        BUFG (Prop_bufg_I_O)         0.091     1.578 r  dbg_hub/inst/BSCANID.u_xsdbm_id/SWITCH_N_EXT_BSCAN.u_bufg_icon_tck/O
                         net (fo=482, routed)         1.435     3.013    dbg_hub/inst/BSCANID.u_xsdbm_id/SWITCH_N_EXT_BSCAN.bscan_switch/s_bscan_tck
    SLICE_X40Y59         FDRE                                         r  dbg_hub/inst/BSCANID.u_xsdbm_id/SWITCH_N_EXT_BSCAN.bscan_switch/shiftreg_reg[19]/C





Min Delay Paths
--------------------------------------------------------------------------------------
Slack:                    inf
  Source:                 dbg_hub/inst/BSCANID.u_xsdbm_id/CORE_XSDB.UUT_MASTER/U_ICON_INTERFACE/U_CMD6_WR/U_WR_FIFO/SUBCORE_FIFO.xsdbm_v3_0_0_wrfifo_inst/inst_fifo_gen/gconvfifo.rf/grf.rf/gntv_or_sync_fifo.gcx.clkx/gnxpm_cdc.rd_pntr_gc_reg[3]/C
                            (rising edge-triggered cell FDCE)
  Destination:            dbg_hub/inst/BSCANID.u_xsdbm_id/CORE_XSDB.UUT_MASTER/U_ICON_INTERFACE/U_CMD6_WR/U_WR_FIFO/SUBCORE_FIFO.xsdbm_v3_0_0_wrfifo_inst/inst_fifo_gen/gconvfifo.rf/grf.rf/gntv_or_sync_fifo.gcx.clkx/gnxpm_cdc.gsync_stage[1].wr_stg_inst/Q_reg_reg[3]/D
                            (rising edge-triggered cell FDCE clocked by dbg_hub/inst/BSCANID.u_xsdbm_id/SWITCH_N_EXT_BSCAN.bscan_inst/SERIES7_BSCAN.bscan_inst/TCK  {rise@0.000ns fall@16.500ns period=33.000ns})
  Path Group:             (none)
  Path Type:              Hold (Min at Fast Process Corner)
  Data Path Delay:        0.238ns  (logic 0.141ns (59.244%)  route 0.097ns (40.756%))
  Logic Levels:           1  (FDCE=1)
  Clock Uncertainty:      0.025ns  ((TSJ^2 + TIJ^2)^1/2 + DJ) / 2 + PE
    Total System Jitter     (TSJ):    0.050ns
    Total Input Jitter      (TIJ):    0.000ns
    Discrete Jitter          (DJ):    0.000ns
    Phase Error              (PE):    0.000ns

    Location             Delay type                Incr(ns)  Path(ns)    Netlist Resource(s)
  -------------------------------------------------------------------    -------------------
    SLICE_X32Y42         FDCE                         0.000     0.000 r  dbg_hub/inst/BSCANID.u_xsdbm_id/CORE_XSDB.UUT_MASTER/U_ICON_INTERFACE/U_CMD6_WR/U_WR_FIFO/SUBCORE_FIFO.xsdbm_v3_0_0_wrfifo_inst/inst_fifo_gen/gconvfifo.rf/grf.rf/gntv_or_sync_fifo.gcx.clkx/gnxpm_cdc.rd_pntr_gc_reg[3]/C
    SLICE_X32Y42         FDCE (Prop_fdce_C_Q)         0.141     0.141 r  dbg_hub/inst/BSCANID.u_xsdbm_id/CORE_XSDB.UUT_MASTER/U_ICON_INTERFACE/U_CMD6_WR/U_WR_FIFO/SUBCORE_FIFO.xsdbm_v3_0_0_wrfifo_inst/inst_fifo_gen/gconvfifo.rf/grf.rf/gntv_or_sync_fifo.gcx.clkx/gnxpm_cdc.rd_pntr_gc_reg[3]/Q
                         net (fo=1, routed)           0.097     0.238    dbg_hub/inst/BSCANID.u_xsdbm_id/CORE_XSDB.UUT_MASTER/U_ICON_INTERFACE/U_CMD6_WR/U_WR_FIFO/SUBCORE_FIFO.xsdbm_v3_0_0_wrfifo_inst/inst_fifo_gen/gconvfifo.rf/grf.rf/gntv_or_sync_fifo.gcx.clkx/gnxpm_cdc.gsync_stage[1].wr_stg_inst/Q[3]
    SLICE_X31Y42         FDCE                                         r  dbg_hub/inst/BSCANID.u_xsdbm_id/CORE_XSDB.UUT_MASTER/U_ICON_INTERFACE/U_CMD6_WR/U_WR_FIFO/SUBCORE_FIFO.xsdbm_v3_0_0_wrfifo_inst/inst_fifo_gen/gconvfifo.rf/grf.rf/gntv_or_sync_fifo.gcx.clkx/gnxpm_cdc.gsync_stage[1].wr_stg_inst/Q_reg_reg[3]/D
  -------------------------------------------------------------------    -------------------

                         (clock dbg_hub/inst/BSCANID.u_xsdbm_id/SWITCH_N_EXT_BSCAN.bscan_inst/SERIES7_BSCAN.bscan_inst/TCK rise edge)
                                                      0.000     0.000 r  
    BSCAN_X0Y0           BSCANE2                      0.000     0.000 r  dbg_hub/inst/BSCANID.u_xsdbm_id/SWITCH_N_EXT_BSCAN.bscan_inst/SERIES7_BSCAN.bscan_inst/TCK
                         net (fo=1, routed)           0.791     0.791    dbg_hub/inst/BSCANID.u_xsdbm_id/tck_bs
    BUFGCTRL_X0Y1        BUFG (Prop_bufg_I_O)         0.029     0.820 r  dbg_hub/inst/BSCANID.u_xsdbm_id/SWITCH_N_EXT_BSCAN.u_bufg_icon_tck/O
                         net (fo=482, routed)         0.831     1.651    dbg_hub/inst/BSCANID.u_xsdbm_id/CORE_XSDB.UUT_MASTER/U_ICON_INTERFACE/U_CMD6_WR/U_WR_FIFO/SUBCORE_FIFO.xsdbm_v3_0_0_wrfifo_inst/inst_fifo_gen/gconvfifo.rf/grf.rf/gntv_or_sync_fifo.gcx.clkx/gnxpm_cdc.gsync_stage[1].wr_stg_inst/wr_clk
    SLICE_X31Y42         FDCE                                         r  dbg_hub/inst/BSCANID.u_xsdbm_id/CORE_XSDB.UUT_MASTER/U_ICON_INTERFACE/U_CMD6_WR/U_WR_FIFO/SUBCORE_FIFO.xsdbm_v3_0_0_wrfifo_inst/inst_fifo_gen/gconvfifo.rf/grf.rf/gntv_or_sync_fifo.gcx.clkx/gnxpm_cdc.gsync_stage[1].wr_stg_inst/Q_reg_reg[3]/C

Slack:                    inf
  Source:                 dbg_hub/inst/BSCANID.u_xsdbm_id/CORE_XSDB.UUT_MASTER/U_ICON_INTERFACE/U_CMD6_RD/U_RD_FIFO/SUBCORE_FIFO.xsdbm_v3_0_0_rdfifo_inst/inst_fifo_gen/gconvfifo.rf/grf.rf/gntv_or_sync_fifo.gcx.clkx/gnxpm_cdc.wr_pntr_gc_reg[1]/C
                            (rising edge-triggered cell FDCE)
  Destination:            dbg_hub/inst/BSCANID.u_xsdbm_id/CORE_XSDB.UUT_MASTER/U_ICON_INTERFACE/U_CMD6_RD/U_RD_FIFO/SUBCORE_FIFO.xsdbm_v3_0_0_rdfifo_inst/inst_fifo_gen/gconvfifo.rf/grf.rf/gntv_or_sync_fifo.gcx.clkx/gnxpm_cdc.gsync_stage[1].rd_stg_inst/Q_reg_reg[1]/D
                            (rising edge-triggered cell FDCE clocked by dbg_hub/inst/BSCANID.u_xsdbm_id/SWITCH_N_EXT_BSCAN.bscan_inst/SERIES7_BSCAN.bscan_inst/TCK  {rise@0.000ns fall@16.500ns period=33.000ns})
  Path Group:             (none)
  Path Type:              Hold (Min at Fast Process Corner)
  Data Path Delay:        0.257ns  (logic 0.148ns (57.673%)  route 0.109ns (42.327%))
  Logic Levels:           1  (FDCE=1)
  Clock Uncertainty:      0.025ns  ((TSJ^2 + TIJ^2)^1/2 + DJ) / 2 + PE
    Total System Jitter     (TSJ):    0.050ns
    Total Input Jitter      (TIJ):    0.000ns
    Discrete Jitter          (DJ):    0.000ns
    Phase Error              (PE):    0.000ns

    Location             Delay type                Incr(ns)  Path(ns)    Netlist Resource(s)
  -------------------------------------------------------------------    -------------------
    SLICE_X46Y48         FDCE                         0.000     0.000 r  dbg_hub/inst/BSCANID.u_xsdbm_id/CORE_XSDB.UUT_MASTER/U_ICON_INTERFACE/U_CMD6_RD/U_RD_FIFO/SUBCORE_FIFO.xsdbm_v3_0_0_rdfifo_inst/inst_fifo_gen/gconvfifo.rf/grf.rf/gntv_or_sync_fifo.gcx.clkx/gnxpm_cdc.wr_pntr_gc_reg[1]/C
    SLICE_X46Y48         FDCE (Prop_fdce_C_Q)         0.148     0.148 r  dbg_hub/inst/BSCANID.u_xsdbm_id/CORE_XSDB.UUT_MASTER/U_ICON_INTERFACE/U_CMD6_RD/U_RD_FIFO/SUBCORE_FIFO.xsdbm_v3_0_0_rdfifo_inst/inst_fifo_gen/gconvfifo.rf/grf.rf/gntv_or_sync_fifo.gcx.clkx/gnxpm_cdc.wr_pntr_gc_reg[1]/Q
                         net (fo=1, routed)           0.109     0.257    dbg_hub/inst/BSCANID.u_xsdbm_id/CORE_XSDB.UUT_MASTER/U_ICON_INTERFACE/U_CMD6_RD/U_RD_FIFO/SUBCORE_FIFO.xsdbm_v3_0_0_rdfifo_inst/inst_fifo_gen/gconvfifo.rf/grf.rf/gntv_or_sync_fifo.gcx.clkx/gnxpm_cdc.gsync_stage[1].rd_stg_inst/Q[1]
    SLICE_X47Y48         FDCE                                         r  dbg_hub/inst/BSCANID.u_xsdbm_id/CORE_XSDB.UUT_MASTER/U_ICON_INTERFACE/U_CMD6_RD/U_RD_FIFO/SUBCORE_FIFO.xsdbm_v3_0_0_rdfifo_inst/inst_fifo_gen/gconvfifo.rf/grf.rf/gntv_or_sync_fifo.gcx.clkx/gnxpm_cdc.gsync_stage[1].rd_stg_inst/Q_reg_reg[1]/D
  -------------------------------------------------------------------    -------------------

                         (clock dbg_hub/inst/BSCANID.u_xsdbm_id/SWITCH_N_EXT_BSCAN.bscan_inst/SERIES7_BSCAN.bscan_inst/TCK rise edge)
                                                      0.000     0.000 r  
    BSCAN_X0Y0           BSCANE2                      0.000     0.000 r  dbg_hub/inst/BSCANID.u_xsdbm_id/SWITCH_N_EXT_BSCAN.bscan_inst/SERIES7_BSCAN.bscan_inst/TCK
                         net (fo=1, routed)           0.791     0.791    dbg_hub/inst/BSCANID.u_xsdbm_id/tck_bs
    BUFGCTRL_X0Y1        BUFG (Prop_bufg_I_O)         0.029     0.820 r  dbg_hub/inst/BSCANID.u_xsdbm_id/SWITCH_N_EXT_BSCAN.u_bufg_icon_tck/O
                         net (fo=482, routed)         0.835     1.655    dbg_hub/inst/BSCANID.u_xsdbm_id/CORE_XSDB.UUT_MASTER/U_ICON_INTERFACE/U_CMD6_RD/U_RD_FIFO/SUBCORE_FIFO.xsdbm_v3_0_0_rdfifo_inst/inst_fifo_gen/gconvfifo.rf/grf.rf/gntv_or_sync_fifo.gcx.clkx/gnxpm_cdc.gsync_stage[1].rd_stg_inst/rd_clk
    SLICE_X47Y48         FDCE                                         r  dbg_hub/inst/BSCANID.u_xsdbm_id/CORE_XSDB.UUT_MASTER/U_ICON_INTERFACE/U_CMD6_RD/U_RD_FIFO/SUBCORE_FIFO.xsdbm_v3_0_0_rdfifo_inst/inst_fifo_gen/gconvfifo.rf/grf.rf/gntv_or_sync_fifo.gcx.clkx/gnxpm_cdc.gsync_stage[1].rd_stg_inst/Q_reg_reg[1]/C

Slack:                    inf
  Source:                 dbg_hub/inst/BSCANID.u_xsdbm_id/CORE_XSDB.UUT_MASTER/U_ICON_INTERFACE/U_CMD6_WR/U_WR_FIFO/SUBCORE_FIFO.xsdbm_v3_0_0_wrfifo_inst/inst_fifo_gen/gconvfifo.rf/grf.rf/gntv_or_sync_fifo.gcx.clkx/gnxpm_cdc.rd_pntr_gc_reg[0]/C
                            (rising edge-triggered cell FDCE)
  Destination:            dbg_hub/inst/BSCANID.u_xsdbm_id/CORE_XSDB.UUT_MASTER/U_ICON_INTERFACE/U_CMD6_WR/U_WR_FIFO/SUBCORE_FIFO.xsdbm_v3_0_0_wrfifo_inst/inst_fifo_gen/gconvfifo.rf/grf.rf/gntv_or_sync_fifo.gcx.clkx/gnxpm_cdc.gsync_stage[1].wr_stg_inst/Q_reg_reg[0]/D
                            (rising edge-triggered cell FDCE clocked by dbg_hub/inst/BSCANID.u_xsdbm_id/SWITCH_N_EXT_BSCAN.bscan_inst/SERIES7_BSCAN.bscan_inst/TCK  {rise@0.000ns fall@16.500ns period=33.000ns})
  Path Group:             (none)
  Path Type:              Hold (Min at Fast Process Corner)
  Data Path Delay:        0.349ns  (logic 0.128ns (36.652%)  route 0.221ns (63.348%))
  Logic Levels:           1  (FDCE=1)
  Clock Uncertainty:      0.025ns  ((TSJ^2 + TIJ^2)^1/2 + DJ) / 2 + PE
    Total System Jitter     (TSJ):    0.050ns
    Total Input Jitter      (TIJ):    0.000ns
    Discrete Jitter          (DJ):    0.000ns
    Phase Error              (PE):    0.000ns

    Location             Delay type                Incr(ns)  Path(ns)    Netlist Resource(s)
  -------------------------------------------------------------------    -------------------
    SLICE_X32Y42         FDCE                         0.000     0.000 r  dbg_hub/inst/BSCANID.u_xsdbm_id/CORE_XSDB.UUT_MASTER/U_ICON_INTERFACE/U_CMD6_WR/U_WR_FIFO/SUBCORE_FIFO.xsdbm_v3_0_0_wrfifo_inst/inst_fifo_gen/gconvfifo.rf/grf.rf/gntv_or_sync_fifo.gcx.clkx/gnxpm_cdc.rd_pntr_gc_reg[0]/C
    SLICE_X32Y42         FDCE (Prop_fdce_C_Q)         0.128     0.128 r  dbg_hub/inst/BSCANID.u_xsdbm_id/CORE_XSDB.UUT_MASTER/U_ICON_INTERFACE/U_CMD6_WR/U_WR_FIFO/SUBCORE_FIFO.xsdbm_v3_0_0_wrfifo_inst/inst_fifo_gen/gconvfifo.rf/grf.rf/gntv_or_sync_fifo.gcx.clkx/gnxpm_cdc.rd_pntr_gc_reg[0]/Q
                         net (fo=1, routed)           0.221     0.349    dbg_hub/inst/BSCANID.u_xsdbm_id/CORE_XSDB.UUT_MASTER/U_ICON_INTERFACE/U_CMD6_WR/U_WR_FIFO/SUBCORE_FIFO.xsdbm_v3_0_0_wrfifo_inst/inst_fifo_gen/gconvfifo.rf/grf.rf/gntv_or_sync_fifo.gcx.clkx/gnxpm_cdc.gsync_stage[1].wr_stg_inst/Q[0]
    SLICE_X30Y41         FDCE                                         r  dbg_hub/inst/BSCANID.u_xsdbm_id/CORE_XSDB.UUT_MASTER/U_ICON_INTERFACE/U_CMD6_WR/U_WR_FIFO/SUBCORE_FIFO.xsdbm_v3_0_0_wrfifo_inst/inst_fifo_gen/gconvfifo.rf/grf.rf/gntv_or_sync_fifo.gcx.clkx/gnxpm_cdc.gsync_stage[1].wr_stg_inst/Q_reg_reg[0]/D
  -------------------------------------------------------------------    -------------------

                         (clock dbg_hub/inst/BSCANID.u_xsdbm_id/SWITCH_N_EXT_BSCAN.bscan_inst/SERIES7_BSCAN.bscan_inst/TCK rise edge)
                                                      0.000     0.000 r  
    BSCAN_X0Y0           BSCANE2                      0.000     0.000 r  dbg_hub/inst/BSCANID.u_xsdbm_id/SWITCH_N_EXT_BSCAN.bscan_inst/SERIES7_BSCAN.bscan_inst/TCK
                         net (fo=1, routed)           0.791     0.791    dbg_hub/inst/BSCANID.u_xsdbm_id/tck_bs
    BUFGCTRL_X0Y1        BUFG (Prop_bufg_I_O)         0.029     0.820 r  dbg_hub/inst/BSCANID.u_xsdbm_id/SWITCH_N_EXT_BSCAN.u_bufg_icon_tck/O
                         net (fo=482, routed)         0.831     1.651    dbg_hub/inst/BSCANID.u_xsdbm_id/CORE_XSDB.UUT_MASTER/U_ICON_INTERFACE/U_CMD6_WR/U_WR_FIFO/SUBCORE_FIFO.xsdbm_v3_0_0_wrfifo_inst/inst_fifo_gen/gconvfifo.rf/grf.rf/gntv_or_sync_fifo.gcx.clkx/gnxpm_cdc.gsync_stage[1].wr_stg_inst/wr_clk
    SLICE_X30Y41         FDCE                                         r  dbg_hub/inst/BSCANID.u_xsdbm_id/CORE_XSDB.UUT_MASTER/U_ICON_INTERFACE/U_CMD6_WR/U_WR_FIFO/SUBCORE_FIFO.xsdbm_v3_0_0_wrfifo_inst/inst_fifo_gen/gconvfifo.rf/grf.rf/gntv_or_sync_fifo.gcx.clkx/gnxpm_cdc.gsync_stage[1].wr_stg_inst/Q_reg_reg[0]/C

Slack:                    inf
  Source:                 dbg_hub/inst/BSCANID.u_xsdbm_id/CORE_XSDB.UUT_MASTER/U_ICON_INTERFACE/U_CMD6_WR/U_WR_FIFO/SUBCORE_FIFO.xsdbm_v3_0_0_wrfifo_inst/inst_fifo_gen/gconvfifo.rf/grf.rf/gntv_or_sync_fifo.gcx.clkx/gnxpm_cdc.rd_pntr_gc_reg[2]/C
                            (rising edge-triggered cell FDCE)
  Destination:            dbg_hub/inst/BSCANID.u_xsdbm_id/CORE_XSDB.UUT_MASTER/U_ICON_INTERFACE/U_CMD6_WR/U_WR_FIFO/SUBCORE_FIFO.xsdbm_v3_0_0_wrfifo_inst/inst_fifo_gen/gconvfifo.rf/grf.rf/gntv_or_sync_fifo.gcx.clkx/gnxpm_cdc.gsync_stage[1].wr_stg_inst/Q_reg_reg[2]/D
                            (rising edge-triggered cell FDCE clocked by dbg_hub/inst/BSCANID.u_xsdbm_id/SWITCH_N_EXT_BSCAN.bscan_inst/SERIES7_BSCAN.bscan_inst/TCK  {rise@0.000ns fall@16.500ns period=33.000ns})
  Path Group:             (none)
  Path Type:              Hold (Min at Fast Process Corner)
  Data Path Delay:        0.354ns  (logic 0.141ns (39.858%)  route 0.213ns (60.142%))
  Logic Levels:           1  (FDCE=1)
  Clock Uncertainty:      0.025ns  ((TSJ^2 + TIJ^2)^1/2 + DJ) / 2 + PE
    Total System Jitter     (TSJ):    0.050ns
    Total Input Jitter      (TIJ):    0.000ns
    Discrete Jitter          (DJ):    0.000ns
    Phase Error              (PE):    0.000ns

    Location             Delay type                Incr(ns)  Path(ns)    Netlist Resource(s)
  -------------------------------------------------------------------    -------------------
    SLICE_X32Y44         FDCE                         0.000     0.000 r  dbg_hub/inst/BSCANID.u_xsdbm_id/CORE_XSDB.UUT_MASTER/U_ICON_INTERFACE/U_CMD6_WR/U_WR_FIFO/SUBCORE_FIFO.xsdbm_v3_0_0_wrfifo_inst/inst_fifo_gen/gconvfifo.rf/grf.rf/gntv_or_sync_fifo.gcx.clkx/gnxpm_cdc.rd_pntr_gc_reg[2]/C
    SLICE_X32Y44         FDCE (Prop_fdce_C_Q)         0.141     0.141 r  dbg_hub/inst/BSCANID.u_xsdbm_id/CORE_XSDB.UUT_MASTER/U_ICON_INTERFACE/U_CMD6_WR/U_WR_FIFO/SUBCORE_FIFO.xsdbm_v3_0_0_wrfifo_inst/inst_fifo_gen/gconvfifo.rf/grf.rf/gntv_or_sync_fifo.gcx.clkx/gnxpm_cdc.rd_pntr_gc_reg[2]/Q
                         net (fo=1, routed)           0.213     0.354    dbg_hub/inst/BSCANID.u_xsdbm_id/CORE_XSDB.UUT_MASTER/U_ICON_INTERFACE/U_CMD6_WR/U_WR_FIFO/SUBCORE_FIFO.xsdbm_v3_0_0_wrfifo_inst/inst_fifo_gen/gconvfifo.rf/grf.rf/gntv_or_sync_fifo.gcx.clkx/gnxpm_cdc.gsync_stage[1].wr_stg_inst/Q[2]
    SLICE_X31Y42         FDCE                                         r  dbg_hub/inst/BSCANID.u_xsdbm_id/CORE_XSDB.UUT_MASTER/U_ICON_INTERFACE/U_CMD6_WR/U_WR_FIFO/SUBCORE_FIFO.xsdbm_v3_0_0_wrfifo_inst/inst_fifo_gen/gconvfifo.rf/grf.rf/gntv_or_sync_fifo.gcx.clkx/gnxpm_cdc.gsync_stage[1].wr_stg_inst/Q_reg_reg[2]/D
  -------------------------------------------------------------------    -------------------

                         (clock dbg_hub/inst/BSCANID.u_xsdbm_id/SWITCH_N_EXT_BSCAN.bscan_inst/SERIES7_BSCAN.bscan_inst/TCK rise edge)
                                                      0.000     0.000 r  
    BSCAN_X0Y0           BSCANE2                      0.000     0.000 r  dbg_hub/inst/BSCANID.u_xsdbm_id/SWITCH_N_EXT_BSCAN.bscan_inst/SERIES7_BSCAN.bscan_inst/TCK
                         net (fo=1, routed)           0.791     0.791    dbg_hub/inst/BSCANID.u_xsdbm_id/tck_bs
    BUFGCTRL_X0Y1        BUFG (Prop_bufg_I_O)         0.029     0.820 r  dbg_hub/inst/BSCANID.u_xsdbm_id/SWITCH_N_EXT_BSCAN.u_bufg_icon_tck/O
                         net (fo=482, routed)         0.831     1.651    dbg_hub/inst/BSCANID.u_xsdbm_id/CORE_XSDB.UUT_MASTER/U_ICON_INTERFACE/U_CMD6_WR/U_WR_FIFO/SUBCORE_FIFO.xsdbm_v3_0_0_wrfifo_inst/inst_fifo_gen/gconvfifo.rf/grf.rf/gntv_or_sync_fifo.gcx.clkx/gnxpm_cdc.gsync_stage[1].wr_stg_inst/wr_clk
    SLICE_X31Y42         FDCE                                         r  dbg_hub/inst/BSCANID.u_xsdbm_id/CORE_XSDB.UUT_MASTER/U_ICON_INTERFACE/U_CMD6_WR/U_WR_FIFO/SUBCORE_FIFO.xsdbm_v3_0_0_wrfifo_inst/inst_fifo_gen/gconvfifo.rf/grf.rf/gntv_or_sync_fifo.gcx.clkx/gnxpm_cdc.gsync_stage[1].wr_stg_inst/Q_reg_reg[2]/C

Slack:                    inf
  Source:                 dbg_hub/inst/BSCANID.u_xsdbm_id/CORE_XSDB.UUT_MASTER/U_ICON_INTERFACE/U_CMD6_RD/U_RD_FIFO/SUBCORE_FIFO.xsdbm_v3_0_0_rdfifo_inst/inst_fifo_gen/gconvfifo.rf/grf.rf/gntv_or_sync_fifo.gcx.clkx/gnxpm_cdc.wr_pntr_gc_reg[0]/C
                            (rising edge-triggered cell FDCE)
  Destination:            dbg_hub/inst/BSCANID.u_xsdbm_id/CORE_XSDB.UUT_MASTER/U_ICON_INTERFACE/U_CMD6_RD/U_RD_FIFO/SUBCORE_FIFO.xsdbm_v3_0_0_rdfifo_inst/inst_fifo_gen/gconvfifo.rf/grf.rf/gntv_or_sync_fifo.gcx.clkx/gnxpm_cdc.gsync_stage[1].rd_stg_inst/Q_reg_reg[0]/D
                            (rising edge-triggered cell FDCE clocked by dbg_hub/inst/BSCANID.u_xsdbm_id/SWITCH_N_EXT_BSCAN.bscan_inst/SERIES7_BSCAN.bscan_inst/TCK  {rise@0.000ns fall@16.500ns period=33.000ns})
  Path Group:             (none)
  Path Type:              Hold (Min at Fast Process Corner)
  Data Path Delay:        0.356ns  (logic 0.164ns (46.087%)  route 0.192ns (53.913%))
  Logic Levels:           1  (FDCE=1)
  Clock Uncertainty:      0.025ns  ((TSJ^2 + TIJ^2)^1/2 + DJ) / 2 + PE
    Total System Jitter     (TSJ):    0.050ns
    Total Input Jitter      (TIJ):    0.000ns
    Discrete Jitter          (DJ):    0.000ns
    Phase Error              (PE):    0.000ns

    Location             Delay type                Incr(ns)  Path(ns)    Netlist Resource(s)
  -------------------------------------------------------------------    -------------------
    SLICE_X46Y48         FDCE                         0.000     0.000 r  dbg_hub/inst/BSCANID.u_xsdbm_id/CORE_XSDB.UUT_MASTER/U_ICON_INTERFACE/U_CMD6_RD/U_RD_FIFO/SUBCORE_FIFO.xsdbm_v3_0_0_rdfifo_inst/inst_fifo_gen/gconvfifo.rf/grf.rf/gntv_or_sync_fifo.gcx.clkx/gnxpm_cdc.wr_pntr_gc_reg[0]/C
    SLICE_X46Y48         FDCE (Prop_fdce_C_Q)         0.164     0.164 r  dbg_hub/inst/BSCANID.u_xsdbm_id/CORE_XSDB.UUT_MASTER/U_ICON_INTERFACE/U_CMD6_RD/U_RD_FIFO/SUBCORE_FIFO.xsdbm_v3_0_0_rdfifo_inst/inst_fifo_gen/gconvfifo.rf/grf.rf/gntv_or_sync_fifo.gcx.clkx/gnxpm_cdc.wr_pntr_gc_reg[0]/Q
                         net (fo=1, routed)           0.192     0.356    dbg_hub/inst/BSCANID.u_xsdbm_id/CORE_XSDB.UUT_MASTER/U_ICON_INTERFACE/U_CMD6_RD/U_RD_FIFO/SUBCORE_FIFO.xsdbm_v3_0_0_rdfifo_inst/inst_fifo_gen/gconvfifo.rf/grf.rf/gntv_or_sync_fifo.gcx.clkx/gnxpm_cdc.gsync_stage[1].rd_stg_inst/Q[0]
    SLICE_X49Y48         FDCE                                         r  dbg_hub/inst/BSCANID.u_xsdbm_id/CORE_XSDB.UUT_MASTER/U_ICON_INTERFACE/U_CMD6_RD/U_RD_FIFO/SUBCORE_FIFO.xsdbm_v3_0_0_rdfifo_inst/inst_fifo_gen/gconvfifo.rf/grf.rf/gntv_or_sync_fifo.gcx.clkx/gnxpm_cdc.gsync_stage[1].rd_stg_inst/Q_reg_reg[0]/D
  -------------------------------------------------------------------    -------------------

                         (clock dbg_hub/inst/BSCANID.u_xsdbm_id/SWITCH_N_EXT_BSCAN.bscan_inst/SERIES7_BSCAN.bscan_inst/TCK rise edge)
                                                      0.000     0.000 r  
    BSCAN_X0Y0           BSCANE2                      0.000     0.000 r  dbg_hub/inst/BSCANID.u_xsdbm_id/SWITCH_N_EXT_BSCAN.bscan_inst/SERIES7_BSCAN.bscan_inst/TCK
                         net (fo=1, routed)           0.791     0.791    dbg_hub/inst/BSCANID.u_xsdbm_id/tck_bs
    BUFGCTRL_X0Y1        BUFG (Prop_bufg_I_O)         0.029     0.820 r  dbg_hub/inst/BSCANID.u_xsdbm_id/SWITCH_N_EXT_BSCAN.u_bufg_icon_tck/O
                         net (fo=482, routed)         0.837     1.657    dbg_hub/inst/BSCANID.u_xsdbm_id/CORE_XSDB.UUT_MASTER/U_ICON_INTERFACE/U_CMD6_RD/U_RD_FIFO/SUBCORE_FIFO.xsdbm_v3_0_0_rdfifo_inst/inst_fifo_gen/gconvfifo.rf/grf.rf/gntv_or_sync_fifo.gcx.clkx/gnxpm_cdc.gsync_stage[1].rd_stg_inst/rd_clk
    SLICE_X49Y48         FDCE                                         r  dbg_hub/inst/BSCANID.u_xsdbm_id/CORE_XSDB.UUT_MASTER/U_ICON_INTERFACE/U_CMD6_RD/U_RD_FIFO/SUBCORE_FIFO.xsdbm_v3_0_0_rdfifo_inst/inst_fifo_gen/gconvfifo.rf/grf.rf/gntv_or_sync_fifo.gcx.clkx/gnxpm_cdc.gsync_stage[1].rd_stg_inst/Q_reg_reg[0]/C

Slack:                    inf
  Source:                 dbg_hub/inst/BSCANID.u_xsdbm_id/CORE_XSDB.UUT_MASTER/U_ICON_INTERFACE/U_CMD6_WR/U_WR_FIFO/SUBCORE_FIFO.xsdbm_v3_0_0_wrfifo_inst/inst_fifo_gen/gconvfifo.rf/grf.rf/gntv_or_sync_fifo.gcx.clkx/gnxpm_cdc.rd_pntr_gc_reg[1]/C
                            (rising edge-triggered cell FDCE)
  Destination:            dbg_hub/inst/BSCANID.u_xsdbm_id/CORE_XSDB.UUT_MASTER/U_ICON_INTERFACE/U_CMD6_WR/U_WR_FIFO/SUBCORE_FIFO.xsdbm_v3_0_0_wrfifo_inst/inst_fifo_gen/gconvfifo.rf/grf.rf/gntv_or_sync_fifo.gcx.clkx/gnxpm_cdc.gsync_stage[1].wr_stg_inst/Q_reg_reg[1]/D
                            (rising edge-triggered cell FDCE clocked by dbg_hub/inst/BSCANID.u_xsdbm_id/SWITCH_N_EXT_BSCAN.bscan_inst/SERIES7_BSCAN.bscan_inst/TCK  {rise@0.000ns fall@16.500ns period=33.000ns})
  Path Group:             (none)
  Path Type:              Hold (Min at Fast Process Corner)
  Data Path Delay:        0.394ns  (logic 0.164ns (41.642%)  route 0.230ns (58.358%))
  Logic Levels:           1  (FDCE=1)
  Clock Uncertainty:      0.025ns  ((TSJ^2 + TIJ^2)^1/2 + DJ) / 2 + PE
    Total System Jitter     (TSJ):    0.050ns
    Total Input Jitter      (TIJ):    0.000ns
    Discrete Jitter          (DJ):    0.000ns
    Phase Error              (PE):    0.000ns

    Location             Delay type                Incr(ns)  Path(ns)    Netlist Resource(s)
  -------------------------------------------------------------------    -------------------
    SLICE_X30Y42         FDCE                         0.000     0.000 r  dbg_hub/inst/BSCANID.u_xsdbm_id/CORE_XSDB.UUT_MASTER/U_ICON_INTERFACE/U_CMD6_WR/U_WR_FIFO/SUBCORE_FIFO.xsdbm_v3_0_0_wrfifo_inst/inst_fifo_gen/gconvfifo.rf/grf.rf/gntv_or_sync_fifo.gcx.clkx/gnxpm_cdc.rd_pntr_gc_reg[1]/C
    SLICE_X30Y42         FDCE (Prop_fdce_C_Q)         0.164     0.164 r  dbg_hub/inst/BSCANID.u_xsdbm_id/CORE_XSDB.UUT_MASTER/U_ICON_INTERFACE/U_CMD6_WR/U_WR_FIFO/SUBCORE_FIFO.xsdbm_v3_0_0_wrfifo_inst/inst_fifo_gen/gconvfifo.rf/grf.rf/gntv_or_sync_fifo.gcx.clkx/gnxpm_cdc.rd_pntr_gc_reg[1]/Q
                         net (fo=1, routed)           0.230     0.394    dbg_hub/inst/BSCANID.u_xsdbm_id/CORE_XSDB.UUT_MASTER/U_ICON_INTERFACE/U_CMD6_WR/U_WR_FIFO/SUBCORE_FIFO.xsdbm_v3_0_0_wrfifo_inst/inst_fifo_gen/gconvfifo.rf/grf.rf/gntv_or_sync_fifo.gcx.clkx/gnxpm_cdc.gsync_stage[1].wr_stg_inst/Q[1]
    SLICE_X30Y41         FDCE                                         r  dbg_hub/inst/BSCANID.u_xsdbm_id/CORE_XSDB.UUT_MASTER/U_ICON_INTERFACE/U_CMD6_WR/U_WR_FIFO/SUBCORE_FIFO.xsdbm_v3_0_0_wrfifo_inst/inst_fifo_gen/gconvfifo.rf/grf.rf/gntv_or_sync_fifo.gcx.clkx/gnxpm_cdc.gsync_stage[1].wr_stg_inst/Q_reg_reg[1]/D
  -------------------------------------------------------------------    -------------------

                         (clock dbg_hub/inst/BSCANID.u_xsdbm_id/SWITCH_N_EXT_BSCAN.bscan_inst/SERIES7_BSCAN.bscan_inst/TCK rise edge)
                                                      0.000     0.000 r  
    BSCAN_X0Y0           BSCANE2                      0.000     0.000 r  dbg_hub/inst/BSCANID.u_xsdbm_id/SWITCH_N_EXT_BSCAN.bscan_inst/SERIES7_BSCAN.bscan_inst/TCK
                         net (fo=1, routed)           0.791     0.791    dbg_hub/inst/BSCANID.u_xsdbm_id/tck_bs
    BUFGCTRL_X0Y1        BUFG (Prop_bufg_I_O)         0.029     0.820 r  dbg_hub/inst/BSCANID.u_xsdbm_id/SWITCH_N_EXT_BSCAN.u_bufg_icon_tck/O
                         net (fo=482, routed)         0.831     1.651    dbg_hub/inst/BSCANID.u_xsdbm_id/CORE_XSDB.UUT_MASTER/U_ICON_INTERFACE/U_CMD6_WR/U_WR_FIFO/SUBCORE_FIFO.xsdbm_v3_0_0_wrfifo_inst/inst_fifo_gen/gconvfifo.rf/grf.rf/gntv_or_sync_fifo.gcx.clkx/gnxpm_cdc.gsync_stage[1].wr_stg_inst/wr_clk
    SLICE_X30Y41         FDCE                                         r  dbg_hub/inst/BSCANID.u_xsdbm_id/CORE_XSDB.UUT_MASTER/U_ICON_INTERFACE/U_CMD6_WR/U_WR_FIFO/SUBCORE_FIFO.xsdbm_v3_0_0_wrfifo_inst/inst_fifo_gen/gconvfifo.rf/grf.rf/gntv_or_sync_fifo.gcx.clkx/gnxpm_cdc.gsync_stage[1].wr_stg_inst/Q_reg_reg[1]/C

Slack:                    inf
  Source:                 dbg_hub/inst/BSCANID.u_xsdbm_id/CORE_XSDB.UUT_MASTER/U_ICON_INTERFACE/U_CMD6_RD/U_RD_FIFO/SUBCORE_FIFO.xsdbm_v3_0_0_rdfifo_inst/inst_fifo_gen/gconvfifo.rf/grf.rf/gntv_or_sync_fifo.gcx.clkx/gnxpm_cdc.wr_pntr_gc_reg[3]/C
                            (rising edge-triggered cell FDCE)
  Destination:            dbg_hub/inst/BSCANID.u_xsdbm_id/CORE_XSDB.UUT_MASTER/U_ICON_INTERFACE/U_CMD6_RD/U_RD_FIFO/SUBCORE_FIFO.xsdbm_v3_0_0_rdfifo_inst/inst_fifo_gen/gconvfifo.rf/grf.rf/gntv_or_sync_fifo.gcx.clkx/gnxpm_cdc.gsync_stage[1].rd_stg_inst/Q_reg_reg[3]/D
                            (rising edge-triggered cell FDCE clocked by dbg_hub/inst/BSCANID.u_xsdbm_id/SWITCH_N_EXT_BSCAN.bscan_inst/SERIES7_BSCAN.bscan_inst/TCK  {rise@0.000ns fall@16.500ns period=33.000ns})
  Path Group:             (none)
  Path Type:              Hold (Min at Fast Process Corner)
  Data Path Delay:        0.437ns  (logic 0.148ns (33.854%)  route 0.289ns (66.146%))
  Logic Levels:           1  (FDCE=1)
  Clock Uncertainty:      0.025ns  ((TSJ^2 + TIJ^2)^1/2 + DJ) / 2 + PE
    Total System Jitter     (TSJ):    0.050ns
    Total Input Jitter      (TIJ):    0.000ns
    Discrete Jitter          (DJ):    0.000ns
    Phase Error              (PE):    0.000ns

    Location             Delay type                Incr(ns)  Path(ns)    Netlist Resource(s)
  -------------------------------------------------------------------    -------------------
    SLICE_X46Y48         FDCE                         0.000     0.000 r  dbg_hub/inst/BSCANID.u_xsdbm_id/CORE_XSDB.UUT_MASTER/U_ICON_INTERFACE/U_CMD6_RD/U_RD_FIFO/SUBCORE_FIFO.xsdbm_v3_0_0_rdfifo_inst/inst_fifo_gen/gconvfifo.rf/grf.rf/gntv_or_sync_fifo.gcx.clkx/gnxpm_cdc.wr_pntr_gc_reg[3]/C
    SLICE_X46Y48         FDCE (Prop_fdce_C_Q)         0.148     0.148 r  dbg_hub/inst/BSCANID.u_xsdbm_id/CORE_XSDB.UUT_MASTER/U_ICON_INTERFACE/U_CMD6_RD/U_RD_FIFO/SUBCORE_FIFO.xsdbm_v3_0_0_rdfifo_inst/inst_fifo_gen/gconvfifo.rf/grf.rf/gntv_or_sync_fifo.gcx.clkx/gnxpm_cdc.wr_pntr_gc_reg[3]/Q
                         net (fo=1, routed)           0.289     0.437    dbg_hub/inst/BSCANID.u_xsdbm_id/CORE_XSDB.UUT_MASTER/U_ICON_INTERFACE/U_CMD6_RD/U_RD_FIFO/SUBCORE_FIFO.xsdbm_v3_0_0_rdfifo_inst/inst_fifo_gen/gconvfifo.rf/grf.rf/gntv_or_sync_fifo.gcx.clkx/gnxpm_cdc.gsync_stage[1].rd_stg_inst/Q[3]
    SLICE_X49Y48         FDCE                                         r  dbg_hub/inst/BSCANID.u_xsdbm_id/CORE_XSDB.UUT_MASTER/U_ICON_INTERFACE/U_CMD6_RD/U_RD_FIFO/SUBCORE_FIFO.xsdbm_v3_0_0_rdfifo_inst/inst_fifo_gen/gconvfifo.rf/grf.rf/gntv_or_sync_fifo.gcx.clkx/gnxpm_cdc.gsync_stage[1].rd_stg_inst/Q_reg_reg[3]/D
  -------------------------------------------------------------------    -------------------

                         (clock dbg_hub/inst/BSCANID.u_xsdbm_id/SWITCH_N_EXT_BSCAN.bscan_inst/SERIES7_BSCAN.bscan_inst/TCK rise edge)
                                                      0.000     0.000 r  
    BSCAN_X0Y0           BSCANE2                      0.000     0.000 r  dbg_hub/inst/BSCANID.u_xsdbm_id/SWITCH_N_EXT_BSCAN.bscan_inst/SERIES7_BSCAN.bscan_inst/TCK
                         net (fo=1, routed)           0.791     0.791    dbg_hub/inst/BSCANID.u_xsdbm_id/tck_bs
    BUFGCTRL_X0Y1        BUFG (Prop_bufg_I_O)         0.029     0.820 r  dbg_hub/inst/BSCANID.u_xsdbm_id/SWITCH_N_EXT_BSCAN.u_bufg_icon_tck/O
                         net (fo=482, routed)         0.837     1.657    dbg_hub/inst/BSCANID.u_xsdbm_id/CORE_XSDB.UUT_MASTER/U_ICON_INTERFACE/U_CMD6_RD/U_RD_FIFO/SUBCORE_FIFO.xsdbm_v3_0_0_rdfifo_inst/inst_fifo_gen/gconvfifo.rf/grf.rf/gntv_or_sync_fifo.gcx.clkx/gnxpm_cdc.gsync_stage[1].rd_stg_inst/rd_clk
    SLICE_X49Y48         FDCE                                         r  dbg_hub/inst/BSCANID.u_xsdbm_id/CORE_XSDB.UUT_MASTER/U_ICON_INTERFACE/U_CMD6_RD/U_RD_FIFO/SUBCORE_FIFO.xsdbm_v3_0_0_rdfifo_inst/inst_fifo_gen/gconvfifo.rf/grf.rf/gntv_or_sync_fifo.gcx.clkx/gnxpm_cdc.gsync_stage[1].rd_stg_inst/Q_reg_reg[3]/C

Slack:                    inf
  Source:                 dbg_hub/inst/BSCANID.u_xsdbm_id/CORE_XSDB.UUT_MASTER/U_ICON_INTERFACE/U_CMD6_RD/U_RD_FIFO/SUBCORE_FIFO.xsdbm_v3_0_0_rdfifo_inst/inst_fifo_gen/gconvfifo.rf/grf.rf/gntv_or_sync_fifo.gcx.clkx/gnxpm_cdc.wr_pntr_gc_reg[2]/C
                            (rising edge-triggered cell FDCE)
  Destination:            dbg_hub/inst/BSCANID.u_xsdbm_id/CORE_XSDB.UUT_MASTER/U_ICON_INTERFACE/U_CMD6_RD/U_RD_FIFO/SUBCORE_FIFO.xsdbm_v3_0_0_rdfifo_inst/inst_fifo_gen/gconvfifo.rf/grf.rf/gntv_or_sync_fifo.gcx.clkx/gnxpm_cdc.gsync_stage[1].rd_stg_inst/Q_reg_reg[2]/D
                            (rising edge-triggered cell FDCE clocked by dbg_hub/inst/BSCANID.u_xsdbm_id/SWITCH_N_EXT_BSCAN.bscan_inst/SERIES7_BSCAN.bscan_inst/TCK  {rise@0.000ns fall@16.500ns period=33.000ns})
  Path Group:             (none)
  Path Type:              Hold (Min at Fast Process Corner)
  Data Path Delay:        0.542ns  (logic 0.164ns (30.274%)  route 0.378ns (69.726%))
  Logic Levels:           1  (FDCE=1)
  Clock Uncertainty:      0.025ns  ((TSJ^2 + TIJ^2)^1/2 + DJ) / 2 + PE
    Total System Jitter     (TSJ):    0.050ns
    Total Input Jitter      (TIJ):    0.000ns
    Discrete Jitter          (DJ):    0.000ns
    Phase Error              (PE):    0.000ns

    Location             Delay type                Incr(ns)  Path(ns)    Netlist Resource(s)
  -------------------------------------------------------------------    -------------------
    SLICE_X46Y48         FDCE                         0.000     0.000 r  dbg_hub/inst/BSCANID.u_xsdbm_id/CORE_XSDB.UUT_MASTER/U_ICON_INTERFACE/U_CMD6_RD/U_RD_FIFO/SUBCORE_FIFO.xsdbm_v3_0_0_rdfifo_inst/inst_fifo_gen/gconvfifo.rf/grf.rf/gntv_or_sync_fifo.gcx.clkx/gnxpm_cdc.wr_pntr_gc_reg[2]/C
    SLICE_X46Y48         FDCE (Prop_fdce_C_Q)         0.164     0.164 r  dbg_hub/inst/BSCANID.u_xsdbm_id/CORE_XSDB.UUT_MASTER/U_ICON_INTERFACE/U_CMD6_RD/U_RD_FIFO/SUBCORE_FIFO.xsdbm_v3_0_0_rdfifo_inst/inst_fifo_gen/gconvfifo.rf/grf.rf/gntv_or_sync_fifo.gcx.clkx/gnxpm_cdc.wr_pntr_gc_reg[2]/Q
                         net (fo=1, routed)           0.378     0.542    dbg_hub/inst/BSCANID.u_xsdbm_id/CORE_XSDB.UUT_MASTER/U_ICON_INTERFACE/U_CMD6_RD/U_RD_FIFO/SUBCORE_FIFO.xsdbm_v3_0_0_rdfifo_inst/inst_fifo_gen/gconvfifo.rf/grf.rf/gntv_or_sync_fifo.gcx.clkx/gnxpm_cdc.gsync_stage[1].rd_stg_inst/Q[2]
    SLICE_X47Y48         FDCE                                         r  dbg_hub/inst/BSCANID.u_xsdbm_id/CORE_XSDB.UUT_MASTER/U_ICON_INTERFACE/U_CMD6_RD/U_RD_FIFO/SUBCORE_FIFO.xsdbm_v3_0_0_rdfifo_inst/inst_fifo_gen/gconvfifo.rf/grf.rf/gntv_or_sync_fifo.gcx.clkx/gnxpm_cdc.gsync_stage[1].rd_stg_inst/Q_reg_reg[2]/D
  -------------------------------------------------------------------    -------------------

                         (clock dbg_hub/inst/BSCANID.u_xsdbm_id/SWITCH_N_EXT_BSCAN.bscan_inst/SERIES7_BSCAN.bscan_inst/TCK rise edge)
                                                      0.000     0.000 r  
    BSCAN_X0Y0           BSCANE2                      0.000     0.000 r  dbg_hub/inst/BSCANID.u_xsdbm_id/SWITCH_N_EXT_BSCAN.bscan_inst/SERIES7_BSCAN.bscan_inst/TCK
                         net (fo=1, routed)           0.791     0.791    dbg_hub/inst/BSCANID.u_xsdbm_id/tck_bs
    BUFGCTRL_X0Y1        BUFG (Prop_bufg_I_O)         0.029     0.820 r  dbg_hub/inst/BSCANID.u_xsdbm_id/SWITCH_N_EXT_BSCAN.u_bufg_icon_tck/O
                         net (fo=482, routed)         0.835     1.655    dbg_hub/inst/BSCANID.u_xsdbm_id/CORE_XSDB.UUT_MASTER/U_ICON_INTERFACE/U_CMD6_RD/U_RD_FIFO/SUBCORE_FIFO.xsdbm_v3_0_0_rdfifo_inst/inst_fifo_gen/gconvfifo.rf/grf.rf/gntv_or_sync_fifo.gcx.clkx/gnxpm_cdc.gsync_stage[1].rd_stg_inst/rd_clk
    SLICE_X47Y48         FDCE                                         r  dbg_hub/inst/BSCANID.u_xsdbm_id/CORE_XSDB.UUT_MASTER/U_ICON_INTERFACE/U_CMD6_RD/U_RD_FIFO/SUBCORE_FIFO.xsdbm_v3_0_0_rdfifo_inst/inst_fifo_gen/gconvfifo.rf/grf.rf/gntv_or_sync_fifo.gcx.clkx/gnxpm_cdc.gsync_stage[1].rd_stg_inst/Q_reg_reg[2]/C

Slack:                    inf
  Source:                 dbg_hub/inst/BSCANID.u_xsdbm_id/SWITCH_N_EXT_BSCAN.bscan_inst/SERIES7_BSCAN.bscan_inst/RESET
                            (internal pin)
  Destination:            dbg_hub/inst/BSCANID.u_xsdbm_id/SWITCH_N_EXT_BSCAN.bscan_switch/bscanid_reg[11]/R
                            (rising edge-triggered cell FDRE clocked by dbg_hub/inst/BSCANID.u_xsdbm_id/SWITCH_N_EXT_BSCAN.bscan_inst/SERIES7_BSCAN.bscan_inst/TCK  {rise@0.000ns fall@16.500ns period=33.000ns})
  Path Group:             (none)
  Path Type:              Hold (Min at Fast Process Corner)
  Data Path Delay:        0.660ns  (logic 0.000ns (0.000%)  route 0.660ns (100.000%))
  Logic Levels:           0  
  Clock Uncertainty:      0.025ns  ((TSJ^2 + TIJ^2)^1/2 + DJ) / 2 + PE
    Total System Jitter     (TSJ):    0.050ns
    Total Input Jitter      (TIJ):    0.000ns
    Discrete Jitter          (DJ):    0.000ns
    Phase Error              (PE):    0.000ns

    Location             Delay type                Incr(ns)  Path(ns)    Netlist Resource(s)
  -------------------------------------------------------------------    -------------------
    BSCAN_X0Y0           BSCANE2                      0.000     0.000 r  dbg_hub/inst/BSCANID.u_xsdbm_id/SWITCH_N_EXT_BSCAN.bscan_inst/SERIES7_BSCAN.bscan_inst/RESET
                         net (fo=79, routed)          0.660     0.660    dbg_hub/inst/BSCANID.u_xsdbm_id/SWITCH_N_EXT_BSCAN.bscan_switch/s_bscan_reset
    SLICE_X32Y57         FDRE                                         r  dbg_hub/inst/BSCANID.u_xsdbm_id/SWITCH_N_EXT_BSCAN.bscan_switch/bscanid_reg[11]/R
  -------------------------------------------------------------------    -------------------

                         (clock dbg_hub/inst/BSCANID.u_xsdbm_id/SWITCH_N_EXT_BSCAN.bscan_inst/SERIES7_BSCAN.bscan_inst/TCK rise edge)
                                                      0.000     0.000 r  
    BSCAN_X0Y0           BSCANE2                      0.000     0.000 r  dbg_hub/inst/BSCANID.u_xsdbm_id/SWITCH_N_EXT_BSCAN.bscan_inst/SERIES7_BSCAN.bscan_inst/TCK
                         net (fo=1, routed)           0.791     0.791    dbg_hub/inst/BSCANID.u_xsdbm_id/tck_bs
    BUFGCTRL_X0Y1        BUFG (Prop_bufg_I_O)         0.029     0.820 r  dbg_hub/inst/BSCANID.u_xsdbm_id/SWITCH_N_EXT_BSCAN.u_bufg_icon_tck/O
                         net (fo=482, routed)         0.828     1.649    dbg_hub/inst/BSCANID.u_xsdbm_id/SWITCH_N_EXT_BSCAN.bscan_switch/s_bscan_tck
    SLICE_X32Y57         FDRE                                         r  dbg_hub/inst/BSCANID.u_xsdbm_id/SWITCH_N_EXT_BSCAN.bscan_switch/bscanid_reg[11]/C

Slack:                    inf
  Source:                 dbg_hub/inst/BSCANID.u_xsdbm_id/SWITCH_N_EXT_BSCAN.bscan_inst/SERIES7_BSCAN.bscan_inst/RESET
                            (internal pin)
  Destination:            dbg_hub/inst/BSCANID.u_xsdbm_id/SWITCH_N_EXT_BSCAN.bscan_switch/bscanid_reg[4]/R
                            (rising edge-triggered cell FDRE clocked by dbg_hub/inst/BSCANID.u_xsdbm_id/SWITCH_N_EXT_BSCAN.bscan_inst/SERIES7_BSCAN.bscan_inst/TCK  {rise@0.000ns fall@16.500ns period=33.000ns})
  Path Group:             (none)
  Path Type:              Hold (Min at Fast Process Corner)
  Data Path Delay:        0.660ns  (logic 0.000ns (0.000%)  route 0.660ns (100.000%))
  Logic Levels:           0  
  Clock Uncertainty:      0.025ns  ((TSJ^2 + TIJ^2)^1/2 + DJ) / 2 + PE
    Total System Jitter     (TSJ):    0.050ns
    Total Input Jitter      (TIJ):    0.000ns
    Discrete Jitter          (DJ):    0.000ns
    Phase Error              (PE):    0.000ns

    Location             Delay type                Incr(ns)  Path(ns)    Netlist Resource(s)
  -------------------------------------------------------------------    -------------------
    BSCAN_X0Y0           BSCANE2                      0.000     0.000 r  dbg_hub/inst/BSCANID.u_xsdbm_id/SWITCH_N_EXT_BSCAN.bscan_inst/SERIES7_BSCAN.bscan_inst/RESET
                         net (fo=79, routed)          0.660     0.660    dbg_hub/inst/BSCANID.u_xsdbm_id/SWITCH_N_EXT_BSCAN.bscan_switch/s_bscan_reset
    SLICE_X32Y57         FDRE                                         r  dbg_hub/inst/BSCANID.u_xsdbm_id/SWITCH_N_EXT_BSCAN.bscan_switch/bscanid_reg[4]/R
  -------------------------------------------------------------------    -------------------

                         (clock dbg_hub/inst/BSCANID.u_xsdbm_id/SWITCH_N_EXT_BSCAN.bscan_inst/SERIES7_BSCAN.bscan_inst/TCK rise edge)
                                                      0.000     0.000 r  
    BSCAN_X0Y0           BSCANE2                      0.000     0.000 r  dbg_hub/inst/BSCANID.u_xsdbm_id/SWITCH_N_EXT_BSCAN.bscan_inst/SERIES7_BSCAN.bscan_inst/TCK
                         net (fo=1, routed)           0.791     0.791    dbg_hub/inst/BSCANID.u_xsdbm_id/tck_bs
    BUFGCTRL_X0Y1        BUFG (Prop_bufg_I_O)         0.029     0.820 r  dbg_hub/inst/BSCANID.u_xsdbm_id/SWITCH_N_EXT_BSCAN.u_bufg_icon_tck/O
                         net (fo=482, routed)         0.828     1.649    dbg_hub/inst/BSCANID.u_xsdbm_id/SWITCH_N_EXT_BSCAN.bscan_switch/s_bscan_tck
    SLICE_X32Y57         FDRE                                         r  dbg_hub/inst/BSCANID.u_xsdbm_id/SWITCH_N_EXT_BSCAN.bscan_switch/bscanid_reg[4]/C





